BJD_TDB,Flux,Flux_Err,Bkg(ADU),Airmass,Dx(pix),Dy(pix),Peak(ADU),FWHM(pix),GJD_UTC
2460807.8468694715,0.9918564742402362,0.001959055665711682,376.8118270874023,1.2220752,-0.5068960627653569,0.516747305895716,76264.7421875,4.069746655114718,2460807.843598125
2460807.8470487394,0.9930750440180678,0.001958658778590846,372.24014739990236,1.2219063,-0.40898625431838126,0.6009824354929433,76264.7421875,4.083031167344754,2460807.843777396
2460807.847228968,0.9925144428612452,0.0019550117989004536,365.2808868408203,1.2217387,-0.26936463854676074,1.4150960260898813,76264.7421875,4.34772037337446,2460807.843957627
2460807.847409312,0.9934941277539876,0.001951315903561491,357.66597442626954,1.2215643,-0.24017417264401295,0.2673634361340485,76264.7421875,3.8616803107501405,2460807.8441379745
2460807.8475895985,0.9939983339072503,0.001952187118327541,349.9002395629883,1.2213965,-1.4328734095100828,0.8766478434334226,76264.7421875,3.5453407357170543,2460807.8443182637
2460807.8477699896,0.9911657383509339,0.0019446352298248752,344.740983581543,1.2212302,-0.8836791168887395,0.30137956964966883,76264.7421875,4.062882295659925,2460807.8444986576
2460807.847949199,0.9915650703041639,0.0019376627450596112,338.29296417236327,1.2210642,0.11275402835846732,1.122493947667139,76264.7421875,4.34688844667985,2460807.84467787
2460807.848128363,0.9950455423552096,0.0019430373018788005,339.37749633789065,1.2208965,-0.6322878669707798,-0.09661780228569325,76264.7421875,4.190246398769187,2460807.844857037
2460807.848310027,0.9918536997267307,0.001937356170350432,335.18719787597655,1.2207295,-0.5845151213946672,0.39526106333927197,76264.7421875,4.21142808987546,2460807.8450387036
2460807.848490232,0.9923138843584648,0.0019391210544227441,333.4127471923828,1.2205652,-0.2844406659276404,0.5606398761941934,76264.7421875,4.096152658081563,2460807.845218912
2460807.8486709003,0.9901047804675407,0.001940419420216359,336.877294921875,1.2204012,-0.8089415286019246,1.3522100207023757,76264.7421875,3.9102234672701295,2460807.845399583
2460807.8488501916,0.9894068581249524,0.001936898423293067,326.8510223388672,1.2202389,-0.03419829743521095,0.5254304614501392,76264.7421875,3.9250909132541283,2460807.8455788773
2460807.849029251,0.9919439692430202,0.0019365311508562516,323.2384506225586,1.2200774,-0.5433535478472621,0.594234921298626,76264.7421875,3.8843653397971662,2460807.84575794
2460807.849208727,0.9935493238943264,0.0019330532291276382,324.022639465332,1.2199159,-0.13839610511174652,0.19461608644800943,76264.7421875,4.344756113986331,2460807.8459374188
2460807.849387937,0.9913767640430241,0.0019172924809930548,321.8616882324219,1.2197558,1.2509348440470227,-2.166771602699459,76264.7421875,4.994373886720281,2460807.8461166318
2460807.849568328,0.9928998285223328,0.0019209578540260663,322.51371002197266,1.2195929,0.44849496379416814,0.2688931848172362,76264.7421875,4.666289728485352,2460807.8462970257
2460807.849749783,0.9941886368065043,0.0019179105216974451,320.17562713623045,1.2194324,0.6803690813907955,-3.0360379429617637,76264.7421875,4.801824588109605,2460807.8464784836
2460807.84993022,0.9926375967495445,0.0019184050802166827,312.63484649658204,1.2192727,1.6303408592661297,-2.7333159483952865,76264.7421875,4.620540097251074,2460807.8466589237
2460807.850111004,0.9935032440442343,0.0019239997544838942,314.4581024169922,1.2191147,0.322684458099872,-2.448500683429812,76264.7421875,4.412389873842109,2460807.8468397106
2460807.850289936,0.9918078721250958,0.0019146687940070706,315.6513366699219,1.2189561,1.2255872210058045,-2.8542731005690856,76264.7421875,5.274251826739862,2460807.8470186456
2460807.850469794,0.9926920326341568,0.0019204034835129896,313.2916625976562,1.2187996,-0.971346986280352,-0.26606502910210245,76264.7421875,4.509361109885897,2460807.847198507
2460807.8506490043,0.9914972766230727,0.0019180249713219306,310.88903045654297,1.2186445,-0.6063191101213122,-0.18862079632576348,76264.7421875,4.537421279235322,2460807.84737772
2460807.8508283533,0.9897578585731028,0.0019266595863678558,309.16114501953126,1.2184898,-0.1834887709550084,-0.09109760255647145,76264.7421875,4.179724035476458,2460807.8475570716
2460807.8510074476,0.9911500895310542,0.001913159494438213,307.2552856445312,1.2183364,-0.0667946525885888,-0.1116201825823718,76264.7421875,4.596409660664448,2460807.847736169
2460807.851186901,0.9926857063342,0.0019099686612140492,305.93016357421874,1.2181809,2.0595118068325284,-3.607797609015901,76264.7421875,4.614108397191203,2460807.847915625
2460807.8513658214,0.9933544931812247,0.0019102808265408346,304.3184753417969,1.2180286,1.5086126086792233,-2.6499081550383212,76264.7421875,4.561938987631433,2460807.8480945486
2460807.851546281,0.9916628304970184,0.0019070291808592206,302.6995223999023,1.2178771,1.627877421112602,-1.8985200186831748,76264.7421875,4.768322561103048,2460807.8482750114
2460807.851725862,0.9911346107982568,0.001902312575656851,301.38885498046875,1.2177253,1.363462737267032,-2.643763646117364,76264.7421875,4.991236815595608,2460807.848454595
2460807.851904887,0.9914466769912399,0.001909631398525535,300.21295776367185,1.2175728,1.8762133080564274,-3.553886699310736,76264.7421875,4.837904682530247,2460807.8486336228
2460807.852085034,0.9919933594851504,0.0019080367083929809,298.80977020263674,1.2174239,0.9859161552125669,-2.214834078138333,76264.7421875,4.855798815562448,2460807.848813773
2460807.852271536,0.9902772666412836,0.0019146444482529166,297.6882949829102,1.2172679,1.59943572575093,-2.1830902206859557,76264.7421875,4.454698218753146,2460807.849000278
2460807.8524493915,0.9903414168831839,0.0019244129063102002,296.58374176025393,1.217119,-0.7429779901947458,0.2803999085497982,76264.7421875,3.7988586660865544,2460807.849178137
2460807.852627502,0.993413122295227,0.0019219457123941816,295.80746307373045,1.2169715,0.07136949153348887,-0.5260589725054932,76264.7421875,4.184353152625572,2460807.84935625
2460807.8528066194,0.991897438441335,0.0019210001381763926,294.923291015625,1.2168254,-0.1264777255360782,1.210360678241927,76264.7421875,4.2577338555475714,2460807.8495353702
2460807.852984684,0.9923049113902123,0.0019231664916698333,293.7105316162109,1.2166793,-0.303376172180272,0.8071300864739566,76264.7421875,4.240355520299326,2460807.8497134377
2460807.8531624237,0.9917703406127527,0.0019155790984637963,292.93623809814454,1.2165342,0.44819277901596116,-0.11100133526133951,76264.7421875,4.488577797429081,2460807.8498911806
2460807.853340569,0.991983152080978,0.0019213369238155734,291.8366455078125,1.2163897,-0.30026080737553545,0.8272109128861242,76264.7421875,3.9419442541783645,2460807.8500693287
2460807.853518564,0.9917476836790715,0.0019254988837269838,291.3835144042969,1.2162462,0.12998690612309668,0.5856289460207345,76264.7421875,3.671492291685538,2460807.8502473263
2460807.853696975,0.9904442359439855,0.0019221764480753813,290.84479370117185,1.2161032,0.23235596652978674,0.4783945756188359,76264.7421875,3.6157622701095176,2460807.8504257407
2460807.8538746457,0.9914170852797235,0.0019182459242874314,290.286555480957,1.215963,0.11302924012430848,0.6257075529916931,76264.7421875,4.109405572020803,2460807.8506034142
2460807.854052791,0.9916536589765692,0.001921280676391432,289.61005249023435,1.215821,0.21723954312397217,0.2896091523885267,76264.7421875,3.759269979288919,2460807.8507815623
2460807.854230705,0.9933804295310756,0.0019226334210757483,288.7536865234375,1.2156792,-0.10882871003353986,0.684523020167501,76264.7421875,3.6586218662662082,2460807.8509594793
2460807.8544086996,0.992042760505519,0.0019203820059356675,288.1427291870117,1.2155377,-0.12104096458281594,0.0423954218132683,76264.7421875,3.9401861375127565,2460807.851137477
2460807.8545866944,0.9922682684794346,0.0019199842147849125,287.2035430908203,1.2154025,-0.3430974563102835,0.086103538074173,76264.7421875,4.060389804232064,2460807.8513154746
2460807.854768312,0.9885704889228748,0.0019157820998882472,286.3087860107422,1.2152594,2.396625433918902,-2.5101260954574895,76264.7421875,4.020156684693893,2460807.851497095
2460807.854946376,0.9881480850384121,0.0019202985824815421,286.01145935058594,1.2151185,0.0761599275775104,0.6862190301046882,76264.7421875,4.033607188800871,2460807.851675162
2460807.8551245094,0.9909830133197339,0.0019198119683603912,285.81209869384764,1.2149839,0.7290441231168913,0.9627728988676334,76264.7421875,3.9892116263649084,2460807.8518532985
2460807.8553467626,0.9918240532448768,0.001919465162531027,285.2820983886719,1.2148132,-0.21827323734903245,0.08529184576726977,76264.7421875,3.7670055744819524,2460807.8520755554
2460807.8555248156,0.9928134237051472,0.0019195600814380417,285.1357666015625,1.2146776,0.49472488306936335,0.6871819324668295,76264.7421875,3.720145221912596,2460807.852253611
2460807.855702926,0.9923387829040111,0.001914083342323417,284.8551315307617,1.2145416,0.128704652009438,0.5134947443401722,76264.7421875,4.151912253299891,2460807.8524317243
2460807.8558827145,0.9912948173578129,0.0019016680883384817,284.8436080932617,1.2144044,1.5091050958323093,-2.2460657502293855,76264.7421875,4.581262331825719,2460807.852611516
2460807.8560611955,0.9909542935255684,0.0018970724178437345,284.15736236572263,1.214273,1.9278239758237297,-2.2704081106974625,76264.7421875,5.032990303431803,2460807.85279
2460807.8562392485,0.9928449284423185,0.0019094854413546172,284.0987380981445,1.214137,1.6134117473865448,-1.567724743664469,76264.7421875,4.490899605937708,2460807.8529680558
2460807.8564184466,0.9914718792206768,0.0018954806015799056,283.5112762451172,1.2140038,2.0394450790375402,-3.173595695071091,76264.7421875,4.877500199100564,2460807.853147257
2460807.8565963833,0.9919517725471202,0.0018970867066801446,282.0630935668945,1.2138738,1.3545834039380025,-2.9926104290565263,76264.7421875,5.510712819349349,2460807.8533251965
2460807.8567746216,0.9875499913427596,0.0019019437892092955,282.52055206298826,1.2137431,2.287978111229861,-2.783850288690579,76264.7421875,4.406937581575259,2460807.8535034377
2460807.8569538426,0.9895491900648449,0.0019017281153839763,282.18421173095703,1.2136117,1.4385300019680078,-2.943775545898511,76264.7421875,4.522201325891542,2460807.853682662
2460807.857131745,0.991557805281049,0.0019054537740286995,281.67748260498047,1.2134815,1.3647544735016697,-2.2510313120640366,76264.7421875,4.194304440825608,2460807.8538605673
2460807.8573098094,0.9889846296895951,0.0018909642257576452,281.43001556396484,1.2133522,2.0194850161714744,-2.3085075478921073,76264.7421875,5.368290934516583,2460807.8540386343
2460807.857487688,0.9892858177618006,0.001895702573988007,280.9618453979492,1.2132237,2.155371486281328,-2.4950357214717584,76264.7421875,5.089643429140766,2460807.854216516
2460807.857665741,0.9909840741260778,0.0018842018119892383,280.9082534790039,1.2130963,1.4938811379121337,-2.2715394665877113,76264.7421875,5.482069730381943,2460807.854394572
2460807.857843851,0.9879168968818715,0.0018928210397932683,280.5841690063477,1.2129688,1.3974939523032663,-1.7270707206951663,76264.7421875,4.93294442672791,2460807.854572685
2460807.858021754,0.9894556760790056,0.0019028622386124113,280.02797546386716,1.2128425,1.8243784504835312,-3.4337137903480994,76264.7421875,4.54520422760983,2460807.8547505904
2460807.8581996555,0.9898635862857805,0.001902854510407496,279.8665435791016,1.2127196,0.6004512811655401,0.8414317277006055,76264.7421875,4.328606564616126,2460807.8549284954
2460807.8583777198,0.9901735703168912,0.001892972236230013,279.71095886230466,1.2125918,2.3694890083164695,-2.566693973624737,76264.7421875,4.959857147254013,2460807.8551065624
2460807.8585557495,0.9919664809172111,0.0019013988115167341,279.42665100097656,1.2124699,1.9255024140521138,-3.8135407040523552,76264.7421875,4.801457081917059,2460807.855284595
2460807.858733698,0.9930577382539503,0.001898510801790353,279.06629791259763,1.2123438,1.7633700121584717,-2.3421610273183746,76264.7421875,4.667832565658098,2460807.8554625465
2460807.8589118198,0.9926311200561246,0.0019150272584994843,278.9234222412109,1.2122221,0.4255398854075539,0.2911159141209683,76264.7421875,3.7379229264293476,2460807.855640671
2460807.8590897685,0.9897863577964665,0.001917351599431958,278.6290588378906,1.212101,0.07601752102568501,0.5730963952421984,76264.7421875,3.6916005079631447,2460807.8558186227
2460807.859267601,0.9921991914589459,0.0019173975422542716,278.33276214599607,1.211978,0.3803422211095086,-0.29689864697233725,76264.7421875,3.9128015766363835,2460807.8559964583
2460807.8594457232,0.9922375935800509,0.0019178548228234052,277.91948852539065,1.2118585,-0.27899389155242293,0.8133308178086702,76264.7421875,3.4098156426856137,2460807.8561745835
2460807.859623845,0.9899637904330508,0.0019163602986105631,277.96264495849607,1.2117377,0.31978921823206247,0.1639099551600568,76264.7421875,3.8568957395090306,2460807.8563527083
2460807.8598030903,0.9916713283097681,0.0019167904293588675,277.75532989501954,1.2116155,0.13341746992063955,0.10982147196807378,76264.7421875,3.6800904366961893,2460807.8565319562
2460807.8599808877,0.9901102019303195,0.001914265515077586,277.8826736450195,1.2114982,0.968245026155656,0.3136072502516231,76264.7421875,3.8716294422338393,2460807.856709757
2460807.8601588015,0.9906722231295971,0.001914063341703014,277.74207763671876,1.2113813,0.28849976870523336,-0.15770829724451466,76264.7421875,4.003757375661328,2460807.8568876735
2460807.8603370395,0.989226863629407,0.0019085135767284243,277.61491241455076,1.2112629,0.25855535778992944,0.5575522476529468,76264.7421875,4.844742608922839,2460807.857065914
2460807.860514953,0.9935579250394115,0.0019143583903683448,277.4844253540039,1.2111464,-0.11988031421679225,0.12004397633572475,76264.7421875,3.8648735171171174,2460807.857243831
2460807.860692971,0.9947033159731362,0.0019159653603491322,277.6301544189453,1.2110306,0.15122605687466195,0.3635219490026177,76264.7421875,3.7578705231671705,2460807.8574218517
2460807.860870943,0.9906161682084987,0.0019143551296467458,277.4350128173828,1.2109156,0.058749214346502425,-0.2671397286534252,76264.7421875,4.179579099842643,2460807.8575998265
2460807.8610489373,0.9893532756376442,0.001913404529712839,277.53426361083984,1.2108011,1.8605414786114334,-2.192636510414957,76264.7421875,4.2309624923633375,2460807.857777824
2460807.861249015,0.9882676300375249,0.001914033438052681,277.5700164794922,1.2106722,0.1496418734602,-0.11210727165670632,76264.7421875,4.017605207639499,2460807.8579779053
2460807.86142701,0.9923301769380445,0.0019104889793071199,277.6842895507813,1.2105583,0.34560379608076236,0.2245063692849582,76264.7421875,4.336838226647457,2460807.858155903
2460807.8616051204,0.9889081252049421,0.0019142358431831214,277.3171875,1.2104454,0.2780290309239111,-0.08229249980500405,76264.7421875,4.450327581273459,2460807.858334016
2460807.8617843534,0.9922432399021612,0.0019149982753249098,277.39050140380857,1.2103327,0.43959602404425036,0.4953436933751003,76264.7421875,3.9249277070691564,2460807.8585132523
2460807.861962626,0.9900059154190226,0.0019137559938525745,277.5695281982422,1.2102212,-0.27551867618566417,-0.37763325244556106,76264.7421875,4.232116785914809,2460807.858691528
2460807.8621406327,0.9885986872536396,0.0019077649058031093,277.55114898681643,1.2101096,0.6838538318645513,-0.09944760234509499,76264.7421875,4.4063470723113705,2460807.8588695372
2460807.862318569,0.9910131215625257,0.0019094170284328913,277.5525238037109,1.2100014,1.6179899853255044,-2.3194398959782196,76264.7421875,4.111068841517919,2460807.8590474767
2460807.862496807,0.9930613703877568,0.0018982424800728093,278.23126220703125,1.2098913,2.099870071534266,-3.0684468661555244,76264.7421875,4.991313388794002,2460807.8592257174
2460807.8626746745,0.9900342342422481,0.001897002962180825,277.83446197509767,1.2097826,1.2328727062526297,-2.060263374353896,76264.7421875,4.937621292314057,2460807.859403588
2460807.8628538963,0.9912863670066477,0.00189226893927312,278.02763214111326,1.2096749,1.6137998879541768,-2.9330491153107308,76264.7421875,5.271344180250976,2460807.8595828125
2460807.863031995,0.9912264655900999,0.0018924528338498618,278.21425476074216,1.2095678,2.154342120256992,-2.309483128694769,76264.7421875,5.338240483635545,2460807.8597609145
2460807.8632113324,0.9907431921914001,0.0018889132290716933,278.3260726928711,1.2094594,1.666830733834567,-3.550768635837375,76264.7421875,5.725533130280353,2460807.8599402546
2460807.8633892345,0.9938398207708842,0.001890570264798923,278.15233612060547,1.2093548,1.9289302572654923,-3.1686878273542436,76264.7421875,5.569801741582665,2460807.8601181596
2460807.863567345,0.991596829986577,0.0018893979898665478,277.9481002807617,1.2092495,2.012942443499971,-3.8743947917504586,76264.7421875,5.700546441894087,2460807.860296273
2460807.863745247,0.9906023725850931,0.0018919132857990162,278.1951965332031,1.2091447,1.4736742579813145,-2.702694630294744,76264.7421875,5.419074308098499,2460807.860474178
2460807.863923462,0.9915994381960546,0.0019009702348410154,278.1483642578125,1.2090395,1.6688943360583464,-3.253067929881644,76264.7421875,5.129740385626801,2460807.860652396
2460807.864107336,0.9876396764855593,0.0019001477328895139,277.8717636108398,1.2089354,2.3802047396490797,-2.065758644452602,76264.7421875,5.1395057029705375,2460807.860836273
2460807.8642851687,0.992956004363399,0.0019011569958675542,277.8438217163086,1.2088324,2.2035134240731087,-2.6678400826992825,76264.7421875,4.750520713001032,2460807.8610141086
2460807.864465536,0.9925956627581353,0.0019025237435669113,277.47969818115234,1.2087296,1.3284679980599727,-2.278657311027637,76264.7421875,4.4995322878345,2460807.8611944793
2460807.864643739,0.9912239540643059,0.0018984300262399859,277.16636962890624,1.2086282,2.053366904642557,-2.8955440205898304,76264.7421875,5.0159041532488295,2460807.861372685
2460807.864821595,0.9916481083001245,0.0018967095111927978,278.48341217041013,1.2085273,0.6187326736262015,-0.4163058547687302,76264.7421875,5.00037037629604,2460807.861550544
2460807.8649995322,0.9940130372445067,0.0019044838136622593,278.13777618408204,1.2084273,1.8335242344181355,-2.0976304368559755,76264.7421875,4.634821094879622,2460807.861728484
2460807.865177677,0.994029188982007,0.00190317754548642,278.21230163574216,1.2083279,1.8653359868772654,-2.763438805383356,76264.7421875,4.535440309098532,2460807.861906632
2460807.8653556257,0.9919870910774362,0.0018912247741479657,278.3454330444336,1.2082312,1.1260972818011392,-3.0246944828053604,76264.7421875,5.268249130367687,2460807.8620845834
2460807.8655347894,0.9925284276107578,0.0019132599864657976,278.30496978759766,1.2081313,0.5243581596792862,-0.09669446912237059,76264.7421875,4.1502010266487686,2460807.86226375
2460807.865712807,0.9912167306773774,0.0019135718507986542,278.3757293701172,1.2080343,0.49051364243843393,0.28276040516427586,76264.7421875,4.122864803510402,2460807.8624417707
2460807.8658906287,0.9936150507144181,0.0019158435123270568,278.8323699951172,1.2079386,0.6225515823967107,0.04611862520703417,76264.7421875,3.919325018702801,2460807.862619595
2460807.86606882,0.9924687001994713,0.0019162280410875846,278.4663513183594,1.2078426,0.5075898312387219,0.8312213619801752,76264.7421875,3.93195517823067,2460807.8627977893
2460807.8662467916,0.9887366865432072,0.0019096744123539245,278.5635559082031,1.2077476,2.17990885277376,-3.1363855435506673,76264.7421875,4.620503481941107,2460807.862975764
2460807.866424937,0.9899325250907046,0.0019114922710642183,278.58471221923827,1.2076528,-0.0034676214920745154,0.25382722369211996,76264.7421875,4.138563233468999,2460807.863153912
2460807.866602712,0.9902837585260299,0.001910193597890593,278.38746490478513,1.2075578,0.7852499436984459,-2.4724436126629006,76264.7421875,4.5126762117872525,2460807.86333169
2460807.866780764,0.9926892146734495,0.0019083737987106986,278.2939849853516,1.2074649,2.374495888028257,-3.80050382904845,76264.7421875,4.607059554044578,2460807.8635097453
2460807.8669588864,0.9901851974830459,0.0019134638582077367,278.2926055908203,1.2073736,1.133604827634744,-0.12424612599939758,76264.7421875,4.4075999018887995,2460807.8636878706
2460807.8671379574,0.9906121293439497,0.0019099879231208113,278.68080139160156,1.2072816,1.1513027646858471,-2.1241684462060264,76264.7421875,4.422923606911147,2460807.8638669443
2460807.867316056,0.9919323411903739,0.001909627631819667,278.28949279785155,1.2071887,2.2405454271549607,-2.1943127287073647,76264.7421875,4.450987721499598,2460807.8640450463
2460807.8674941785,0.9917023725121445,0.0019109650031154455,278.38981475830076,1.2071003,2.3300363318518476,-3.1598055331184436,76264.7421875,4.53250811056978,2460807.8642231715
2460807.867672034,0.9927530283806549,0.001909014885546507,278.53346252441406,1.2070101,0.10511977346201161,0.5731506529906492,76264.7421875,4.654480656158225,2460807.86440103
2460807.8678503763,0.9917610242073491,0.0019163645328253158,278.23599395751955,1.206921,0.8183933199119757,0.23863283756243767,76264.7421875,3.7961603565011344,2460807.864579375
2460807.8680282435,0.9926652340151739,0.0019140418933445964,278.3596466064453,1.206831,0.39540994910519545,-0.18481419486144987,76264.7421875,4.316805693399182,2460807.8647572454
2460807.8682061457,0.9920341388817806,0.0019063270982366124,278.42420501708983,1.2067452,1.4212926172724196,-3.7649716394436394,76264.7421875,4.8480691631816235,2460807.8649351504
2460807.8683842565,0.991747626661705,0.001908027714538046,278.26241302490234,1.2066565,0.6028776869471075,0.887529768604033,76264.7421875,5.2655987867893295,2460807.865113264
2460807.8685622276,0.9917628766055654,0.0019076460663637253,278.53050231933594,1.2065721,2.2816584064656626,-3.6265743334911744,76264.7421875,4.429217026122159,2460807.8652912383
2460807.8687402573,0.9907257729250649,0.001914161310724773,278.5414108276367,1.2064847,0.15980256482098634,0.09288839116315879,76264.7421875,4.015935530869417,2460807.865469271
2460807.8689183565,0.9913997071097882,0.0019022431438973297,278.5453475952148,1.2063995,2.5042983676070873,-2.5699921613101226,76264.7421875,4.832961273350754,2460807.865647373
2460807.869096397,0.992207732495875,0.0019008077572009376,278.97108306884763,1.2063157,1.7533974572118005,-3.8010977263783237,76264.7421875,5.171912643369798,2460807.8658254165
2460807.869274172,0.9936121267861266,0.0019018966261766437,279.2289474487305,1.2062323,1.7748139449720117,-3.8325597416596,76264.7421875,4.802892154694229,2460807.8660031944
2460807.869453301,0.9919615069304083,0.0019043283272244963,279.3643035888672,1.206148,0.7826637604715226,0.8278964171548767,76264.7421875,4.818959777044962,2460807.8661823263
2460807.869631423,0.9913976867119336,0.0019016604243572946,279.7046615600586,1.2060671,2.1400138768764556,-3.3361152507992893,76264.7421875,4.901188750774448,2460807.8663604516
2460807.869809418,0.9927536735673781,0.0018865224026187394,280.02777099609375,1.2059839,2.2262082813189665,-2.2882471928885377,76264.7421875,6.0791768124856675,2460807.866538449
2460807.869987274,0.9918734255489934,0.0018974588622297736,280.2172256469727,1.2059045,1.7204793534976912,-2.4154289445691197,76264.7421875,5.25789126964483,2460807.866716308
2460807.870166449,0.9907641941889864,0.0019047907615299213,280.2351593017578,1.2058221,0.25205325539182255,0.2803459663305493,76264.7421875,4.610335071600354,2460807.866895486
2460807.8703444786,0.9903672234779701,0.0019047118877655307,280.5707580566406,1.2057421,1.882823697464679,-3.2935240984664467,76264.7421875,4.666310043157677,2460807.8670735187
2460807.870522404,0.9906433499396207,0.0019002038998041004,280.77159423828124,1.2056641,2.1362741064320176,-2.176112569970461,76264.7421875,4.639922869859763,2460807.867251447
2460807.870700387,0.9912346756377347,0.0019148966144507103,280.88717498779295,1.2055855,1.121290471069071,0.5357936539075627,76264.7421875,4.075280133036754,2460807.867429433
2460807.8708784394,0.9938928975195216,0.001915453729145664,281.06469268798827,1.2055063,0.3887878222692957,0.2854383346741042,76264.7421875,4.156519277045548,2460807.8676074883
2460807.871056388,0.9918056145817744,0.0019037686758641417,281.2294158935547,1.2054307,2.2959329870087943,-2.766321976561846,76264.7421875,4.512848984736195,2460807.86778544
2460807.8712426694,0.9938109103903865,0.0019064425837389434,281.5687911987305,1.2053517,2.242462408650889,-2.4405433129709575,76264.7421875,4.518809597832641,2460807.8679717244
2460807.8714207225,0.9924216792067742,0.0019064580601122103,281.50038452148436,1.2052751,2.349782354056737,-2.164992506073868,76264.7421875,4.494269576401382,2460807.86814978
2460807.871599643,0.9884182883539722,0.0019019968441732716,281.62288360595704,1.2051997,1.0047359757921268,-0.8629924440186696,76264.7421875,4.644058530838075,2460807.8683287036
2460807.8717778577,0.9924588213811156,0.0019065944290241018,281.80881958007814,1.2051239,1.9057691577800102,-2.9081846778538494,76264.7421875,4.934818386522679,2460807.8685069215
2460807.8719560606,0.9921622638301067,0.0019052360916540277,282.2871841430664,1.2050501,2.246494452551886,-3.1353344762120408,76264.7421875,4.964581954337926,2460807.8686851272
2460807.8721339167,0.9946024269287279,0.0019161944688537488,282.1581069946289,1.2049777,1.2273020736929885,-0.1915954257517695,76264.7421875,4.102604838125327,2460807.868862986
2460807.872311749,0.9942146659286688,0.0019182801738316245,282.6675323486328,1.2049055,0.5442836448010108,0.38353890689291087,76264.7421875,4.18603523510697,2460807.8690408217
2460807.8724897094,0.9940872926155122,0.0019187318118912289,282.8142333984375,1.2048341,0.401912323497565,0.4127983316254423,76264.7421875,3.963643930996486,2460807.869218785
2460807.8726677275,0.995398174905283,0.0019186241475516428,283.0461669921875,1.2047626,0.6946228657116265,-0.0014602342011394358,76264.7421875,3.9503642323724404,2460807.8693968058
2460807.8728468213,0.9915815957523587,0.0019176747888831,283.43070526123046,1.2046925,0.823838687755218,-0.054191836431315046,76264.7421875,4.204385805193078,2460807.869575903
2460807.873024793,0.9907807776804091,0.0019167142632449078,283.87799072265625,1.2046228,1.1550571002362546,-0.08308290912640942,76264.7421875,4.168353093989705,2460807.869753877
2460807.8732029614,0.9924950452623875,0.0019174225194319562,284.1465377807617,1.2045525,1.1343319248274608,0.07404573716372465,76264.7421875,4.033586215513728,2460807.8699320485
2460807.873380979,0.9938573151674114,0.0019147913174315657,283.88199920654296,1.2044854,-0.02313454459659283,0.13968832659269106,76264.7421875,4.490137749857602,2460807.8701100694
2460807.8735602703,0.9917444841428749,0.0019104849572164177,284.4457122802734,1.2044165,2.326491103700762,-2.567872417637263,76264.7421875,4.820209017183535,2460807.8702893634
2460807.8737381264,0.9935156216181319,0.0019190354254301082,284.5923248291016,1.2043494,0.9021727523937493,0.06916473350055449,76264.7421875,4.268570409371879,2460807.8704672223
2460807.873916283,0.9931702343260913,0.0019209301775326684,284.85306854248046,1.2042829,0.5814031698692449,0.7466812060035903,76264.7421875,3.9012302015499865,2460807.870645382
2460807.8740944047,0.9941462546775803,0.0019204822977239501,285.3375076293945,1.2042182,1.2930712829055637,0.31415345742897355,76264.7421875,3.8575033145067095,2460807.8708235067
2460807.87427233,0.9932929671876876,0.0019216152815831303,285.7884460449219,1.2041517,0.28277804982260935,0.1653106399952733,76264.7421875,3.5977812474654045,2460807.871001435
2460807.8744501974,0.9930888896860023,0.0019204790877948253,286.08990783691405,1.2040875,0.6973188974956263,-0.1502162478851006,76264.7421875,4.208800930234602,2460807.8711793055
2460807.8746285164,0.9921956549538057,0.0019196037748267555,286.4059631347656,1.2040246,0.8970610874445458,0.24093950477583198,76264.7421875,4.1217393426777225,2460807.871357627
2460807.8748059673,0.9908378127204202,0.0019193902747280008,286.5592987060547,1.2039604,0.6994692794569116,0.11927018270716215,76264.7421875,3.7797390732082423,2460807.871535081
2460807.8749841703,0.9935029318284617,0.0019178904322789776,286.9034942626953,1.2038991,0.49790393442493436,-0.12525776363338464,76264.7421875,4.225954439746573,2460807.871713287
2460807.8751620376,0.9917725908170185,0.0019191865554037074,287.2041442871094,1.203836,1.176236509637202,0.3979795847916343,76264.7421875,4.034586068207919,2460807.8718911572
2460807.875339963,0.992668399814724,0.0019194136961996195,287.4579879760742,1.2037766,0.8999652380299064,0.4342178205167522,76264.7421875,4.140085550840505,2460807.8720690855
2460807.8755192654,0.9896510862627572,0.0019122449177150478,288.1187225341797,1.2037148,0.6912313985918105,-0.434812435785233,76264.7421875,4.912235395404672,2460807.872248391
2460807.875697353,0.9913064314918258,0.0019086401681501725,288.55391387939454,1.2036547,2.222254848631092,-3.0601785978318836,76264.7421875,4.971920567802663,2460807.8724264815
2460807.875875209,0.9945725410609555,0.001901913083812073,288.97525177001955,1.2035958,2.2341740675211397,-2.5486727836015874,76264.7421875,4.8561775106004195,2460807.8726043403
2460807.8760533654,0.989055905128676,0.0018971699056546192,289.0943115234375,1.2035365,2.2406030448560057,-3.0814090400349943,76264.7421875,5.226133553342754,2460807.8727825
2460807.8762311637,0.9909662680059573,0.0019116834454552384,289.4298385620117,1.2034798,0.6080963934608241,-1.0153288355965004,76264.7421875,4.656219892796549,2460807.872960301
2460807.8764092512,0.9891099352256454,0.0019140063843443651,289.68057403564455,1.2034228,0.5215760904392125,0.030841005313785058,76264.7421875,4.3108239367700465,2460807.8731383914
2460807.876587153,0.9906811702865211,0.0019069521267501993,290.26825256347655,1.203366,2.4150963887359795,-3.610741238285848,76264.7421875,4.598632056029858,2460807.8733162964
2460807.876766178,0.9923282705108771,0.0019075425724232212,290.9126998901367,1.2033089,1.6751889058525402,0.18404638822810332,76264.7421875,4.771927576714398,2460807.873495324
2460807.876944485,0.9923144476343924,0.0019199564806023028,291.2228408813477,1.2032543,1.2740181487024078,0.8205424451959469,76264.7421875,3.9748912677882644,2460807.873673634
2460807.8771236716,0.9909001110581083,0.001919360135334654,291.4960540771484,1.203199,0.9768678535265605,0.02124250776771317,76264.7421875,4.373494797450544,2460807.873852824
2460807.877302697,0.9909168490442762,0.0019171817430957536,291.45987396240236,1.2031452,0.8556492249987077,-0.19397766956839338,76264.7421875,4.3002939819694,2460807.874031852
2460807.8774806918,0.9905076992971615,0.0019033878205856765,291.76495971679685,1.2030923,1.783591639101979,-2.9549254278069887,76264.7421875,5.4691924471671,2460807.8742098496
2460807.877659797,0.9911969423746961,0.0019131756698935714,292.36229553222654,1.20304,0.8470546760544532,0.4336860362524291,76264.7421875,4.5677081299648,2460807.8743889583
2460807.877837989,0.993721227944516,0.0019129430861261829,292.99561462402346,1.2029873,0.8482909379897647,-0.5845319802719413,76264.7421875,4.76594784525713,2460807.874567153
2460807.878015729,0.9927345768260487,0.001910758436614915,293.42855072021484,1.2029355,1.7803043566033698,0.4881204157713635,76264.7421875,4.8727136689173856,2460807.874744896
2460807.878193793,0.9908554232084053,0.0019114137564901813,293.4114334106445,1.2028864,1.6599334151989034,-2.3330537692880933,76264.7421875,4.671992915497108,2460807.874922963
2460807.878372922,0.9926323525073131,0.0019078208625065197,293.96595611572263,1.2028357,2.5537952204708056,-2.458713551773457,76264.7421875,4.844461428241993,2460807.875102095
2460807.878550859,0.9913018059303403,0.00191330764643295,293.95778198242186,1.2027865,0.3680518482055319,-0.7283391766399183,76264.7421875,4.3402442992784405,2460807.8752800347
2460807.878729039,0.9913017032181097,0.0019221280759113856,293.9142501831055,1.2027382,0.8277731465219339,-0.11265499284525339,76264.7421875,4.123168575720674,2460807.8754582177
2460807.878907925,0.9903075427800417,0.0019217802663455891,293.80841674804685,1.2026893,0.4128601634491105,0.1581403805992817,76264.7421875,4.210688281955805,2460807.8756371066
2460807.879086001,0.9924135270680057,0.0019170557795545736,294.3393844604492,1.2026428,1.0273397070908183,0.14824612639518814,76264.7421875,4.389955418236098,2460807.8758151853
2460807.879263914,0.9923979324557095,0.0019230662995815243,294.24914093017577,1.2025959,0.8899900563511025,0.024739357367602872,76264.7421875,3.9550446749777453,2460807.875993102
2460807.8794418513,0.9940318009836588,0.0019233798655144795,294.1792388916016,1.2025498,0.5828311655742147,0.6698497303535748,76264.7421875,3.9451963529300085,2460807.8761710417
2460807.8796199155,0.9933677295450184,0.0019238133781863676,294.090510559082,1.2025051,0.9975487345055833,0.08069447749613089,76264.7421875,3.986111610014015,2460807.8763491088
2460807.8797983383,0.991614803181996,0.0019232332483071486,294.54085235595704,1.2024596,0.9260139894167705,-0.24438362884892179,76264.7421875,4.0696711715186105,2460807.876527535
2460807.8799769813,0.9905816205321515,0.0019198873810092707,294.8222091674805,1.2024157,0.4265993339926648,-0.262669850147215,76264.7421875,3.989576175972369,2460807.8767061806
2460807.8801551033,0.9908321657612451,0.0019238992026719573,295.07571868896486,1.2023725,0.9270056595150458,0.18733624731227758,76264.7421875,3.7961503877505316,2460807.8768843054
2460807.8803332252,0.9918258450573005,0.0019217468940049389,295.3714904785156,1.2023292,0.7779317279667243,0.9778717965057436,76264.7421875,3.9954053753922905,2460807.8770624306
2460807.8805122618,0.9913479947846313,0.0019219373032239237,295.45421600341797,1.2022873,1.1732366466866089,0.17615149320036294,76264.7421875,4.097611137061794,2460807.87724147
2460807.880690361,0.9919812620757287,0.001923014505310027,295.59390411376955,1.2022462,1.327782619318708,0.10536948642598049,76264.7421875,4.02260107966919,2460807.877419572
2460807.8808680773,0.9903197415285614,0.0019199593791391952,295.81506805419923,1.2022055,1.10598666453521,0.47435045146968746,76264.7421875,4.459736187350064,2460807.8775972915
2460807.881046107,0.9908855075487181,0.00192200671057483,296.2519897460937,1.2021658,0.758969159877358,0.011171034553362926,76264.7421875,3.983866396074977,2460807.877775324
2460807.881224218,0.9931809207244545,0.00191870366346909,296.26688385009766,1.2021261,2.601395254140038,-2.9510555451023217,76264.7421875,4.228805119931191,2460807.8779534376
2460807.8814020036,0.9923291308449053,0.0019245973076824374,296.18255310058595,1.2020874,0.45380538245176083,0.5986303531649285,76264.7421875,3.6641467492299404,2460807.8781312266
2460807.8815800566,0.9929746138193576,0.0019206969408909573,295.97937774658203,1.2020498,0.2994270885106645,0.11709024259427091,76264.7421875,4.150035666490729,2460807.8783092825
2460807.8817579243,0.9933454156948897,0.0019186761185446975,296.03311614990236,1.2020116,0.8232076659792038,-0.4258694796476662,76264.7421875,4.442804177494512,2460807.878487153
2460807.881935907,0.9903070003657194,0.00192238984150679,296.26575622558596,1.2019756,1.3336256214200217,-0.18526776305886533,76264.7421875,3.7264754496245343,2460807.878665139
2460807.8821150013,0.989106357805359,0.0019185728347506181,296.3374969482422,1.2019392,0.46512031880495947,-0.059793750347707335,76264.7421875,4.354517983896893,2460807.878844236
2460807.8822928113,0.9925832351707267,0.0019107633132506802,296.2805465698242,1.2019041,1.787479605131567,-2.654115912769708,76264.7421875,4.630321165145061,2460807.879022049
2460807.882473178,0.9924606393610113,0.0019092412731065427,296.4813568115234,1.2018686,2.691466197166969,-2.543002153815813,76264.7421875,4.735408342053049,2460807.879202419
2460807.8826512196,0.9887951316533495,0.001909359566585897,297.07295379638674,1.201835,0.7723677171126786,-0.41388624806759267,76264.7421875,4.277589084701129,2460807.879380463
2460807.8828291213,0.9895515063837678,0.0019110327305281339,297.3463302612305,1.2018012,0.8576517282165522,0.07440433111448064,76264.7421875,4.414874704494954,2460807.879558368
2460807.883007197,0.9908190529193417,0.0019145066605739155,296.88090362548826,1.2017685,0.4884158818065872,0.676886306919197,76264.7421875,4.117335596503051,2460807.879736447
2460807.883185435,0.9915632989379963,0.0019119711417357095,297.31869049072264,1.2017365,0.9286841560612019,-1.4681333030617492,76264.7421875,4.778743559522118,2460807.8799146875
2460807.883363337,0.9892826989816312,0.001910834340655346,297.3822982788086,1.2017047,1.8133411059779303,-2.65411295131023,76264.7421875,4.6786779297847945,2460807.8800925924
2460807.883541633,0.9916197763817712,0.0019065571216978845,298.08524932861326,1.2016741,2.0222009114480266,-3.8936275330366357,76264.7421875,5.378413896603482,2460807.8802708914
2460807.8837195234,0.9885777647034093,0.0019083520702193656,299.1640930175781,1.2016439,2.5020743861783084,-3.4527473460729086,76264.7421875,5.0768220464829055,2460807.8804487847
2460807.883897796,0.9922925038151248,0.001907628533152937,299.54028472900393,1.2016145,1.9672167149657556,-2.309328775366684,76264.7421875,5.013073984632027,2460807.8806270603
2460807.8840755937,0.9880234643354933,0.001907766546369019,300.3370635986328,1.2015859,1.9357021905747525,-4.122324906543709,76264.7421875,5.2046014975442105,2460807.880804861
2460807.8842537045,0.9938266527341315,0.0019136575876158917,300.71697998046875,1.2015578,2.26540946756863,-2.610966078875192,76264.7421875,4.628688479543676,2460807.8809829745
2460807.8844318492,0.9930590794228168,0.0019122488137104222,301.2158462524414,1.2015306,0.8044231137149036,-0.08072410787771137,76264.7421875,4.723230339058847,2460807.8811611226
2460807.8846097747,0.9919021512330136,0.00191290560977839,301.8604705810547,1.2015036,0.5177094833351513,0.5507263312603121,76264.7421875,5.0407846071505995,2460807.881339051
2460807.884787758,0.9949613265792477,0.0019114176739900848,302.5239715576172,1.2014768,0.6785100624867328,-0.2168550408018249,76264.7421875,4.6773553933459775,2460807.881517037
2460807.8849658105,0.9928457756686208,0.0019193356237893493,302.90489959716797,1.2014518,1.0538893711204838,0.4825244055998783,76264.7421875,4.2907079472846466,2460807.8816950927
2460807.8851440367,0.9898888018340397,0.0019102717694133053,304.2032897949219,1.2014268,1.8224396973904606,-3.0397476993214982,76264.7421875,4.844705455215864,2460807.8818733217
2460807.885323027,0.9918585754032421,0.001923648555532242,304.6629211425781,1.2014027,0.91212740696732,0.03358049523396521,76264.7421875,4.178550354419201,2460807.882052315
2460807.8855009866,0.9919519340646192,0.0019159820906198344,313.04427337646484,1.2013786,0.6713823939361279,-0.6645402027671832,76264.7421875,4.1966852038922475,2460807.8822302776
2460807.8856790625,0.9897099158712875,0.0018549717445625518,365.3179763793945,1.201356,0.8204802488019522,0.09697390260718175,76264.7421875,3.9426135972822554,2460807.8824083563
2460807.8858593376,0.9935056435792328,0.0018916642086965337,335.89649505615233,1.2013334,0.9889407948808293,0.2581524270751924,76264.7421875,4.004631369510528,2460807.8825886343
2460807.8860374247,0.9894608425902853,0.0018900565919146557,331.8895950317383,1.2013122,0.8099141961311671,-0.42989179439083225,76264.7421875,4.337956358642158,2460807.8827667246
2460807.8862154773,0.993241501096404,0.0019093322877264496,312.0307357788086,1.201291,0.9433223219865254,0.5645392083039814,76264.7421875,4.527230283315534,2460807.88294478
2460807.8863958097,0.9928223075868327,0.0019223620396851902,302.2621841430664,1.2012703,0.4320749864544008,-0.4557972083878804,76264.7421875,4.204317427897614,2460807.8831251157
2460807.8865739205,0.9924170843861373,0.0019219923856658879,301.7949981689453,1.2012509,0.5966233162722717,0.42464139151517244,76264.7421875,4.5530515680612575,2460807.883303229
2460807.8867518804,0.990612453601367,0.001916796970854935,301.86678009033204,1.2012317,1.5013309498052327,-0.4755916280791416,76264.7421875,4.8654809929457885,2460807.883481192
2460807.8869299563,0.9930310592052843,0.001923388213142202,302.0240936279297,1.2012133,1.2865645566254638,0.07875347150180913,76264.7421875,4.027152704403202,2460807.883659271
2460807.887107789,0.99312551052217,0.0019227018843063755,302.4195953369141,1.2011962,1.14162852927514,-0.5850890129296796,76264.7421875,4.158928873726566,2460807.8838371066
2460807.8872857722,0.9901059977608064,0.001919137434419408,302.0834930419922,1.2011789,0.5172015699243041,0.1125298144383892,76264.7421875,4.46931076287941,2460807.8840150926
2460807.8874662085,0.9928194354661122,0.0019202165890125826,301.67126617431643,1.2011622,1.2140065423622592,0.45707674126907427,76264.7421875,4.4055796450769416,2460807.884195532
2460807.887644088,0.992119583501244,0.0019146849436629029,302.3816345214844,1.2011474,2.1156668875954265,-3.9091802679048664,76264.7421875,4.984247771258735,2460807.8843734143
2460807.8878220366,0.9911160486296521,0.0019133506479268607,303.17178497314455,1.2011315,-0.06874712152534417,0.4130839203274628,76264.7421875,5.219575863375012,2460807.884551366
2460807.8880002163,0.9908761637327691,0.0019195508176889724,303.2853118896484,1.2011178,1.2469253928142765,-0.668458069964086,76264.7421875,4.5179944680448125,2460807.884729549
2460807.888178269,0.9928889473093684,0.0019170442524361455,304.32454986572264,1.2011038,0.20849943806396526,0.009951741756776331,76264.7421875,4.593027606245513,2460807.884907604
2460807.8883561017,0.9917213562367693,0.0019226570549864897,304.9661834716797,1.2010908,0.5509556974071116,0.3588739105864732,76264.7421875,4.181609147906108,2460807.88508544
2460807.888534177,0.9910590412699092,0.0019199611382192203,305.5249526977539,1.2010785,0.34164750504923974,-0.6237132963993725,76264.7421875,4.452320737951769,2460807.8852635184
2460807.888712172,0.9929303256671902,0.0019133556213987806,307.17100677490237,1.2010668,2.638240326604083,-2.969839966224666,76264.7421875,4.849567404746215,2460807.885441516
2460807.8888902133,0.9938787466388499,0.0019192307934732375,311.98339996337893,1.2010555,0.8420894587980642,-0.04820580524158576,76264.7421875,4.455957622869977,2460807.8856195603
2460807.889069469,0.9931383492514484,0.0018830198960463464,356.2798049926758,1.2010449,0.8309213567114855,-0.7342697306528189,76264.7421875,4.611679254555398,2460807.8857988194
2460807.8892477765,0.9903863627898115,0.001858187887567533,398.7519927978516,1.2010354,1.2550058544823428,0.12350811000182439,76264.7421875,4.255056641861878,2460807.8859771295
2460807.8894257946,0.9907055436911592,0.001818574625668125,440.29750671386716,1.2010262,0.0285509771807726,0.04366389380669255,76264.7421875,4.890614191510683,2460807.8861551504
2460807.8897826984,0.9910177376981658,0.0018266304217975523,436.4497009277344,1.2010103,0.968045782426756,-0.4450905934319161,76264.7421875,4.5653671738121355,2460807.88651206
2460807.8899606466,0.9896955369256697,0.0019079233718511564,336.2222366333008,1.2010028,0.8960286128581108,0.6229398248110332,76264.7421875,4.625090424322044,2460807.8866900117
2460807.8901843466,0.9908193326651648,0.0019208227591838002,317.44275970458983,1.2009948,1.555598787765682,0.28838022606676916,76264.7421875,4.462477711409027,2460807.8869137154
2460807.890362434,0.9913356518577114,0.0019174755115429602,318.38879852294923,1.2009894,1.8731664134403767,-3.059701764967916,76264.7421875,4.50270988678851,2460807.8870918057
2460807.8905407414,0.9944677390777911,0.001921986653621935,322.56490325927734,1.2009845,1.0048723817065945,0.44083421977898474,76264.7421875,4.621416698803314,2460807.887270116
2460807.8907185504,0.9927894484122725,0.0019206083655103525,335.2150848388672,1.20098,3.239057667432859,-2.8106527545953055,76264.7421875,5.182356778111661,2460807.887447928
2460807.890896661,0.9906357262994455,0.0018936946044635803,395.5230438232422,1.2009762,0.6963317951184597,-0.6712491571658505,76264.7421875,5.012166262511578,2460807.8876260417
2460807.892861108,0.9913217694651221,0.0019395854109659836,412.9816390991211,1.2009794,1.228996736141323,-0.6092164391504936,76264.7421875,4.303407983558317,2460807.889590521
2460807.893039126,0.990797907313344,0.0019418995444455375,390.64208221435547,1.2009834,0.6453419344498991,-0.7273971228019511,76264.7421875,4.403900655317174,2460807.889768542
2460807.8932170044,0.9921440998457552,0.0019441575648783682,376.63199005126955,1.2009886,0.9729399270401213,-0.012353858255937274,76264.7421875,4.400341722909076,2460807.8899464235
2460807.8933953927,0.9928356151116668,0.0019494489269197214,357.51573638916017,1.2009942,2.284319120169624,-0.12378405698207454,76264.7421875,4.286576561156453,2460807.8901248146
2460807.893573388,0.9904834776144852,0.001934231225391474,332.2699508666992,1.2010001,1.0907862945928344,-0.5742877215010016,76264.7421875,4.497064523258091,2460807.8903028127
2460807.8937514285,0.9925694419664287,0.0019335299053498962,327.6405090332031,1.2010072,1.0287751109638925,-0.060102986593154176,76264.7421875,4.2105912731611586,2460807.8904808564
2460807.8939316226,0.995042380872038,0.0019263390175681527,327.32338256835936,1.2010143,0.876224364208385,-0.5441610157397125,76264.7421875,5.137653263115689,2460807.8906610534
2460807.8941095243,0.9943829783184359,0.0019303643260325904,327.05002746582034,1.2010224,0.6863206794214278,0.09510969083514369,76264.7421875,4.593538728745506,2460807.8908389583
2460807.8942875885,0.9902026426889687,0.0019304406259265422,327.64613342285156,1.2010316,0.8013163677674612,0.050924214840417516,76264.7421875,4.537754487107408,2460807.8910170253
2460807.8944666483,0.9926783057255312,0.001927118423025527,354.06920166015624,1.2010408,0.6214824672525138,-0.45457782027173826,76264.7421875,4.272761364045914,2460807.891196088
2460807.8950015353,0.9932477378561345,0.0019235505872367872,328.12913818359374,1.2010734,2.4416677893134398,-3.062417833256333,76264.7421875,4.869055074172317,2460807.8917309837
2460807.8951795762,0.9936175075769249,0.0019294172018892988,325.2913848876953,1.2010858,0.7235971567742749,0.10439528984700405,76264.7421875,4.469772488145512,2460807.891909028
2460807.895357675,0.992239709880941,0.001829942735322999,435.58736419677734,1.2010983,1.052595460987859,0.7662092522956893,76264.7421875,4.351217423906948,2460807.8920871294
2460807.8955369657,0.9970812345833969,0.0018913278363635018,378.67625732421874,1.2011119,1.1036379206704612,0.052354242613533906,76264.7421875,4.234348102602689,2460807.8922664234
2460807.895893118,0.9937108203160887,0.0018614522270011145,384.7769058227539,1.2011408,0.766858817881409,-0.31610921652752605,76264.7421875,5.506914930630411,2460807.892622581
2460807.8960711816,0.9937270652802453,0.0019199061544102076,318.79981384277346,1.2011559,0.5810776367384655,-0.15750852378131042,76264.7421875,4.587448612468308,2460807.892800648
2460807.896249072,0.9960170688923643,0.0018770039154518453,352.92593841552736,1.2011721,2.622136567205291,-3.6930626704450615,76264.7421875,5.757526429493632,2460807.8929785416
2460807.8964272873,0.9952531412612157,0.0019136897262547734,308.5328643798828,1.2011885,0.6924407684304025,0.7362980451434814,76264.7421875,5.080422467990086,2460807.8931567594
2460807.896606254,0.993456130578077,0.0019148196193194188,307.84385375976564,1.2012059,2.767689953257318,-3.660737278698185,76264.7421875,4.775221521766772,2460807.8933357294
2460807.896784376,0.9929601558190418,0.0019137693570396182,307.5231674194336,1.2012245,0.7172896373424378,-1.096570968655452,76264.7421875,5.475722394359322,2460807.893513854
2460807.896962533,0.9935158132862159,0.0019135460222743487,308.80846405029297,1.2012435,0.7300143227935456,0.307605074254516,76264.7421875,5.1431149542551715,2460807.893692014
2460807.8971421476,0.9929149831908464,0.0018944412972114035,316.10233306884766,1.2012627,1.9460831670694394,-4.1260997126974575,76264.7421875,5.316708339797346,2460807.893871632
2460807.897320119,0.9916095570981125,0.0019087205402016577,304.7298217773438,1.2012823,1.0587173516852748,-0.20694710264244243,76264.7421875,5.03081477760694,2460807.8940496063
2460807.8974990514,0.9922693219801811,0.0018972176727820884,304.3306579589844,1.2013034,2.822712119010831,-3.161042882206882,76264.7421875,6.593296540799064,2460807.8942285418
2460807.8976773126,0.9939854693378057,0.0019021623902447861,304.1541717529297,1.2013248,2.7475036834327593,-3.4767717390225568,76264.7421875,5.361908368160197,2460807.8944068057
2460807.8978552264,0.9932883555916765,0.0019078985927122663,304.27804412841795,1.2013462,2.56654848712852,-3.7641011575897583,76264.7421875,5.1781944550087715,2460807.8945847224
2460807.89803292,0.991016710401474,0.0019026642076817935,304.45140686035154,1.2013688,2.280708992573846,-1.6242852566904677,76264.7421875,5.396961571408446,2460807.894762419
2460807.8982123267,0.9925731823567755,0.0019152340225243383,303.9032577514648,1.2013922,1.3698805143536816,-1.091969789481698,76264.7421875,4.677364392771165,2460807.8949418287
2460807.8983904836,0.9930982390180139,0.0019197048198270536,303.8446517944336,1.2014165,1.5090524466053634,-0.7209748392736629,76264.7421875,4.1821811203589165,2460807.8951199884
2460807.89856827,0.9944915645382876,0.0019093110159384215,304.29427337646484,1.201441,2.17369345455915,-3.591703753973871,76264.7421875,5.632228120895882,2460807.895297778
2460807.8987473757,0.9940731949945351,0.001913076824279091,304.05365600585935,1.2014666,1.126097996911176,-0.4898298058718131,76264.7421875,4.735346804934443,2460807.8954768865
2460807.8989267824,0.9930280157066517,0.0019152860554677111,303.7497863769531,1.2014925,3.13743606224136,-3.221977484514264,76264.7421875,4.848959945748907,2460807.8956562965
2460807.899104835,0.9933253505442685,0.0019135207405657905,304.1613739013672,1.201519,1.1045207306476694,0.1771698797297648,76264.7421875,5.0097625842691755,2460807.895834352
2460807.8992852606,0.9922531559981864,0.0019197257000803437,303.50688018798826,1.2015469,1.5410896976623427,-0.6959559181806081,76264.7421875,4.091318466654218,2460807.8960147803
2460807.8994632084,0.9911286698366845,0.001908774093268891,302.30289459228516,1.2015746,2.8225959100015863,-3.2505550550320286,76264.7421875,5.3503025546888,2460807.8961927313
2460807.8996426156,0.9909128281447682,0.001909384949736049,302.8287612915039,1.2016029,2.3693716820719968,-3.0826791338152675,76264.7421875,5.068838080234393,2460807.8963721413
2460807.8998217443,0.9912185978820829,0.001910717123576414,303.8875198364258,1.2016329,1.147007032679095,-0.14593617137772866,76264.7421875,5.174409533887614,2460807.8965512733
2460807.89999982,0.9902700948124186,0.001910524529598376,304.306901550293,1.2016627,2.2539352382558633,-3.9349503893759126,76264.7421875,5.1114668236227505,2460807.896729352
2460807.9001775836,0.9924773997283819,0.0019157443717318563,304.99832305908205,1.2016933,0.8829806928979806,0.3609281935735551,76264.7421875,4.7865778675432695,2460807.896907118
2460807.900360277,0.9969298571925194,0.0019204475334363093,304.82751312255857,1.201725,1.124995268748187,-0.06942364419515691,76264.7421875,4.410041306873548,2460807.897089815
2460807.900538168,0.9913794813123045,0.0019204077086542781,304.3849838256836,1.2017568,1.1812633568370066,-0.11039886735096167,76264.7421875,4.114516653276243,2460807.8972677086
2460807.900716093,0.9940165596447879,0.0019172777341095145,303.97583770751953,1.2017884,1.0347426725273292,0.28878072112716624,76264.7421875,4.630722271648518,2460807.897445637
2460807.900895071,0.9938837001808501,0.001916274066586411,303.6537750244141,1.2018228,1.0289562394280558,0.19371696597938529,76264.7421875,4.827680549623957,2460807.897624618
2460807.901073066,0.993514650747228,0.0019056609765778195,304.14733428955077,1.2018562,2.5526792464882395,-4.296277945189425,76264.7421875,5.262066728058917,2460807.8978026155
2460807.9012535955,0.992044850167816,0.0019209685721744865,305.45948486328126,1.2018917,1.2122993709716714,0.3549873599535439,76264.7421875,4.5970092238650135,2460807.897983148
2460807.901431486,0.9953258969812363,0.0019161292175709206,305.1257354736328,1.2019267,1.0258204372563766,0.2856201450955327,76264.7421875,4.533640438695279,2460807.8981610416
2460807.901609585,0.9947310729423926,0.0019141199625231707,305.08072052001955,1.2019621,1.2377475444391348,0.05966206819613779,76264.7421875,5.4981710116431355,2460807.8983391435
2460807.901789941,0.9942211348573966,0.0019031869475240857,304.75438690185547,1.2019987,2.5769512141466415,-3.8305213327340217,76264.7421875,5.581365210449599,2460807.8985195025
2460807.901967924,0.9940210031097569,0.0018992123677822339,304.1120849609375,1.2020364,2.491186775829916,-3.265702420006582,76264.7421875,6.0138148147305,2460807.8986974885
2460807.9021459995,0.9913293015530807,0.001914775899560423,304.8263534545898,1.2020743,1.0437604912035712,0.01464656664145275,76264.7421875,4.64221100405341,2460807.898875567
2460807.90232389,0.9933958200090095,0.0019100627530468117,303.6508331298828,1.2021123,2.917888111053953,-2.675022543292727,76264.7421875,4.654815872543805,2460807.8990534605
2460807.902502163,0.9926017195104144,0.0019114842307745544,302.9341506958008,1.2021519,2.7887590952173853,-2.466528623391708,76264.7421875,4.89935750410809,2460807.899231736
2460807.9026812566,0.9910597922822308,0.0019083076627702464,303.47060546875,1.2021918,2.2742611460376048,-3.241127175343548,76264.7421875,4.762380295344685,2460807.899410833
2460807.902859263,0.9937549733266453,0.001904886163299725,303.5128112792969,1.2022322,2.781430646783364,-3.6875041072900383,76264.7421875,5.497472758728611,2460807.8995888424
2460807.9030370843,0.9928030734911449,0.001908987044115339,304.04091491699216,1.2022735,2.7601603596876143,-3.3541369365142204,76264.7421875,5.068334716418385,2460807.899766667
2460807.9032152756,0.9940430854667476,0.0018961467510866194,304.0278747558594,1.202315,2.650916039701002,-3.6910005587099275,76264.7421875,6.104453166211217,2460807.899944861
2460807.9033942893,0.992859333160546,0.0019055591977480263,304.36519927978514,1.2023589,2.328311897922175,-3.726344916738154,76264.7421875,5.416202688116597,2460807.9001238775
2460807.903573441,0.9945176375649285,0.0019065255257970416,305.9611480712891,1.2024018,3.679614411578731,-2.7959072732877037,76264.7421875,5.448036609160867,2460807.9003030322
2460807.903751575,0.994055320951146,0.0019082818001966912,306.9426467895508,1.2024449,3.467133502514343,-2.7849147183036935,76264.7421875,4.976781425620892,2460807.900481169
2460807.903933111,0.9929619289512536,0.0019088584982074922,306.8232482910156,1.2024903,1.2263846689804874,0.10929411977534513,76264.7421875,4.969003676224044,2460807.9006627086
2460807.904111279,0.9927611821580758,0.0019080392055346193,306.5691665649414,1.2025357,2.7449384118182265,-2.8732490916564073,76264.7421875,5.151234327979482,2460807.9008408794
2460807.904289008,0.9959347303274131,0.0019131244774573274,307.8414001464844,1.2025808,2.8632679603112035,-3.1137148438208384,76264.7421875,4.6137994271555725,2460807.901018611
2460807.90446706,0.9903003217407584,0.0018992318689157802,309.79500274658204,1.2026277,2.720230764584496,-4.6076968871501744,76264.7421875,5.842594969258393,2460807.9011966665
2460807.9046451477,0.9941177849092855,0.001912687915894698,311.1395095825195,1.2026748,0.48069109068558924,-0.2348351567909303,76264.7421875,4.7935427036725455,2460807.901374757
2460807.9048230154,0.9916710449195519,0.0018976243650405148,314.2946411132813,1.2027215,2.8834370928353503,-3.040829526052765,76264.7421875,6.174561340072092,2460807.9015526273
2460807.90500101,0.9938359452133764,0.0019155520550450528,317.6122756958008,1.2027697,2.0373276265629507,-3.9855703865132193,76264.7421875,5.239419471290184,2460807.901730625
2460807.9051791783,0.9953061310680948,0.0019136030623098314,314.5707183837891,1.2028197,3.2652552378930584,-3.35566729513592,76264.7421875,5.203831059255052,2460807.9019087963
2460807.9053571033,0.9931802055174342,0.0019118491337959023,309.2660766601563,1.2028693,2.3284623412126604,-2.4806290400571727,76264.7421875,5.165563300642375,2460807.9020867245
2460807.905535179,0.9956143493949673,0.0019204574898882378,306.83836822509767,1.2029195,1.3100961672938705,0.09690882666249248,76264.7421875,4.371111819458843,2460807.902264803
2460807.90571432,0.9978277891143713,0.0019183861946919665,305.103938293457,1.2029702,1.4334115188777674,-0.8143482489608597,76264.7421875,4.436454555858964,2460807.902443947
2460807.9058924764,0.992736161392279,0.0019133040557827259,304.03919677734376,1.2030223,2.5653065355866818,-2.632597500652456,76264.7421875,5.172113222588547,2460807.9026221065
2460807.9060703325,0.9938890587122324,0.0019141282912610088,302.9789840698242,1.2030747,1.7789108658791737,-0.5325534331686831,76264.7421875,4.566102755467129,2460807.9027999653
2460807.906249473,0.9923085474648405,0.0018930813602495993,303.26014709472656,1.2031281,2.341326555295467,-4.126340422542899,76264.7421875,6.291250963794184,2460807.902979109
2460807.9064274905,0.9935448891746679,0.001915084324851185,303.4933029174805,1.2031812,1.8444365934512303,-0.19519888464471835,76264.7421875,4.77704502505711,2460807.9031571294
2460807.9066055203,0.9940209358868436,0.0019172243196915243,303.61802062988284,1.2032363,0.7240505972969025,-0.47339988562028196,76264.7421875,4.631247561832422,2460807.903335162
2460807.906785841,0.9922756161389599,0.001912965108520499,303.813916015625,1.2032921,1.640817096572619,-0.13535423300593266,76264.7421875,4.8131885515408666,2460807.903515486
2460807.906963732,0.9935204974449829,0.001917835774481596,302.87691802978514,1.2033479,1.621194968590713,0.06903513690567453,76264.7421875,4.9289587498323675,2460807.90369338
2460807.907141773,0.9936047840645127,0.001905328267249545,302.17361907958986,1.2034028,2.821532130840691,-5.086802639998334,76264.7421875,4.980326870047702,2460807.9038714236
2460807.9073209018,0.9938960753777519,0.0019130757940386117,302.71070556640626,1.2034607,1.4360018858228707,-0.3483456734062187,76264.7421875,5.179170853145974,2460807.9040505555
2460807.907498723,0.9956688186919583,0.0018903291321051014,301.51192474365234,1.2035189,2.990390789117067,-2.9316712535652663,76264.7421875,6.552083300438119,2460807.9042283795
2460807.9076767405,0.9966470574645108,0.0019110579019908762,302.41385955810546,1.2035768,1.7323130086648026,-4.087483069775823,76264.7421875,5.455081478581964,2460807.9044064004
2460807.9078548397,0.9927286918955811,0.0019061563402959245,303.28007354736326,1.2036361,2.647164683441381,-5.106591529297249,76264.7421875,5.876284726637629,2460807.9045845023
2460807.908034015,0.9909516884362046,0.0019141839689092476,299.6848571777344,1.2036961,2.28368773044928,-1.0888257292391226,76264.7421875,4.6528991718612,2460807.9047636804
2460807.9082121714,0.9936613059140501,0.0019210547166912775,304.27566986083986,1.2037553,0.6715880484237118,0.5354563076862249,76264.7421875,4.074789624556242,2460807.90494184
2460807.908390317,0.9937851207585399,0.0019077796236582109,304.80714111328126,1.2038172,2.3398589705287773,-3.0276414961555163,76264.7421875,4.7820832726938605,2460807.9051199886
2460807.908571714,0.9953996435583841,0.0019090306996286475,305.1958251953125,1.2038797,2.7702263126342332,-3.1088152017228556,76264.7421875,4.679508191783352,2460807.905301389
2460807.9087523133,0.994694243477095,0.0019044882180677672,305.23909149169924,1.2039436,2.751018016729262,-3.5987435443381552,76264.7421875,5.283807923655178,2460807.905481991
2460807.9089302267,0.9970178101202335,0.0019080404036503048,305.9487777709961,1.2040049,2.4646482290628393,-2.7202969737123657,76264.7421875,5.555776430191381,2460807.9056599075
2460807.909108129,0.9959269474636082,0.001906194134149559,306.4806732177734,1.2040698,2.475629199539211,-3.020212712205923,76264.7421875,5.2638274324023735,2460807.9058378125
2460807.909286228,0.994320108528152,0.0018999788517655334,306.9022491455078,1.2041337,2.0729326760781746,-4.472713270561144,76264.7421875,5.588462693915482,2460807.9060159144
2460807.909464199,0.9934979977808872,0.00189585299772959,307.2026062011719,1.2041983,2.268975123529543,-4.170796044671141,76264.7421875,5.581546590811933,2460807.9061938887
2460807.9096433516,0.9966767303680194,0.0018959549934562997,307.6470657348633,1.2042641,3.640737730860208,-4.585090378689242,76264.7421875,6.434715317198193,2460807.906373044
2460807.9099992253,0.9950421051024837,0.001899650787618389,309.82232360839845,1.2043976,2.5680961216373874,-2.6370294132899073,76264.7421875,5.460463626188742,2460807.906728924
2460807.910177139,0.9920893135521336,0.0018983710893194395,309.7237213134766,1.2044653,2.79682518482384,-3.640939302504631,76264.7421875,6.535408267507486,2460807.9069068404
2460807.910355145,0.9945173042271601,0.0019024489840257573,308.8357467651367,1.2045329,2.848755082513162,-3.6538442970598877,76264.7421875,5.377961105693597,2460807.9070848497
2460807.9105330706,0.9934685369785341,0.0019049196294763761,309.2478225708008,1.2046014,2.1669228421596882,-3.456939088504867,76264.7421875,5.068107023280701,2460807.907262778
2460807.9107112275,0.9948136259343634,0.0019118356430544903,308.45005950927737,1.2046724,2.545692580192896,-2.920657897329881,76264.7421875,4.807217428224273,2460807.9074409376
2460807.910889164,0.9952674697783853,0.0019137697751443333,306.80317840576174,1.204741,2.867763877894458,-2.5269329930075544,76264.7421875,4.9686584107760305,2460807.9076188775
2460807.9110685475,0.9939447392052745,0.0019019680815144232,307.5501419067383,1.2048131,2.4211430321409453,-3.139305091989988,76264.7421875,5.599391827894436,2460807.9077982637
2460807.9112475724,0.994184830270312,0.0018959794403272535,307.2859390258789,1.2048863,1.7107573877779976,-3.2146747141978453,76264.7421875,5.943649779573725,2460807.907977292
2460807.9114255556,0.9966068857785078,0.0018925602862478698,306.8403259277344,1.2049565,2.733864295557009,-3.643509975031202,76264.7421875,6.022813896820633,2460807.908155278
2460807.9116034927,0.9964912337565094,0.0018962964736801958,307.7132766723633,1.2050312,1.9710994620909856,-2.9840965193178746,76264.7421875,5.81186847293799,2460807.9083332177
2460807.9117818573,0.9965270209295393,0.001908908625297019,307.64181365966795,1.2051031,3.2732935460488455,-3.5653085818045067,76264.7421875,5.2590958139812924,2460807.9085115856
2460807.911960674,0.9952024601947408,0.0019092516256927466,307.62378387451173,1.2051798,1.3522062353054043,-0.19152464053117826,76264.7421875,4.862171839817708,2460807.908690405
2460807.9121387494,0.9968473783051706,0.0019143077357729286,306.98462677001953,1.2052537,0.7991406826411731,-1.5915901126065972,76264.7421875,4.858797048144372,2460807.9088684837
2460807.9123167326,0.9942222267633758,0.0019091316319459802,307.4043228149414,1.2053277,2.4803973277688574,-3.378358459014044,76264.7421875,5.305184624815644,2460807.9090464697
2460807.9124952136,0.9939582517863913,0.0019168266689186476,308.04887237548826,1.2054055,1.1184791246320507,-0.3323628544675999,76264.7421875,4.807659092365861,2460807.9092249535
2460807.9126726873,0.9963112412782005,0.0019067416871611906,307.12579040527345,1.2054807,2.2748098050637626,-2.778280574659819,76264.7421875,5.42044055185328,2460807.9094024305
2460807.9128509136,0.9929672875184693,0.0019016106688350323,307.4432113647461,1.20556,2.711230064870522,-4.076347247619895,76264.7421875,5.777820495901589,2460807.9095806596
2460807.9130289317,0.9995054532590925,0.001911573562819918,307.76650085449216,1.2056374,2.7098042509357394,-4.044952899431825,76264.7421875,5.209173884546305,2460807.9097586805
2460807.9132078523,0.9952624137398488,0.0019072443638647797,307.92894287109374,1.2057159,2.229116467479818,-3.9891803902407332,76264.7421875,5.678552745234018,2460807.9099376043
2460807.913385685,0.995062789480731,0.0019039891953463075,307.5515609741211,1.2057967,3.0445117727567963,-2.949315576558324,76264.7421875,5.673867165038219,2460807.91011544
2460807.9135636445,0.995151001755027,0.001892263511421052,307.32266693115236,1.2058767,3.2476958344275304,-3.9096932789289105,76264.7421875,5.310487976506347,2460807.9102934026
2460807.913743121,0.994594561548146,0.0018890487742447583,310.48475189208983,1.205959,3.1498395566645296,-3.543329508795644,76264.7421875,6.673440964190154,2460807.910472882
2460807.913920873,0.9959973718147151,0.001908716977963119,309.4020034790039,1.2060391,2.936252132772779,-3.8136468329846,76264.7421875,5.24012050173555,2460807.9106506365
2460807.9140989715,0.9933758661412331,0.0019152810387292284,309.24569244384764,1.2061213,1.0042817715094592,-0.524381745228445,76264.7421875,4.711043902852837,2460807.9108287385
2460807.9142772905,0.9971745410090378,0.0019131573845556993,308.59847869873045,1.2062047,2.496030101263718,-3.0954138377551685,76264.7421875,5.215431371525357,2460807.91100706
2460807.9144549146,0.9943614363362884,0.0019034470593092567,307.1495788574219,1.2062879,2.970904725892023,-4.619318516401268,76264.7421875,5.9128332174825795,2460807.9111846876
2460807.914634009,0.9941364388269189,0.0018977245284891558,306.6352294921875,1.2063724,2.239385138867005,-3.0396973647236862,76264.7421875,6.13964824100272,2460807.9113637847
2460807.914813393,0.9955803253665517,0.0018875070656233929,306.8579864501953,1.2064573,3.1710640218754578,-2.94097505949557,76264.7421875,6.426217196642703,2460807.9115431714
2460807.914993621,0.9942444551730317,0.0018993472456642164,306.20079650878904,1.2065442,2.74263716117605,-4.445164823151666,76264.7421875,5.471315234406114,2460807.911723403
2460807.9151816615,0.9916163958924207,0.0018982499597360609,306.94715118408203,1.2066359,2.6154004678046743,-3.9386014199086334,76264.7421875,5.663642949833956,2460807.9119114466
2460807.9153596913,0.9942980048760693,0.0018931406206746588,307.60186767578125,1.206724,3.133253722539291,-3.908073795948415,76264.7421875,6.3707915191462465,2460807.912089479
2460807.915538126,0.9943998102309728,0.0018778401851834792,308.0868209838867,1.2068095,3.415417645303952,-4.659089325077942,76264.7421875,6.550419721639676,2460807.912267917
2460807.9157162015,0.9900567933002339,0.0018874958342164215,308.3416381835938,1.2068991,3.129255019758738,-3.410491746656986,76264.7421875,6.311249682899887,2460807.9124459955
2460807.915894069,0.9948327135518832,0.001895715534489739,307.6829147338867,1.2069875,2.522359073205764,-3.6798105379622634,76264.7421875,6.033511153370764,2460807.9126238655
2460807.9160731747,0.995385223604881,0.001896442485762093,309.35816345214846,1.2070771,3.658970525129666,-3.5693585374559613,76264.7421875,5.960394262434495,2460807.9128029747
2460807.916253785,0.9938088588793341,0.0018947630532707446,309.4591339111328,1.2071696,2.2299927152603023,-3.868459716276965,76264.7421875,6.11433664596024,2460807.912983588
2460807.9164315364,0.9938568378918596,0.0019003541438437938,309.27295684814453,1.2072617,3.0363283231127816,-3.5810309003060716,76264.7421875,5.6693821843497405,2460807.9131613425
2460807.916609416,0.9946946891229158,0.0018991956921674692,308.9934143066406,1.2073514,3.169671760072864,-4.7068641160869,76264.7421875,5.6621010517157035,2460807.9133392246
2460807.9167872947,0.9931320438036995,0.0018967381859364039,308.71680908203126,1.2074459,2.03471540961275,-3.442893830636842,76264.7421875,6.095918296889362,2460807.9135171063
2460807.916965451,0.9939419260604623,0.0018988426073998192,308.1729537963867,1.2075363,0.9394979945234068,-1.6766351653568596,76264.7421875,5.700854536189698,2460807.913695266
2460807.9171434115,0.9942181969965525,0.0019047606400552487,308.12692108154295,1.2076316,1.8035544332482458,0.40493566680913307,76264.7421875,5.243940055704527,2460807.913873229
2460807.917321256,0.9929297803908362,0.0018952601917227752,308.3519454956055,1.2077234,2.663630421277256,-4.065980778446229,76264.7421875,5.763702927158929,2460807.9140510764
2460807.9174992503,0.9960387978182305,0.0018944399386063534,308.9894515991211,1.2078206,3.6516712002351284,-3.311892648828544,76264.7421875,5.90941692159128,2460807.914229074
2460807.9176772917,0.9937624355505487,0.0018374382822250862,309.2571990966797,1.2079138,2.5811549361461577,-5.653560664411719,76264.7421875,6.717803368527028,2460807.914407118
2460807.9178679944,0.9962299885346403,0.0019108660247341895,308.87684478759763,1.2080193,2.1114557767018254,-2.533604524853466,76264.7421875,5.19105554469569,2460807.914597824
2460807.9180470533,0.9951105454018647,0.0019184243408870091,309.44696350097655,1.2081178,1.5511251528849044,-0.5976924097381977,76264.7421875,4.6974056339362225,2460807.9147768863
2460807.9182273746,0.9980021294652803,0.0019134476611323656,309.7075790405273,1.208216,3.2516092149282447,-3.1618203650950387,76264.7421875,5.235530945933154,2460807.9149572104
2460807.9184066546,0.9958074869315644,0.0019092343082077953,308.5600921630859,1.2083142,1.5034094368270852,-1.0393331507232122,76264.7421875,5.3114796544826275,2460807.9151364933
2460807.9185857717,0.9918990811296342,0.0019010660012787122,306.87060699462893,1.2084134,2.5368285406583695,-3.031358589978918,76264.7421875,5.708378768710841,2460807.9153156136
2460807.918945291,0.99555435726947,0.0018960220182975462,306.4844451904297,1.2086163,2.478559968661773,-4.026265444774345,76264.7421875,6.078022442455889,2460807.915675139
2460807.9191256585,0.9929563061190099,0.00187735051215771,307.5547927856445,1.2087187,2.0809708306230394,-3.4470582551581628,76264.7421875,7.091857494470853,2460807.915855509
2460807.919488546,0.9952219254589483,0.0019085537130510896,309.10974884033203,1.2089266,3.7782926216354644,-4.046128090940943,76264.7421875,5.29557325146231,2460807.916218403
2460807.919669098,1.0002050683260637,0.0019168880186190835,309.28148956298827,1.2090306,1.5682703655892902,0.5832804973017708,76264.7421875,4.73435159678953,2460807.9163989583
2460807.919849489,0.9969496256086947,0.0019135340332252669,308.68090667724607,1.2091365,2.8214494359613274,-2.7465947179331565,76264.7421875,5.186246425134165,2460807.9165793518
2460807.9200341846,0.9937240445398452,0.0019102774943376114,309.78856658935547,1.2092433,3.4401031340501387,-3.0424062838046027,76264.7421875,5.145950215810989,2460807.9167640507
2460807.920214645,0.9967835310491504,0.0019107752657741843,310.6049240112305,1.2093514,2.7210310301838314,-2.825063056179728,76264.7421875,5.088104829694492,2460807.916944514
2460807.920395047,0.9955357512131876,0.0019158264543028447,311.1535049438477,1.2094583,2.0291191537884408,-0.30883071397128814,76264.7421875,4.899255330931236,2460807.917124919
2460807.9205740253,0.9944544621330452,0.0019076543428261593,312.10814666748047,1.2095639,2.7619435986624574,-4.42703430271145,76264.7421875,5.621546215670893,2460807.9173039002
2460807.920754543,0.9965289872208154,0.001909163539528037,311.5900283813477,1.2096741,2.472826198900433,-3.608837616807062,76264.7421875,5.7261666697082525,2460807.9174844213
2460807.920933765,0.9955340478423852,0.0019048019560681804,310.14044799804685,1.209784,1.9059526448208448,-3.0084202814840078,76264.7421875,5.949810243493404,2460807.917663646
2460807.9211152084,0.995384804776082,0.0019051916845481392,309.54553985595703,1.2098942,2.9056002742659977,-3.2153480634509277,76264.7421875,5.639970165733743,2460807.9178450927
2460807.921294488,0.9963765604127861,0.0018846314441691562,309.30013885498045,1.2100052,3.6777143699049177,-2.943617914354341,76264.7421875,6.335094839029952,2460807.918024375
2460807.9214734547,0.9942068305586098,0.0018986918110407297,308.3298568725586,1.2101122,3.264763191160055,-4.31525243625663,76264.7421875,5.981215620808022,2460807.918203345
2460807.9216525257,0.994615613089004,0.0018966395210465862,307.03201751708986,1.2102253,3.025137013456684,-4.52581923320708,76264.7421875,5.673373276102189,2460807.918382419
2460807.921832974,0.9964722072386307,0.0019026266964621865,308.72668304443357,1.210339,2.7549641640378946,-3.475591304256801,76264.7421875,5.499273754954397,2460807.9185628705
2460807.922013064,0.9943262935373621,0.0018958734888979726,308.73901824951173,1.2104524,2.952004853578434,-3.0577906222804123,76264.7421875,5.644239620725682,2460807.918742963
2460807.922193397,0.9970865298257883,0.0018908874431247248,308.9540267944336,1.210565,3.2956847227613055,-4.580322108786785,76264.7421875,6.380666588309913,2460807.918923299
2460807.922374076,0.9952498516208321,0.0018919832757543647,311.06988220214845,1.2106806,4.52895310236615,-3.004483456923823,76264.7421875,6.29172219424517,2460807.9191039815
2460807.922554166,0.9953687530154288,0.001894718439553348,310.4668365478516,1.2107968,2.6429228410655297,-3.9606355066672405,76264.7421875,6.07979439952634,2460807.919284074
2460807.9229150047,0.9980488884819614,0.0018938108786005104,307.86175537109375,1.2110301,2.9604925080189615,-3.930426638962006,76264.7421875,5.937591898102215,2460807.9196449188
2460807.923096622,0.996363261762629,0.001879450690994195,308.16133880615234,1.2111477,2.1726795546461117,-4.971294715164117,76264.7421875,6.708171717128232,2460807.9198265392
2460807.9232755774,0.9983864399397597,0.001884294214721456,308.27410278320315,1.2112655,2.719116585377828,-2.550444390770228,76264.7421875,7.31917785045296,2460807.9200054975
2460807.9234547294,0.9997076922220871,0.0018805681912862793,308.4480575561523,1.211383,2.47805254247395,-3.7923965549633154,76264.7421875,6.708565687697537,2460807.920184653
2460807.9236337775,0.9964466435383599,0.0018886760694859079,309.8844970703125,1.2115037,3.1095191910850777,-4.093448739840199,76264.7421875,6.438531697001554,2460807.9203637037
2460807.9238130217,0.9956196338949734,0.0019031941297951568,309.7346221923828,1.2116195,3.057973108616721,-3.6287316076633065,76264.7421875,5.526761386154382,2460807.920542951
2460807.9240013408,0.9964992792106754,0.001898415247916097,310.24711151123046,1.2117465,2.913463573472586,-3.0340305555369382,76264.7421875,5.996385860293703,2460807.920731273
2460807.924181083,0.9964053086085725,0.0018896801308289572,312.0387390136719,1.2118688,2.8129489699257584,-3.37093803333046,76264.7421875,6.507704452657023,2460807.9209110187
2460807.9243589044,0.9941985374852702,0.001888460161279193,311.7671203613281,1.2119899,2.5092192681329837,-3.7213892477892956,76264.7421875,6.411660501591365,2460807.9210888427
2460807.924537755,0.9972560493320674,0.0018948900647466876,310.2978210449219,1.2121111,2.9401477513695657,-4.31141368831123,76264.7421875,6.3218761327581685,2460807.9212676967
2460807.9247162244,0.9939747383063442,0.0018993911083834236,309.3078094482422,1.2122347,3.536103329083992,-4.4343916821509595,76264.7421875,5.950889157347077,2460807.921446169
2460807.9250729894,0.9963896385376921,0.0018898365167891514,309.83959503173827,1.2124809,4.070226091117691,-5.676841432163629,76264.7421875,6.98070812194595,2460807.92180294
2460807.9252512967,0.9969210664055848,0.0018906072784115253,310.2598678588867,1.2126077,2.9948796936533273,-4.221408107044647,76264.7421875,6.694768676674858,2460807.92198125
2460807.9254294415,0.996574507496558,0.0018938306870834077,312.6278594970703,1.2127306,3.4678724700556955,-4.0463755696241215,76264.7421875,6.5245733395631635,2460807.922159398
2460807.9256074713,0.9985402885897996,0.001899873804434353,312.57394256591795,1.212857,2.926196399924854,-4.117096334859787,76264.7421875,5.934970088676377,2460807.9223374305
2460807.925786635,0.9962909539840183,0.0018988523772690117,312.24188537597655,1.2129825,3.708135659389721,-3.571384823831674,76264.7421875,6.195994097848664,2460807.9225165974
2460807.926320376,0.9960224344315758,0.001882899371998424,311.54357452392577,1.2133649,3.743440669528257,-2.9339264416373436,76264.7421875,7.039003702387326,2460807.9230503472
2460807.9266763073,0.9952930494837239,0.001887133648916323,311.10019836425784,1.2136244,3.0278602394888274,-4.420402623423788,76264.7421875,6.877137705528271,2460807.923406285
2460807.9268545453,0.9990213075103576,0.0018905608851581043,310.24244232177733,1.2137573,3.451959751646547,-4.166912633759594,76264.7421875,6.75206927665776,2460807.9235845255
2460807.9270335464,0.9983205635888889,0.0018931807591137213,311.17453918457034,1.2138876,2.2880170575320973,-5.043979762835942,76264.7421875,6.405776164513807,2460807.92376353
2460807.9272431266,0.9997001131399901,0.0018664345437262007,313.53900451660155,1.2140437,4.00201139022631,-4.482641422076769,76264.7421875,7.198603559854537,2460807.9239731133
2460807.927424327,0.9968365647126023,0.001892152908518496,312.43934936523436,1.2141757,2.576576514065437,-3.3369111318327254,76264.7421875,6.608159544323067,2460807.924154317
2460807.927606257,0.9937051776558782,0.001884394231858564,312.19884338378904,1.2143135,2.498469663844817,-4.10102465650597,76264.7421875,6.950339824772286,2460807.92433625
2460807.9279672466,0.9979207687009197,0.0018875397676811213,311.8292709350586,1.2145871,3.5331924749343204,-3.7920931971141565,76264.7421875,6.755930302530427,2460807.9246972455
2460807.9281472317,0.9972979697559442,0.0018769990776870962,312.12134857177733,1.2147232,3.3678815498080756,-4.516529934601097,76264.7421875,7.110635085141752,2460807.924877234
2460807.9283267427,0.9988699406003292,0.0018843312059240356,313.5935791015625,1.2148589,2.501741361224501,-4.1272193555864485,76264.7421875,7.158013081117934,2460807.9250567476
2460807.9285054086,0.9976105486514387,0.0018981722883376242,314.43362579345705,1.2149962,3.572431793765389,-3.8140747700292654,76264.7421875,6.208512217930436,2460807.9252354167
2460807.9286846416,0.9983840440746788,0.001898141756397033,314.7084457397461,1.2151344,2.9499020649361567,-2.747248809861275,76264.7421875,6.416654873628012,2460807.9254146526
2460807.928863748,0.9957695343856393,0.0018985000142603353,313.62466583251955,1.2152745,2.7378930701160002,-4.436684146798363,76264.7421875,6.162124293904294,2460807.9255937617
2460807.9290427607,0.997752814329968,0.0018911872557108667,313.9810256958008,1.2154152,4.003608025996494,-3.5365444623837154,76264.7421875,6.37403222394388,2460807.9257727778
2460807.9292219593,0.995849507589394,0.001899058571724915,313.26773529052736,1.2155549,3.6768913163934545,-3.9096723152067003,76264.7421875,5.970016254687976,2460807.925951979
2460807.929401007,0.9979965198730781,0.001897531774302124,311.6271469116211,1.2156953,3.2970082564488794,-2.7564820202901004,76264.7421875,5.889947811510465,2460807.92613103
2460807.929580252,0.9977438526794259,0.0019040083949552157,312.4993469238281,1.2158385,2.8429467332901095,-4.217631255883763,76264.7421875,5.63082179134023,2460807.926310278
2460807.929759392,0.9975456633526081,0.0018951916092770724,312.52841796875,1.2159824,4.225226865659785,-3.512936024056571,76264.7421875,6.582019570336069,2460807.926489421
2460807.9299397366,0.9940750465504049,0.0018855638360340383,314.6128128051758,1.216127,3.2220397665809917,-3.6007948934230347,76264.7421875,6.624522444713418,2460807.9266697685
2460807.9301190968,0.9983186094353826,0.0018816708380439554,314.750993347168,1.2162692,2.8894460732490037,-3.2634268367546575,76264.7421875,6.860708229451056,2460807.926849132
2460807.930298087,0.9932556706429023,0.0018893491325269634,314.1328887939453,1.2164134,3.4718913262077917,-4.250384490772198,76264.7421875,6.225468837308512,2460807.927028125
2460807.9304785817,0.9989458177801542,0.0018986081162516804,313.902815246582,1.2165617,3.004775476641072,-4.436935518066045,76264.7421875,6.069481691810317,2460807.927208623
2460807.930657757,0.9971768280336429,0.0018932751048716025,313.8918655395508,1.2167048,2.390068621770487,-2.745938880582329,76264.7421875,6.006556573811694,2460807.927387801
2460807.9308380894,0.9959981170361805,0.0018851726897775678,315.1918640136719,1.2168539,4.1141310567625355,-4.344723116517562,76264.7421875,6.7967006507910215,2460807.9275681367
2460807.931018723,0.9974683265145359,0.0019046294028296057,315.2993225097656,1.2170027,2.8257373023965395,-3.6113793321769454,76264.7421875,5.948388272948444,2460807.9277487732
2460807.931200155,0.9965878405745233,0.0018932248926460014,315.16149749755857,1.217152,4.3582109635101025,-4.300594607564853,76264.7421875,6.381331033384479,2460807.9279302084
2460807.931379041,0.9983685711910146,0.0018773022679309931,314.48015747070315,1.2172999,2.6003928194043637,-4.339821567921826,76264.7421875,7.186406157089933,2460807.9281090973
2460807.931558205,1.0016295781559885,0.00189515262872251,314.60900726318357,1.2174508,2.4622751048664697,-4.074675561435357,76264.7421875,6.687807386073735,2460807.9282882637
2460807.9317374495,1.0013471847499438,0.0019017236021628581,314.2968017578125,1.2176021,3.2645083007315985,-3.9410446243917643,76264.7421875,6.197746482095089,2460807.9284675117
2460807.9319166364,0.9937423015570568,0.0019061943993542183,313.7268127441406,1.2177524,2.345105602828195,-3.658533491428079,76264.7421875,5.649551479595975,2460807.9286467014
2460807.932096008,0.9961192973722492,0.0019111706927513045,313.80665283203126,1.2179013,3.1678930470298985,-3.318711913484057,76264.7421875,5.218893751097379,2460807.9288260764
2460807.9322750447,0.9963591567857247,0.0019091402615888026,313.09666595458987,1.2180526,3.5300401705575024,-3.6018689059743823,76264.7421875,5.422807453524216,2460807.9290051158
2460807.9324543932,0.9965236052989609,0.0019048700838306739,313.2909240722656,1.2182071,4.426333344220427,-4.711095770346724,76264.7421875,5.905462975454269,2460807.9291844675
2460807.932635409,0.9983032380551999,0.0019105385858718398,313.3268417358398,1.2183624,4.017429087257523,-3.562315707798191,76264.7421875,5.428741639410491,2460807.929365486
2460807.9328149427,0.9970692721049709,0.0019113546765295755,313.07971343994143,1.2185184,2.6753105715181467,-3.1172359396847775,76264.7421875,5.48252412343855,2460807.929545023
2460807.9329935047,0.9983994522965263,0.0019068909708611418,313.25049591064453,1.2186736,2.8502814454788497,-3.7488957043111464,76264.7421875,5.708101356734685,2460807.929723588
2460807.933175365,1.0021490411677259,0.0018990270590223091,312.72772827148435,1.2188265,2.234463059296017,-3.3723851071506217,76264.7421875,6.248880213154594,2460807.9299054514
2460807.9333548527,0.9976360243288687,0.0019066187828853272,311.9588119506836,1.2189895,2.868939104479941,-3.837553442992601,76264.7421875,5.681008124535135,2460807.930084942
2460807.9335338776,0.9966981006371095,0.001913263662736846,312.1370559692383,1.2191439,3.348289471606849,-3.4492464514228875,76264.7421875,5.038885469780422,2460807.93026397
2460807.9337113863,0.9965410005751655,0.001911430231778857,312.51412200927734,1.2192996,2.977136071772729,-3.6621909152154464,76264.7421875,5.677210249151887,2460807.9304414815
2460807.9338892424,1.001101656395172,0.0019056994571618351,312.55560302734375,1.2194601,2.162460154819945,-3.4310710916702725,76264.7421875,5.689180218606623,2460807.9306193404
2460807.934067283,1.0016595909659962,0.0019058448959392209,312.90965270996094,1.2196149,2.8599982219249123,-3.6053875592218114,76264.7421875,5.523975291153624,2460807.930797384
2460807.934245058,0.9934941049332409,0.001909461430719032,312.4955856323242,1.2197768,3.3609854403302597,-3.521400058635102,76264.7421875,5.150258526509842,2460807.930975162
2460807.934423168,0.9972410164339529,0.0019091560869202997,312.3916076660156,1.2199353,3.3079341043368906,-2.889151536892237,76264.7421875,4.867482202962821,2460807.9311532755
2460807.934601244,0.9972526369558704,0.0018976645615965623,312.77566986083986,1.2200945,3.347085762624277,-4.125265013050875,76264.7421875,5.960721698966484,2460807.931331354
2460807.9347790997,0.9989829921163008,0.0018981903755500313,313.20680236816406,1.2202579,2.8328191776908125,-4.110592653783204,76264.7421875,5.877306792224491,2460807.931509213
2460807.934957268,0.9953583267624164,0.0018937614778846538,313.16601409912107,1.2204182,2.9487300717319274,-2.534474478751658,76264.7421875,5.9719079295842405,2460807.9316873844
2460807.9351352165,0.9967194918843871,0.0018994825512169277,312.4497589111328,1.2205797,2.9280673032226003,-2.7266679060806767,76264.7421875,5.692428368777827,2460807.9318653354
2460807.9353132457,0.9958091908143203,0.0018867687262773762,312.4610824584961,1.2207454,2.8680321579288655,-4.392115668473817,76264.7421875,6.9009140804156885,2460807.932043368
2460807.93549278,1.0014513890896592,0.0019010283587828688,313.2648361206055,1.2209109,2.8234572587237987,-3.6044386424500803,76264.7421875,6.259633692379757,2460807.932222905
2460807.9356740615,0.9965509894322685,0.001908325171989671,314.2193572998047,1.2210745,3.004150831050189,-3.8885166688529154,76264.7421875,5.119454500317849,2460807.93240419
2460807.9358519986,0.9942658048036902,0.0019032216454792422,315.5043319702148,1.2212422,3.410226955589322,-3.981089948715907,76264.7421875,5.5274217259414336,2460807.9325821297
2460807.936029854,0.9989601366639956,0.0018962907784006663,315.5373168945313,1.2214071,3.643767053902864,-4.548932887200563,76264.7421875,6.165665087895687,2460807.9327599886
2460807.9365647873,0.9969948219557326,0.001893247044652014,314.5170166015625,1.2219128,2.587081595263216,-4.3430674602639,76264.7421875,6.24832817551392,2460807.9332949305
2460807.9367428287,1.0003802760648601,0.001897517183675588,313.1673248291016,1.2220771,3.4511931440236534,-4.629033940424019,76264.7421875,5.924405649804635,2460807.9334729747
2460807.9369220845,0.9964430127945295,0.0019052778695122171,312.47841186523436,1.2222489,2.9070467207954924,-2.3919331355134124,76264.7421875,5.173974099444757,2460807.933652234
2460807.9371023597,1.0010092795906806,0.0019111133708617865,312.20996856689453,1.2224219,3.482096405756505,-3.2302892833168078,76264.7421875,5.21128144824182,2460807.933832512
2460807.93728025,0.9964002997927632,0.001913760889461535,312.31978607177734,1.2225917,1.7146772673426376,-0.3141152243694811,76264.7421875,4.860191684102873,2460807.934010405
2460807.9374581636,0.9961223172193658,0.00191427251899015,312.86963806152346,1.2227622,2.9905313266553386,-3.6394770351424905,76264.7421875,4.916880678427007,2460807.9341883217
2460807.9376373272,0.9998587983420242,0.0019133898496156527,312.6935668945313,1.2229378,1.5671876268010596,-0.9060920474696853,76264.7421875,5.310603347224011,2460807.9343674886
2460807.937815183,0.9996380512724079,0.0019112739146497867,313.14798736572266,1.2231105,3.2232752597036094,-4.064919787843218,76264.7421875,5.640034697753987,2460807.934545347
2460807.937994497,0.997529877116548,0.0019098621525987151,312.8709884643555,1.2232847,3.245617160232691,-2.985649014831911,76264.7421875,5.507678518254331,2460807.9347246643
2460807.9381724107,0.9984760605738321,0.0019073202110023878,313.1447189331055,1.2234558,3.742823668968828,-5.30613077134637,76264.7421875,5.779383175993689,2460807.934902581
2460807.938350533,0.9975127232393486,0.0018985829033904779,313.26331787109376,1.2236314,2.9930557551513917,-4.138050229150072,76264.7421875,6.170008837055118,2460807.935080706
2460807.938528551,0.996879606884559,0.0018945501200370244,314.2911865234375,1.2238071,3.53167577803829,-3.4455590303805064,76264.7421875,6.438443828795163,2460807.935258727
2460807.9387064413,0.9994826257129219,0.0018962074532891512,314.0966369628906,1.2239854,3.332228768725708,-3.894803423112498,76264.7421875,6.405282766881379,2460807.9354366204
2460807.938886878,0.9984190474579503,0.0019023763800710667,314.1525451660156,1.2241651,2.9102364259762044,-3.0264233369042732,76264.7421875,6.333803182698669,2460807.9356170604
2460807.9390661577,0.9969797949075828,0.0019144184790959372,313.7208587646484,1.2243429,2.374568444666196,-0.26921949379673055,76264.7421875,5.0525885486177415,2460807.935796343
2460807.939244013,0.9976600509246839,0.0019092561135899777,313.46097564697266,1.2245225,3.560691980348537,-5.093444334859583,76264.7421875,5.442866428663851,2460807.935974201
2460807.9394253064,0.9955801011388873,0.0019058603288697395,312.78714752197266,1.2247058,2.4939920263797224,-3.576409465294177,76264.7421875,5.553636159946588,2460807.9361554976
2460807.939603613,0.9968701603107959,0.0019163992861914116,313.5827972412109,1.2248887,1.2764816575303355,-1.0846243354584177,76264.7421875,4.832707207179994,2460807.9363338077
2460807.9397815852,0.9992444444398079,0.001910993142350586,314.10098724365236,1.2250638,2.811642696904648,-3.854101252448805,76264.7421875,5.538062633911961,2460807.9365117825
2460807.9399596844,0.9979985096470625,0.0019061149248052907,315.2757171630859,1.2252483,2.600849403407682,-3.1277149756230336,76264.7421875,5.766594753033111,2460807.9366898844
2460807.940137702,0.9991697530013606,0.0019167999845652475,315.8930694580078,1.2254296,1.689083111080344,-0.6732233838451275,76264.7421875,4.838667113423381,2460807.9368679053
2460807.9403213905,0.9991664523161042,0.001900304641895132,316.2706237792969,1.2256179,3.194354514839093,-4.105941531002849,76264.7421875,6.778506649290627,2460807.937051597
2460807.94050405,1.0000643875858084,0.0019104207231598227,315.79749908447263,1.2258055,3.4449346338351488,-3.8312968539283743,76264.7421875,5.418981444683475,2460807.937234259
2460807.940684556,0.9985395331666931,0.0018887476303125516,315.65751190185546,1.2259929,3.6587961601804193,-4.289029908525074,76264.7421875,6.554710944711632,2460807.9374147686
2460807.940866104,0.9999981914812001,0.001890256922712187,315.0542358398437,1.2261829,3.943243561648434,-3.8627423725506973,76264.7421875,6.682130295034185,2460807.9375963192
2460807.941045117,0.9987935265510333,0.001905532898863158,314.4742630004883,1.2263708,2.2511243318022656,-0.13306776079895172,76264.7421875,5.291669774730574,2460807.9377753357
2460807.94122545,0.9980029907882407,0.0019061669799494954,314.4013977050781,1.2265584,3.388149938623571,-3.842377493883243,76264.7421875,5.2728787804251365,2460807.9379556715
2460807.9414047636,0.9986980572959222,0.0019019993141427757,314.6905685424805,1.2267485,3.27170404475716,-3.9452743271101984,76264.7421875,5.714356138524441,2460807.9381349883
2460807.941585282,0.9960576191314409,0.0019098026167018128,314.00033111572264,1.226938,3.020053962366292,-3.2362615308106464,76264.7421875,5.050296267329917,2460807.9383155094
2460807.941765429,0.9996425158029206,0.0019018050266583787,314.4042663574219,1.227129,3.292470955399993,-3.238392937212245,76264.7421875,5.944894743761418,2460807.9384956597
2460807.941944651,0.997702309750553,0.0019086218074518449,314.97307739257815,1.2273186,4.145456622572835,-3.9971804973752922,76264.7421875,4.996570694198132,2460807.9386748844
2460807.942125041,0.9973623573367244,0.001906836044743573,315.21516571044924,1.2275109,2.8602610151588865,-3.5301466563222497,76264.7421875,5.840910300370768,2460807.938855278
2460807.9423045404,1.0008125897787237,0.0019164771313208901,315.8254898071289,1.2277007,1.7876051736186163,-0.5901943522422367,76264.7421875,4.654338526595807,2460807.93903478
2460807.942483588,0.9977995693500963,0.0019130590060025445,316.2333038330078,1.2278975,2.1347887419778875,-1.271602931498893,76264.7421875,4.861318767832105,2460807.939213831
2460807.9426625436,0.9960635528451633,0.0019020763787571116,316.59148559570315,1.22809,3.00016324352776,-2.6823049421520198,76264.7421875,5.695858284346984,2460807.9393927893
2460807.9428416607,0.997167696642814,0.001877461659454246,315.94472045898436,1.228282,3.719098411345308,-4.260898193484451,76264.7421875,6.876044265661166,2460807.9395719096
2460807.9430222367,0.9976873284273363,0.0018978993709410834,316.171565246582,1.2284778,3.4397015502104464,-3.6786632607013003,76264.7421875,5.827348000316494,2460807.9397524884
2460807.943203715,0.9976924257950678,0.0019012806636309356,316.76392822265626,1.2286741,3.724189005136088,-4.481819039024091,76264.7421875,5.711083364189063,2460807.93993397
2460807.943383909,0.9992643771016189,0.001912347101581489,317.0397888183594,1.2288722,3.8938709133770395,-3.938194873373719,76264.7421875,5.031882332429081,2460807.9401141666
2460807.9435643107,0.9998763615259824,0.0019153675969078416,316.4835678100586,1.2290715,1.9499059574315067,-1.4548600703942964,76264.7421875,4.737391286702499,2460807.9402945717
2460807.9437435903,1.0001278216381853,0.0019080385385613688,315.73865661621096,1.2292708,4.550983420114627,-4.006622685772895,76264.7421875,5.462724766977132,2460807.940473854
2460807.943922719,0.9990604872703234,0.0019150736391615707,315.6168014526367,1.2294714,3.7686062562447504,-3.7819757613776863,76264.7421875,5.183075556483586,2460807.940652986
2460807.9441019176,0.9988944282749797,0.0019155639690001923,315.7160903930664,1.2296691,3.4959707596733987,-4.059937497799745,76264.7421875,5.023189832992531,2460807.9408321874
2460807.9442821112,1.0015061448092992,0.0019048279665855492,316.22083435058596,1.2298673,5.144031726609152,-4.181732362197223,76264.7421875,5.964845106939497,2460807.9410123844
2460807.944462502,0.9992463303835205,0.0018975532860976043,316.46314239501953,1.2300716,2.869633295950342,-3.5577808784569367,76264.7421875,6.04568983579026,2460807.941192778
2460807.9446417927,0.9985522729634285,0.0019101456727797133,316.4459487915039,1.2302708,3.5630591060399417,-3.634124078551073,76264.7421875,5.386674489335429,2460807.941372072
2460807.9448214425,0.9989465952408473,0.001914572140768196,316.8007339477539,1.230475,1.8379177696602438,-0.9134243069188575,76264.7421875,4.984162117362419,2460807.9415517244
2460807.9450014625,1.0006427360146029,0.001911518789699135,317.24066162109375,1.23068,3.589209745761537,-3.7450681057091106,76264.7421875,5.186711588063604,2460807.9417317477
2460807.9451806033,1.0007583515415999,0.001916778489703891,317.5862869262695,1.2308826,1.986889564117054,-0.20139123264041173,76264.7421875,4.929730485719279,2460807.9419108913
2460807.945359836,0.9993594819875148,0.0019004872801883258,317.39255981445314,1.2310887,3.5576721276217635,-4.873460412040748,76264.7421875,6.123103863631455,2460807.942090127
2460807.945538919,1.0002775459287274,0.0019104190320234384,317.31528930664064,1.2312918,4.103266840262552,-3.6747728390526864,76264.7421875,5.7747388615273945,2460807.942269213
2460807.9457191704,1.0026848617760173,0.0019026539268961877,316.97864532470703,1.2315025,3.257888744529057,-4.629400076572928,76264.7421875,6.404209016930117,2460807.9424494677
2460807.945901841,1.0026836801995818,0.0019050240794638692,316.5555725097656,1.2317103,2.9923075490127315,-4.241923920697603,76264.7421875,6.059692483418486,2460807.942632141
2460807.9460834465,1.0008956232108557,0.0019096987845233185,316.28175659179686,1.2319189,3.2484821043576426,-2.6444779697212297,76264.7421875,5.442738832890784,2460807.94281375
2460807.9462626106,1.0022415846603483,0.0019046283519170502,315.61244506835936,1.2321275,3.5250696784677253,-3.9138993580792256,76264.7421875,5.757584088261345,2460807.942992917
2460807.946441797,0.9992371255671462,0.0019110347651606185,315.42826385498046,1.2323386,2.6634683719651324,-3.116060432892666,76264.7421875,5.12173848768699,2460807.9431721065
2460807.946623449,1.0018355534978796,0.0019209858631944034,315.9462890625,1.2325478,2.0671065682709737,-0.34826650154831473,76264.7421875,4.528837540119883,2460807.9433537615
2460807.946803886,1.0001571315670208,0.0019177928188522995,316.45409240722654,1.2327582,2.067354102525752,-0.7124873297084834,76264.7421875,4.936192466423167,2460807.9435342015
2460807.9469851563,1.004891787131152,0.001917460432519977,316.3475173950195,1.2329742,1.7555722458202692,-0.5182380137001955,76264.7421875,4.771222827504424,2460807.9437154746
2460807.9471677686,1.000978366434885,0.0019122967005758347,315.91761169433596,1.233188,3.295708957039304,-3.9679887150190276,76264.7421875,5.005481874583369,2460807.94389809
2460807.9473503698,1.0003293111708456,0.001890450670584907,315.66341400146484,1.2334045,3.229883869075888,-3.900200078506877,76264.7421875,6.2627238152836195,2460807.9440806946
2460807.947533133,1.005345655886611,0.001892916656566674,316.02279510498045,1.2336208,3.2767311501058334,-4.0262281179636,76264.7421875,6.046886412644505,2460807.9442634606
2460807.9477122617,1.0027436958990998,0.0019013329097200768,315.597607421875,1.2338344,2.884445454424502,-3.2915549232885573,76264.7421875,5.435057379303941,2460807.9444425926
2460807.9478924903,1.0005764093707175,0.0018979160182295198,315.50560302734374,1.2340491,3.7082666567392244,-4.977529056915999,76264.7421875,6.277055829306258,2460807.944622824
2460807.948073112,0.9996105256493325,0.0019063830317877415,316.53869476318357,1.2342687,4.359486232217669,-3.6074139170253314,76264.7421875,5.221438295104318,2460807.944803449
2460807.9482533988,1.003491928626863,0.0019087201331252697,316.3144165039063,1.2344874,4.317133843379573,-4.108727562556805,76264.7421875,5.376220462696768,2460807.9449837385
2460807.9484335,1.0020461498480167,0.0019035365423528431,316.16093292236326,1.2347064,3.3113779425870007,-3.433609773222686,76264.7421875,5.400305362999407,2460807.9451638428
2460807.948613902,0.9998815043773909,0.0019060473880334688,315.9134811401367,1.2349255,4.123696838091079,-3.705273464415447,76264.7421875,5.162274862090133,2460807.945344248
2460807.9487942457,1.0032789556190451,0.0019142638483019044,315.18932189941404,1.2351451,2.5422606194265462,-0.6366107297526237,76264.7421875,5.0042573009492015,2460807.9455245947
2460807.9489732822,1.0016244905343141,0.0019118267533059252,315.1725372314453,1.2353651,3.5903823366424126,-3.562781373586076,76264.7421875,4.985765735436802,2460807.945703634
2460807.9491535686,1.0044099071299932,0.0019169740323624917,316.25506286621095,1.2355823,2.6093795438607006,-1.1932468853798817,76264.7421875,4.644183159088638,2460807.9458839237
2460807.9493328715,1.0026014271396135,0.0019090677376011167,316.66500091552734,1.2358006,3.7953219805307046,-3.910816615744809,76264.7421875,5.275453218662259,2460807.9460632293
2460807.9495120347,1.0041666530371713,0.0019128187367279464,316.4745498657227,1.2360238,1.721099153861162,-1.3062852858144043,76264.7421875,4.95867685347451,2460807.946242396
2460807.949693583,1.004694299517835,0.0019064370863848025,316.67285919189453,1.2362461,2.9258778327082657,-3.8479680427645744,76264.7421875,5.857737984611821,2460807.946423947
2460807.9498726306,1.0013681233480236,0.0019030493695506455,316.8548812866211,1.2364679,3.0965957426779633,-3.9441751039445867,76264.7421875,5.813110914463505,2460807.946602998
2460807.9500540164,1.0042321869955317,0.001908915647116379,318.56825256347656,1.2366943,4.126156162125625,-2.916985126970446,76264.7421875,4.963890790927401,2460807.9467843864
2460807.9502344416,1.0048551197973745,0.0019105846595772241,319.3099105834961,1.2369245,2.76944009131403,-0.8313677885099232,76264.7421875,5.155408164438996,2460807.946964815
2460807.9504147978,1.0036450363053737,0.0019169609527730253,320.6022354125977,1.237152,4.3936095169092395,-3.9755861296642285,76264.7421875,5.070138563666886,2460807.947145174
2460807.9505950604,1.0022816187369314,0.0019186186767423676,322.3832489013672,1.2373764,1.636567688674446,-1.0440262147430215,76264.7421875,5.2499392510139264,2460807.9473254397
2460807.9507742706,0.9989596382470451,0.0019180506738323807,323.23673553466796,1.2376048,4.150843743280534,-3.592564209951161,76264.7421875,4.921478648844663,2460807.9475046527
2460807.9509697994,1.0027786965563512,0.0019202045049873562,324.77482147216796,1.2378513,2.028883980006525,-0.5376664000108968,76264.7421875,5.068727286597472,2460807.9477001852
2460807.951150109,1.006287574451319,0.0019213305063884199,325.51006774902345,1.2380814,1.7815886321776255,-0.10072965738076277,76264.7421875,5.082232344021115,2460807.9478804977
2460807.9513292727,1.0032285845447755,0.001926084517201286,329.69099578857424,1.2383095,1.7560325294594006,-0.5376303813843548,76264.7421875,4.584232666908659,2460807.9480596646
2460807.9515098254,1.0030069134162252,0.0019081080936455617,331.21606292724607,1.2385373,5.063954416422897,-3.8052591889960166,76264.7421875,5.734343896649397,2460807.94824022
2460807.9516901113,1.0008294432322533,0.0019201981317331573,330.06237945556643,1.2387686,1.7146171812771485,-0.5076001175604875,76264.7421875,4.751015378221652,2460807.948420509
2460807.9518716596,1.004637583273556,0.0019159405908520648,327.57154083251953,1.2390072,3.3177664833162783,-3.0967216913250226,76264.7421875,5.189560089460187,2460807.9486020603
2460807.952050765,1.0028608818502514,0.0019167024917835036,324.8548110961914,1.2392382,4.036094819682344,-3.8685175794877287,76264.7421875,5.210784529840662,2460807.948781169
2460807.952231283,1.0051585397590894,0.0019223585480455186,325.95874176025393,1.2394762,2.476456848671328,-1.1082747592175226,76264.7421875,4.688030071855414,2460807.9489616896
2460807.9524089764,1.0015449760448334,0.0019130023731801997,325.43180389404296,1.2397033,1.8114295817761945,-0.8047497341182157,76264.7421875,5.358205496817796,2460807.9491393864
2460807.9525869484,1.0030668522153376,0.0019128608313837211,325.11903076171876,1.2399324,3.3986741753879253,-4.109191919930836,76264.7421875,5.2131799282079285,2460807.949317361
2460807.9527650354,1.0045869294831429,0.0019181471409214727,325.98462982177733,1.2401663,2.609228146905678,-1.2176743615765013,76264.7421875,5.258318338621806,2460807.9494954515
2460807.9529428915,1.0043064471872354,0.0019207246019114792,325.98243255615233,1.2404003,2.387347576279367,-0.9112109260819493,76264.7421875,4.872852600730762,2460807.9496733104
2460807.9531220435,1.0054381307091311,0.0019202309632503245,325.6522155761719,1.2406389,3.1985979587174063,-1.2086158815941552,76264.7421875,5.124948677041876,2460807.949852465
2460807.9533024454,1.0037432134476278,0.0019204173990847273,326.07970428466797,1.2408775,1.5917418300349437,-0.6788045375695365,76264.7421875,4.8753219556940195,2460807.9500328703
2460807.953483831,1.005397730769257,0.0019198227861708967,325.9951858520508,1.2411162,2.255277003029651,-1.4820818102386806,76264.7421875,5.228082878581362,2460807.9502142593
2460807.9536642795,1.0020340615917078,0.0019102876215636776,327.76499328613284,1.2413559,3.3869842259082428,-4.006522310292264,76264.7421875,5.400640998746963,2460807.9503947105
2460807.953844728,1.00268887321394,0.0019101371497137983,326.6230270385742,1.2415958,2.9569985803857595,-4.001833009918906,76264.7421875,5.9823469973742105,2460807.950575162
2460807.954026056,1.0030162989509106,0.0019130614112696078,327.4124298095703,1.2418405,2.118629916434335,-2.1969839229689376,76264.7421875,5.297145868289589,2460807.950756493
2460807.9542063307,1.002283132522433,0.0019045097580306252,328.5261856079102,1.2420839,3.2659306333823257,-4.28704553149291,76264.7421875,5.596803767179054,2460807.950936771
2460807.9543866864,1.0015800352208513,0.0019005154401562315,331.47347564697264,1.2423271,3.4721899389758244,-3.9629814249674804,76264.7421875,5.88444271820796,2460807.9511171295
2460807.954567042,1.0015744328818184,0.0019137298134488938,330.18641662597656,1.242571,1.9426360868131185,-0.8000880052919024,76264.7421875,5.023735296024796,2460807.9512974885
2460807.95474631,1.004672689702159,0.0019087158440846122,332.7059844970703,1.2428123,2.9479286381398024,-4.248620633861523,76264.7421875,5.4877724748663,2460807.9514767593
2460807.9549270244,1.0001900303853115,0.001917397480364905,336.76996154785155,1.2430608,1.7345906986418553,-1.214129463085963,76264.7421875,4.990360059715936,2460807.951657477
2460807.9551057485,1.0035216091343262,0.0019118589350379407,338.06016540527344,1.2433054,3.984459121185432,-3.8169396129899695,76264.7421875,5.424719246963695,2460807.9518362037
2460807.955285051,1.0044250440703826,0.001915851718325608,339.95204162597656,1.2435502,2.00438574232333,-0.7173259885723798,76264.7421875,4.8704421186221465,2460807.9520155094
2460807.955464261,1.002658406011627,0.0019157826639802128,338.6475494384766,1.2437973,4.139638229149129,-3.714464760589596,76264.7421875,5.3325280027065185,2460807.9521947224
2460807.9556434476,1.002222118987495,0.0019036112873305464,339.69495391845703,1.2440439,3.579860376149996,-3.1853215848382566,76264.7421875,5.689788292559163,2460807.952373912
2460807.955823595,1.0055448747722968,0.00190073074865973,339.0453811645508,1.2442892,3.88234035694548,-4.922129302276715,76264.7421875,6.436763372821282,2460807.9525540625
2460807.956002909,1.002637115172434,0.001905529361528587,340.195979309082,1.2445354,2.5546698472149267,-3.498696802898115,76264.7421875,5.800219954957905,2460807.95273338
2460807.956183219,1.001502608794037,0.001909740373424871,338.9640884399414,1.2447863,3.363725846229905,-4.092413096773884,76264.7421875,5.410689334653835,2460807.952913692
2460807.956363644,1.006414856437025,0.0019171071900127986,341.1345977783203,1.2450368,3.746702250380071,-3.514218053267026,76264.7421875,4.833730461583447,2460807.9530941206
2460807.9565437334,1.0032566787816073,0.001919972393150147,341.61929473876955,1.2452894,4.1206184668088275,-4.5815784524080385,76264.7421875,5.024781101844333,2460807.953274213
2460807.956722978,1.0046504662883011,0.0019085803900973516,342.8433120727539,1.2455432,3.389486612812545,-4.495883388882268,76264.7421875,5.673416032504441,2460807.9534534607
2460807.956902119,1.0017688293232774,0.001922625377998424,343.52088775634763,1.2457968,3.7789640796367494,-3.1460625720077227,76264.7421875,5.1021369519609,2460807.9536326043
2460807.9570812243,1.0029792664454924,0.0019221647276906942,341.65182342529295,1.2460506,2.1813167848064157,-0.8527490313086536,76264.7421875,5.0270711963500245,2460807.953811713
2460807.957260411,1.0045016630726729,0.0019244990482768644,340.8320846557617,1.2463047,3.6266927314401243,-4.315729725097176,76264.7421875,4.922385482388013,2460807.9539909028
2460807.9574396787,1.0025862444945521,0.001916140663309475,342.8295608520508,1.2465569,3.1141876544820994,-4.614630911063642,76264.7421875,5.488825835758154,2460807.9541701735
2460807.9576219902,1.0043996637544648,0.001905150001677693,340.71465759277345,1.2468192,3.3709140708701635,-5.033655222409229,76264.7421875,6.083514124063756,2460807.9543524883
2460807.9578025895,1.0071232632694525,0.0019175968896657076,342.165673828125,1.2470751,3.620009556274755,-4.510193126463141,76264.7421875,5.2710382872943695,2460807.9545330903
2460807.957982725,1.0040580417962406,0.0019194724413621259,339.6171356201172,1.247332,3.848762884265406,-4.065596902850662,76264.7421875,4.8865845584714815,2460807.954713229
2460807.958161808,1.0038736699783675,0.0019129140402851191,336.5686233520508,1.247586,4.18696045037298,-4.455335591957927,76264.7421875,5.453837380603972,2460807.954892315
2460807.9583413303,1.0042993606033048,0.0019195595165502355,336.4909042358398,1.247848,1.9224602645706408,-0.06878947793248107,76264.7421875,5.3357995873896265,2460807.9550718404
2460807.9585215705,1.0036981691138278,0.0019211093632139772,335.33128356933594,1.2481037,1.2975346823604825,-0.9941245551489095,76264.7421875,5.184323839560634,2460807.9552520835
2460807.9587017293,1.001934262290686,0.0019165217776542793,334.8080551147461,1.2483656,3.494252498119198,-3.077228019603893,76264.7421875,5.257334314115957,2460807.9554322455
2460807.9588820506,1.0029343570727611,0.0019192606472042762,335.17793731689454,1.2486289,2.231948286916132,-1.4492014658591912,76264.7421875,5.157094096370232,2460807.9556125696
2460807.9590623598,1.0039961089467093,0.0019173185511954108,335.4725112915039,1.2488922,3.187446087352525,-5.364215332416932,76264.7421875,5.506760860192834,2460807.955792882
2460807.95924282,1.0053354746542655,0.0018969254988649938,338.8185775756836,1.2491537,3.0805042573339705,-3.74861835051256,76264.7421875,6.685590732879897,2460807.955973345
2460807.959423164,1.003540571264684,0.0019162418730435788,336.8086669921875,1.2494216,2.7718284109768785,-4.040666111025251,76264.7421875,5.63990893443563,2460807.956153692
2460807.9596501393,1.0040938945962945,0.0019170734999687678,338.2502868652344,1.2497551,3.4142648025763243,-3.8768920643236906,76264.7421875,5.427715336555249,2460807.9563806714
2460807.959828099,1.0068836824130285,0.0019209662995039582,336.9108093261719,1.2500172,1.387360363045479,-0.6333658646898523,76264.7421875,4.80774710430321,2460807.956558634
2460807.9600062445,1.0013914171925151,0.001910326314465387,333.8867523193359,1.2502803,3.6822044150449753,-4.706752638226815,76264.7421875,6.217757219927832,2460807.9567367826
2460807.9601841234,1.0014089217085156,0.0019132174747563653,333.0656448364258,1.2505455,2.8693788809381657,-3.579456082342368,76264.7421875,5.514349101237481,2460807.9569146642
2460807.9603620023,1.0030013484210212,0.001912968888363659,333.6391082763672,1.2508108,2.2400902749043348,-0.7714012199684835,76264.7421875,5.318173479688369,2460807.9570925464
2460807.9605399393,1.0054161354529343,0.0019141476780515584,334.5549346923828,1.2510769,1.8705942306072945,-0.40950917328376435,76264.7421875,5.16918456567339,2460807.9572704863
2460807.960718061,1.0032785269006494,0.0019066589803391203,332.9972869873047,1.2513424,3.759457696405822,-4.1319323332150075,76264.7421875,5.400473171697482,2460807.957448611
2460807.960898417,1.0020580299026118,0.0019107025838723895,332.51404266357423,1.2516101,3.5924767513952287,-3.257779976954516,76264.7421875,5.494417723656414,2460807.95762897
2460807.9610828813,1.0062519433807111,0.0019180017957712502,330.69681243896486,1.2518901,1.3998135525462314,-1.4030861037215054,76264.7421875,5.160156553430701,2460807.9578134376
2460807.9612603323,1.0026464634253525,0.0019124198702143403,333.97640228271484,1.252159,3.5166512008269346,-4.617756454425251,76264.7421875,5.532742751140307,2460807.9579908913
2460807.961438153,1.0004037889562554,0.0019153012790010335,338.00094146728514,1.2524274,1.915489846437082,-1.2091027557036138,76264.7421875,5.340727970097587,2460807.9581687152
2460807.9616175136,1.0062047281979545,0.0019164131741516424,342.44864044189455,1.2527016,2.5925965270367746,-2.200685492631772,76264.7421875,5.275661634345059,2460807.9583480787
2460807.961795265,1.0040427436614319,0.0019104306987889584,340.21460876464846,1.2529716,3.4664934056339605,-4.120897291687988,76264.7421875,5.758007810509896,2460807.958525833
2460807.961973318,1.001241637984948,0.0019052888827203519,338.77470245361326,1.2532415,3.885429166833083,-4.917875849389391,76264.7421875,6.019932441635906,2460807.958703889
2460807.9621513123,1.0035726500982654,0.0019111310311204551,339.1020751953125,1.2535168,3.490478045102578,-3.0188311822341354,76264.7421875,5.408575815097268,2460807.9588818867
2460807.962329446,1.0069939246769906,0.0019009950135539175,340.3824859619141,1.2537926,4.664357960861947,-5.185789646910396,76264.7421875,6.303872588699086,2460807.959060023
2460807.962507487,1.003143847261427,0.0019123769529608133,338.54228515625,1.2540645,3.515695480332053,-4.218875125933957,76264.7421875,5.882863081583283,2460807.9592380673
2460807.962685435,1.0041355425229992,0.001912013115733294,338.1677017211914,1.2543393,3.6257463449883023,-3.9854826119891995,76264.7421875,5.520008121450738,2460807.9594160183
2460807.9628632213,1.0039949779836224,0.0019077726021794683,338.6218322753906,1.2546106,2.8243263063128308,-4.2330560470439,76264.7421875,5.711926347046256,2460807.959593808
2460807.9630417256,1.003652443888873,0.0019048244742412273,337.2108978271484,1.2548919,3.8422977367997104,-5.387939997088053,76264.7421875,6.032075663668396,2460807.959772315
2460807.9632214215,1.0032176660214165,0.0018971776899953325,337.0139633178711,1.2551721,4.428527815584899,-4.161649043258473,76264.7421875,6.92540185170009,2460807.959952014
2460807.9634005968,1.0040669606109245,0.001913223394846727,335.58883209228514,1.2554523,3.504354542005515,-3.7781066459351678,76264.7421875,5.709128784123607,2460807.960131192
2460807.9635786028,0.9997270452802794,0.001911716052786129,336.2568923950195,1.2557245,3.059285126848245,-4.48991672538414,76264.7421875,5.338895710517984,2460807.9603092014
2460807.9637567597,1.0052591778531323,0.0019190849024440506,338.13722076416013,1.2560081,1.9116332355813905,-1.3208132549987655,76264.7421875,5.356099096515623,2460807.960487361
2460807.963934592,1.004539543609115,0.001917146695247796,336.3149444580078,1.2562923,4.212287851588035,-4.499707977785417,76264.7421875,5.417691411241156,2460807.9606651966
2460807.9641124713,1.0035138684358398,0.0019029855850348563,336.9534423828125,1.2565649,4.316038396003512,-4.4766779096792195,76264.7421875,6.886637302892164,2460807.960843079
2460807.9644697453,1.0030993159267272,0.001890805907633054,335.1521270751953,1.2571341,3.0031549764692174,-3.9392469910215637,76264.7421875,6.929242125315841,2460807.961200359
2460807.9648258965,1.001985319711604,0.0019078697074762878,346.3110748291016,1.2577046,3.676053039950786,-5.005045905257631,76264.7421875,6.42061361818015,2460807.961556516
2460807.96500616,1.0021171707238354,0.0019058504821984155,346.819026184082,1.2579982,4.341221639355541,-3.886964587937677,76264.7421875,5.886137825912125,2460807.9617367825
2460807.9651840967,1.004038236684315,0.0019096366951527409,345.219987487793,1.2582778,2.935950320437654,-4.547857570623834,76264.7421875,5.815689881849133,2460807.9619147223
2460807.965542227,1.0048437501568952,0.0019151877725938683,343.27701873779296,1.2588597,3.850428172551566,-3.5777029762986428,76264.7421875,5.733348705103748,2460807.9622728587
2460807.9657202912,1.0045445196186662,0.0019093396559347249,341.7802932739258,1.2591395,2.909906113354797,-4.276633845619721,76264.7421875,5.676475700345472,2460807.9624509257
2460807.9658994083,1.0023205837835605,0.0019001630216208287,344.86462860107423,1.2594334,4.511984971573794,-4.6757198650950995,76264.7421875,6.683094194470562,2460807.962630046
2460807.9660775308,1.0022824433224187,0.0019203337220010544,347.3861572265625,1.259723,3.4961615993698496,-4.005967875025272,76264.7421875,5.1293511715692075,2460807.9628081713
2460807.966260305,1.0030321737677914,0.001922202385301681,346.3356201171875,1.2600228,2.7169584041168595,-1.33846265140024,76264.7421875,4.997357309726412,2460807.962990949
2460807.9664383233,1.0029515687946513,0.0019218792654514278,344.8093826293945,1.2603171,2.0421059308481215,-1.2254625163614594,76264.7421875,4.740794086603194,2460807.96316897
2460807.966616225,1.0061543759148077,0.0019164411479074216,341.34464874267576,1.2606007,1.8506405561091837,-1.4095152263960993,76264.7421875,5.182821608964969,2460807.963346875
2460807.9667943125,1.0053391753387142,0.0019100150785802898,340.49243316650393,1.2608973,4.024195060701534,-5.380550387573625,76264.7421875,5.80516523764328,2460807.963524965
2460807.966973372,1.0018749995610896,0.001895776394385202,338.2414031982422,1.2611948,4.0814292960142025,-4.369954084112354,76264.7421875,6.724350255815776,2460807.9637040277
2460807.9671513783,1.0009567944781106,0.0018889973889567421,340.1263092041016,1.2614925,3.610067245904802,-5.122080528932858,76264.7421875,7.134133698963035,2460807.963882037
2460807.9673293843,1.0033276059932295,0.0018975522835569122,338.70538024902345,1.2617827,3.9599126881254767,-5.140406331304806,76264.7421875,6.678044005184109,2460807.9640600462
2460807.9675085484,1.0032640444248007,0.0018955986660295484,339.5352035522461,1.2620851,3.3712888337282134,-4.411124334079297,76264.7421875,6.509888369823406,2460807.964239213
2460807.9676877693,1.0040997785574386,0.001912634680118893,341.1753204345703,1.2623732,3.328560161879561,-4.014027439361327,76264.7421875,5.0605621795339815,2460807.9644184373
2460807.967865799,1.0020938126144854,0.0019020415098771723,341.1551223754883,1.2626743,3.7134708453262335,-4.498179205697441,76264.7421875,5.610457262456137,2460807.96459647
2460807.9680449045,1.0049799168785827,0.0019117382445121912,340.61826477050784,1.262977,2.771443635078183,-4.498034378682972,76264.7421875,5.11610121927599,2460807.9647755786
2460807.9682228416,1.0028549616400635,0.001912577938335557,340.42315368652345,1.2632772,3.540657670533938,-3.8069806627418874,76264.7421875,5.1237520654352995,2460807.9649535185
2460807.968400952,1.0039594808882177,0.0018993787947796871,339.16319732666017,1.2635769,2.6226845863200254,-4.061044391701091,76264.7421875,5.965806004729329,2460807.965131632
2460807.968579884,1.0047783714580167,0.0019017649354395468,339.001936340332,1.2638764,3.3346338549571226,-5.7612465578306535,76264.7421875,5.9572386235229855,2460807.965310567
2460807.9687579134,1.0034487958737994,0.001904334756190888,338.6439453125,1.2641801,2.088888555066509,-4.011391382183736,76264.7421875,5.736019470292198,2460807.9654885996
2460807.968937239,0.9993073894655249,0.0019055172520213485,336.5459411621094,1.2644837,2.8876535151476115,-3.5610741050604218,76264.7421875,5.255144277547637,2460807.965667928
2460807.9691173634,1.002972736605634,0.0018906642026784296,339.22202453613284,1.2647865,3.8181151551052146,-5.361332460926156,76264.7421875,6.160702188691541,2460807.9658480557
2460807.9692953005,1.004381621021365,0.0019081783493988776,340.7636199951172,1.2650959,3.8332763674538337,-4.430312235593001,76264.7421875,5.370874160156572,2460807.9660259956
2460807.969475656,1.0025830615022995,0.0019006787020713965,339.80457611083983,1.2653992,3.46133733596389,-4.659421378994624,76264.7421875,5.716325614286696,2460807.966206354
2460807.9696537433,1.0059873938038795,0.0019141059482963238,339.5194625854492,1.2657107,2.526235682108096,-3.3690717844939755,76264.7421875,5.2742924008226355,2460807.9663844444
2460807.969831888,1.0031331432962176,0.0019234679056455016,335.2427154541016,1.2660143,1.3749478697882316,-1.3293803353349334,76264.7421875,4.51012197706212,2460807.9665625924
2460807.970009964,1.0038761243404233,0.0019142041834184897,333.9096221923828,1.2663187,3.5876704801605177,-4.489881118215311,76264.7421875,5.222421978887688,2460807.966740671
2460807.9701919286,1.0053671714494585,0.0019200155823653289,332.8412582397461,1.2666311,1.8590097966250043,-1.7201548407865428,76264.7421875,4.832422505932127,2460807.966922639
2460807.970369229,1.0018093385910525,0.0019132594221664104,332.973388671875,1.2669424,1.8299824144054204,-1.2222609321801163,76264.7421875,5.212415612674143,2460807.9670999423
2460807.970547258,1.005068806436985,0.001913725930801771,332.8448760986328,1.2672545,3.20706683611821,-4.571017436516132,76264.7421875,4.836552985216555,2460807.9672779744
2460807.970726468,1.004346134325942,0.0019020880366730393,333.2259582519531,1.2675637,4.4252398442450955,-4.555792151952753,76264.7421875,6.16236778737259,2460807.9674571874
2460807.970904474,1.0050232376222636,0.0019098545987657743,332.4266876220703,1.267874,3.8810206704763166,-3.9167924020678315,76264.7421875,5.660324866260062,2460807.9676351966
2460807.971082527,1.0026566765603677,0.001915708844336841,335.3760650634766,1.2681911,3.7512444903355964,-4.477957373050415,76264.7421875,5.200836086407831,2460807.9678132525
2460807.9712652783,1.0060147605216907,0.001910080923211876,335.94271392822264,1.2685125,2.666233287046011,-4.597001430635262,76264.7421875,5.5724190440814185,2460807.967996007
2460807.9714433197,1.0006442527539867,0.0019136970535006841,335.9081787109375,1.2688215,2.7839564783793946,-4.4189328256449105,76264.7421875,5.321379182979117,2460807.968174051
2460807.9716213485,1.0022275467650648,0.001904139541324832,339.95238494873047,1.2691369,3.649903607335735,-5.128991170200412,76264.7421875,5.58611231488757,2460807.968352083
2460807.9717994942,1.0017450518912825,0.0019079194636203427,338.3212326049805,1.26945,2.530250708447392,-4.087448027402843,76264.7421875,5.3664086446090815,2460807.9685302316
2460807.971977431,1.0037700163769199,0.001924191357210448,338.73985900878904,1.2697657,1.429093975382063,-0.844581205421733,76264.7421875,4.360377414151297,2460807.9687081715
2460807.9721555295,1.0014448215416651,0.0019226321854494282,340.9701522827148,1.2700827,3.061363429395841,-3.9541353701145865,76264.7421875,4.448745070547395,2460807.968886273
2460807.9723347165,1.0058584350444626,0.0019171629804178132,343.48849334716795,1.270404,4.000623837119271,-4.042784453919266,76264.7421875,5.246252329473643,2460807.969065463
2460807.9725127923,1.0037195050008367,0.0019251512494570242,345.7026733398437,1.2707256,2.3311238840983672,-3.2851551366121408,76264.7421875,4.41316893496224,2460807.969243542
2460807.972690659,1.003758183833698,0.0019234121855841464,347.29401245117185,1.2710364,1.519747245938028,-1.4415109249949527,76264.7421875,4.909241902642496,2460807.969421412
2460807.972868816,1.003187846836157,0.0019272642401719766,349.09203186035154,1.2713608,1.9951758812207963,-1.3678680381060477,76264.7421875,4.414599706104211,2460807.9695995715
2460807.9730477133,1.0041059543786837,0.0019199882133666313,349.17457122802733,1.2716845,1.8249122492558232,-1.6406238674018756,76264.7421875,4.884044048048213,2460807.969778472
2460807.9732257198,1.0049788057239784,0.0019216510942063007,345.3584716796875,1.272004,1.9877468976548713,-1.4578042792534975,76264.7421875,4.673613450878828,2460807.9699564814
2460807.97340383,1.0030752114612016,0.001913295643159104,344.5776062011719,1.272324,2.474110734829074,-1.3116284598971035,76264.7421875,4.777234027866416,2460807.970134595
2460807.9735829243,1.002489486678876,0.0019113473110118153,346.3143814086914,1.2726515,2.046169247320669,-1.7152566446463904,76264.7421875,5.123272705283462,2460807.970313692
2460807.9737608265,1.0082764618947146,0.0019139845642116692,346.64165954589845,1.2729732,1.7238874512143636,-1.394719504304589,76264.7421875,4.95975071930421,2460807.9704915974
2460807.973938914,1.0059277612786863,0.0019135624082152404,348.1456329345703,1.2732937,1.804855656909205,-1.7395735186655257,76264.7421875,5.111153281923094,2460807.9706696877
2460807.974120438,1.0029684782294754,0.0019162296704789996,348.2569320678711,1.2736335,3.286769784611388,-4.519509993081216,76264.7421875,4.829416152790199,2460807.970851215
2460807.974298584,1.0066659933251696,0.0019224634480719928,349.0042022705078,1.2739566,1.8869531575260503,-1.3888749034570882,76264.7421875,4.328899094455981,2460807.9710293636
2460807.974476497,1.0079683064873028,0.001922468540440212,347.42216796875,1.2742805,1.934067048636054,-1.4716716197087503,76264.7421875,4.3896095086154165,2460807.97120728
2460807.9746545036,1.006182659159053,0.0019205431529938013,347.2222473144531,1.2746117,1.6071297325175826,-0.9834845665510453,76264.7421875,4.647755614481375,2460807.9713852894
2460807.9748327294,1.0012035916249922,0.0019123925231546558,346.4611251831055,1.2749438,1.688141743915722,-1.2940925801740988,76264.7421875,5.219213038189813,2460807.9715635185
2460807.975010562,1.0052574685934568,0.0019242157910592812,345.8782684326172,1.2752635,1.603455178518278,-1.0849190173162344,76264.7421875,4.303268475874288,2460807.971741354
2460807.975188626,1.007179891508406,0.0019186652112807708,347.1956161499023,1.2755967,3.4586311472628615,-4.608237553844554,76264.7421875,4.732381509330863,2460807.971919421
2460807.9753665747,1.004432545535224,0.0019130624895926723,345.93921051025393,1.2759302,3.738416595727382,-4.820302476163237,76264.7421875,5.241362098690797,2460807.9720973726
2460807.975545553,1.0039699356121332,0.001913420514757318,345.20941772460935,1.2762648,2.965403888752171,-4.010322254163249,76264.7421875,5.28610940560953,2460807.972276354
2460807.9757242887,1.0082234578254,0.0019117558780729416,345.9503112792969,1.2766016,3.239326187181274,-4.851817068471752,76264.7421875,5.434019180879774,2460807.9724550927
2460807.975902688,1.0069784558977173,0.0019166286309123084,346.2505874633789,1.2769264,1.7499563834104446,-1.552509538164285,76264.7421875,4.926038652286815,2460807.9726334955
2460807.976081713,1.0059146484974768,0.0019192703507079358,347.71194610595705,1.2772646,2.9460282895544183,-4.457350097299402,76264.7421875,4.977313631692932,2460807.972812523
2460807.976259557,1.0063390854277807,0.0019225146105859286,348.0478851318359,1.2776038,1.8645360478147974,-1.7006029807635366,76264.7421875,4.617013754697684,2460807.9729903704
2460807.976439809,1.006098853411599,0.0019198817433729008,349.4761703491211,1.2779446,2.361233617508026,-1.2989211450562352,76264.7421875,5.168711883042012,2460807.973170625
2460807.9766179654,1.005518679647441,0.0019294386478637873,348.90086669921874,1.2782832,1.9947237302594885,-1.3817637649761052,76264.7421875,4.0089149948292615,2460807.9733487847
2460807.9767961106,1.0037814259586222,0.0019269221614765346,348.59052124023435,1.2786213,2.384358387305432,-1.5512933834606915,76264.7421875,4.341726521914572,2460807.9735269328
2460807.9769739085,1.004957875458517,0.0019268374874853711,352.3214584350586,1.2789533,2.5048389853066513,-1.7129906508110113,76264.7421875,4.701438040235527,2460807.973704734
2460807.9771520304,1.0074116709351681,0.0019285546872574028,356.68684844970704,1.2793005,1.4759908618130357,-1.4992385587809451,76264.7421875,4.691930054701207,2460807.9738828586
2460807.9773299554,1.005607697831462,0.0019277441959524796,354.0075439453125,1.2796297,1.6455444719678602,-0.793203802462828,76264.7421875,4.912349146695758,2460807.974060787
2460807.9775081472,1.0051743827695023,0.0019227558241739218,352.73298797607424,1.2799773,3.381570433616512,-4.700061087186587,76264.7421875,5.387431994144652,2460807.9742389815
2460807.977687195,1.0050983719295328,0.0019192532228313524,350.1898223876953,1.28032,4.120495427537602,-5.268665651435908,76264.7421875,5.478302879685907,2460807.9744180324
2460807.9778675972,1.0043969452072514,0.0019196627855405757,348.6941940307617,1.2806661,3.250877555112514,-4.654267148276092,76264.7421875,5.200320260990651,2460807.9745984375
2460807.9780469458,1.0029031350480737,0.0019263954713199065,351.5652587890625,1.281007,2.0174910077305968,-1.6555713052412224,76264.7421875,4.578469712415001,2460807.9747777893
2460807.9782273364,1.006327105222732,0.0019264142612413716,349.809553527832,1.2813555,1.7596984265347921,-1.1469790509373308,76264.7421875,4.686029080658767,2460807.974958183
2460807.9784052614,1.0052732093098828,0.001915983336292254,347.3749145507812,1.2817039,3.3785914157670347,-5.172427101247648,76264.7421875,5.3905467341633555,2460807.975136111
2460807.978586798,1.0075906104358723,0.0019271290586589831,349.74903259277346,1.2820557,2.1263426765024103,-1.8679128342239417,76264.7421875,4.658359527364592,2460807.9753176505
2460807.978764688,1.0030514493704565,0.001923558642256819,353.48175048828125,1.2824039,3.0159603423331593,-4.309701408089173,76264.7421875,4.829216221156543,2460807.975495544
2460807.978942822,1.0040612091022834,0.0019282855690857454,355.828141784668,1.2827512,1.8537643296768689,-1.6658535396064635,76264.7421875,4.492871522882834,2460807.9756736807
2460807.97912077,1.0035149396185912,0.0019273223349763945,357.0582962036133,1.2831033,1.891666570818062,-1.7049793621368148,76264.7421875,4.785832071077657,2460807.9758516317
2460807.979298707,1.0061764228325554,0.0019289463567714763,355.1740295410156,1.2834547,1.2160915422942513,-1.4944370791964658,76264.7421875,4.386377931977689,2460807.9760295716
2460807.979479086,1.0033877020453892,0.0019269254036905538,359.13149108886716,1.2838001,2.280946485155373,-0.9907208724709098,76264.7421875,4.605328630259117,2460807.976209954
2460807.979657405,1.0079129230304236,0.0019174222885735258,361.2381103515625,1.2841517,1.94186407573467,-1.7139305089991275,76264.7421875,5.2053373356220245,2460807.9763882756
2460807.979835295,1.0051391706635335,0.0019173718783395404,364.29027099609374,1.2845032,2.356958649478663,-1.2723720612915463,76264.7421875,5.229096273759355,2460807.976566169
2460807.980013371,1.0052573515387253,0.001917807915297459,364.35967712402345,1.2848613,1.951303259535238,-1.6549922293113952,76264.7421875,5.306029818352881,2460807.9767442476
2460807.980192361,1.0020827323874566,0.0019175663864503362,362.0399658203125,1.2852194,3.0284835764675546,-3.8775641662198117,76264.7421875,5.304291987827453,2460807.976923241
2460807.980370518,1.0052724945846545,0.001919916250847465,362.0948455810547,1.2855634,2.850323704783444,-1.9652074530661507,76264.7421875,4.957861187751887,2460807.9771014005
2460807.98054967,1.002850440654259,0.001919859224709236,364.1783874511719,1.2859217,2.1939997754953584,-1.3256087145502138,76264.7421875,4.952874740443397,2460807.9772805558
2460807.980727815,1.0047405953126898,0.0019224516885390157,367.613720703125,1.2862806,1.7772533767378198,-1.6945095639648826,76264.7421875,4.764240204161537,2460807.977458704
2460807.980905879,1.0030199213303035,0.0019194423912560596,369.43390502929685,1.2866408,4.069925616777811,-4.27227373697315,76264.7421875,5.145515276223286,2460807.977636771
2460807.981085251,1.0065860202623722,0.0019215222200376974,365.4501449584961,1.2870017,1.9967133495958755,-1.9050832439392669,76264.7421875,5.101006650933993,2460807.977816146
2460807.9812629563,1.0076879300161379,0.001925624865772261,366.5678207397461,1.2873582,2.2425353339058867,-1.246924889569655,76264.7421875,4.756290909568233,2460807.9779938543
2460807.9814409856,1.0048750940508429,0.0019061012124669046,365.8891876220703,1.2877171,3.4544008237597406,-5.340090721883441,76264.7421875,5.704535816225073,2460807.9781718864
2460807.9816223714,1.0055092004997679,0.0019041050364797113,363.21386871337893,1.2880866,4.097702398580097,-4.972735008634962,76264.7421875,5.995939934269943,2460807.9783532755
2460807.9818003774,1.0018510861128505,0.0019137850741104358,363.3313980102539,1.2884471,3.243146574914918,-4.242600280145221,76264.7421875,5.299384085821279,2460807.9785312847
2460807.981978546,1.0047634315621274,0.0019135003896889136,369.02814025878905,1.2888047,2.9427685455655626,-5.665759209899792,76264.7421875,5.573005003229858,2460807.978709456
2460807.9821576397,1.0018415015329778,0.0019159952861909659,368.55582122802736,1.2891662,3.335869358286472,-4.31342487466484,76264.7421875,5.288241575485133,2460807.978888553
2460807.9823365374,1.0086184577686659,0.001906834608840714,368.7489990234375,1.2895359,3.509600440377138,-5.047328420113941,76264.7421875,6.045816457424814,2460807.9790674536
2460807.9825155735,1.0067013648046872,0.0019226941463410282,370.2662551879883,1.2899063,3.3779860185519235,-4.870866853903131,76264.7421875,4.98233750784979,2460807.979246493
2460807.982696138,1.0073907947744027,0.0019251422921322783,369.4160690307617,1.290271,2.795574690072474,-1.538789823033261,76264.7421875,4.973681995362759,2460807.97942706
2460807.9828737737,1.0033634018449524,0.001922001194177848,370.15030975341796,1.2906344,3.4433764084751504,-5.480383910190527,76264.7421875,5.240773331767421,2460807.979604699
2460807.9830518146,1.0048437419368392,0.0019209125376577793,367.1612060546875,1.2910045,1.6001699943088123,-0.7118374454543795,76264.7421875,5.33242815007145,2460807.979782743
2460807.9832299943,1.0051354715290353,0.001924499720737782,367.5943359375,1.2913767,2.229096088391929,-2.0333541573156575,76264.7421875,4.964769479505668,2460807.979960926
2460807.9834078387,1.0060220726589724,0.0019302820784653438,368.8275421142578,1.2917348,1.9712295359589265,-1.2330359809901899,76264.7421875,4.21065028570837,2460807.980138773
2460807.983586956,1.0060167963141267,0.001926979483868316,373.8109893798828,1.2921063,2.5343103452677185,-2.160347658308666,76264.7421875,4.670747735061074,2460807.9803178934
2460807.9837649507,1.006017599876971,0.0019292758252263031,372.1021224975586,1.292481,2.464265684304614,-1.921619305101002,76264.7421875,4.785286204260981,2460807.980495891
2460807.9839431997,1.004127939023451,0.0019301451551765438,371.4013305664063,1.2928581,1.8665630994169506,-0.9898812078839124,76264.7421875,4.4898300906483914,2460807.9806741434
2460807.9841210674,1.0036403373408282,0.0019303768059069646,369.3882171630859,1.2932232,1.2678229235951577,-1.7068015291248924,76264.7421875,4.435879601971899,2460807.980852014
2460807.984299212,1.0070729680547479,0.0019360652086038367,370.2993682861328,1.2935981,1.5556908389289459,-0.9633374929441132,76264.7421875,4.2501200257307445,2460807.981030162
2460807.9844960608,1.005175323186606,0.001927112646826108,369.02295379638673,1.2940126,1.9049684304119974,-2.0118750432643155,76264.7421875,4.703076718140722,2460807.9812270137
2460807.9846750395,1.0066047203046462,0.0019346830226142585,368.21361083984374,1.2943864,1.4954282119784459,-1.3916914791913342,76264.7421875,3.734367835602461,2460807.9814059953
2460807.984853196,1.0054162869998982,0.0019330247088210504,368.0400451660156,1.294763,1.7369342013154987,-1.5636529329015136,76264.7421875,4.612041876549554,2460807.981584155
2460807.9850310287,1.00234692453708,0.0019314768005775406,367.9319351196289,1.2951431,2.433336137354625,-1.3177868363917173,76264.7421875,4.3700477574200605,2460807.9817619906
2460807.985209093,1.0067027663126888,0.001928498997491539,367.2012237548828,1.2955098,2.050665983374663,-1.3906371811882816,76264.7421875,4.628618243212829,2460807.981940058
2460807.9853871805,1.005105716452464,0.001932311954685582,372.13566436767576,1.2958933,1.6914514472840854,-1.775233650370337,76264.7421875,4.253754131885535,2460807.9821181484
2460807.9855651977,1.0055707962821157,0.0019317940778976,373.80934143066406,1.2962773,2.0244149140891556,-1.0669376467768519,76264.7421875,4.584014674607287,2460807.982296169
2460807.9857431464,1.005502021511232,0.0019312371998009676,378.78466949462893,1.2966455,1.704295256542183,-1.1505156024356917,76264.7421875,4.634660908805879,2460807.9824741203
2460807.985921222,1.0062115377383534,0.0019315937168285183,381.6788024902344,1.2970293,2.5638891517331546,-1.6910394616631848,76264.7421875,4.683090471605784,2460807.982652199
2460807.986099205,1.0056471909024063,0.0019244524792206034,390.26969757080076,1.2974158,1.043086926556912,-1.055980610888574,76264.7421875,5.260801787240228,2460807.982830185
2460807.986277211,1.00612523096763,0.001923514762373722,398.3889953613281,1.2977882,4.166503130576412,-4.792747739439476,76264.7421875,5.166952464789185,2460807.9830081942
2460807.9864563174,1.0048119389600738,0.0019240137822281033,400.2982482910156,1.2981748,1.5746492774249514,-1.8348257154442842,76264.7421875,5.052864873523268,2460807.9831873034
2460807.9866344156,1.0042922555532412,0.0019217928782060839,399.2207656860352,1.2985652,2.937398683998338,-4.060505057152454,76264.7421875,5.282427256476088,2460807.983365405
2460807.9868122716,1.0044312989743451,0.0019271786213931354,398.36471405029295,1.29895,2.3284200166972027,-2.189568992833097,76264.7421875,4.926277695529033,2460807.9835432637
2460807.986991366,1.0031024967572453,0.0019156962920642555,402.78284912109376,1.2993335,3.7772432322878466,-5.14337415848203,76264.7421875,5.639180092668771,2460807.9837223613
2460807.987170553,1.0020585549013599,0.001918443189501609,403.6669616699219,1.2997287,3.5363014435698092,-4.5242233829708445,76264.7421875,5.393731356902258,2460807.983901551
2460807.987348559,1.004701987473458,0.0019263772082801617,404.05724945068357,1.3001129,1.8492920603932015,-1.4122366315455552,76264.7421875,5.238500434062722,2460807.9840795603
2460807.9875288224,1.008694680622443,0.0019270011940678727,407.2115707397461,1.3004998,1.951693637396343,-1.9630297522865012,76264.7421875,4.900237922150497,2460807.9842598266
2460807.9877069094,1.005898808816918,0.0019265208087552083,406.01455841064455,1.3008923,2.07804533299399,-1.6672484496673585,76264.7421875,5.1739028175072015,2460807.984437917
2460807.9878849504,1.0058022163631815,0.0019295593710686276,407.55941009521484,1.3012872,1.8214195646909792,-2.5108468809122804,76264.7421875,5.255413970551061,2460807.9846159606
2460807.9880629447,1.007423419503042,0.0019305711894271856,406.0452346801758,1.301676,2.117567130959946,-1.3877262075931145,76264.7421875,5.083707390192254,2460807.9847939583
2460807.9882409745,1.0049040205190687,0.0019282399633963972,408.36707000732423,1.3020666,4.110667967390494,-4.9789668275040135,76264.7421875,5.231879387381759,2460807.984971991
2460807.988419073,1.0046080005285172,0.0019298851055092102,410.5798812866211,1.3024656,3.1243029608770336,-3.5359210623364636,76264.7421875,4.9069869635881735,2460807.9851500927
2460807.988597114,1.0059403680267343,0.00193059886985844,412.08665618896487,1.3028479,1.4800767673039685,-2.2108205482859726,76264.7421875,4.696956295413257,2460807.9853281365
2460807.988775363,1.0028811861194935,0.0019162685039448265,415.4062072753906,1.3032477,3.0447268023608713,-4.849889934875258,76264.7421875,5.707546892112698,2460807.985506389
2460807.9889532193,1.0076986837597983,0.0019339994628429585,420.9114929199219,1.3036474,1.5743897213200697,-1.4195654766186732,76264.7421875,4.805061288828005,2460807.9856842477
2460807.9891312136,1.0069646480874346,0.0019331938790021377,420.42802276611326,1.304044,2.544580453838665,-2.1718137084416567,76264.7421875,5.0033087992425065,2460807.9858622453
2460807.9893090236,1.0086031475626465,0.0019412583507751487,424.0567626953125,1.3044415,0.830655571887895,-1.5334394053384321,76264.7421875,4.6427297321901735,2460807.986040058
2460807.9894871106,1.0048687578503126,0.001940906705352387,428.9415451049805,1.3048278,2.651531846465168,-1.987524318225147,76264.7421875,4.740403003776588,2460807.9862181484
2460807.98966514,1.0062919170395086,0.001945701502099597,428.2444549560547,1.3052327,1.9113318345510604,-1.3681675416867332,76264.7421875,4.359201991701632,2460807.9863961805
2460807.989842984,1.0069329482705067,0.0019462549217458519,426.22505645751954,1.3056329,2.232515705006346,-1.421693243868899,76264.7421875,3.9727824985269957,2460807.9865740277
2460807.9900209787,1.003979333750296,0.0019413071472451204,422.7254302978516,1.306032,1.9350780574836592,-2.109419704773413,76264.7421875,4.755343596091181,2460807.9867520253
2460807.990199124,1.004946791432396,0.0019426632275065662,419.6298889160156,1.3064357,2.31012988874169,-1.664484785607506,76264.7421875,4.396559814490567,2460807.986930174
2460807.990377119,1.004176188318703,0.0019440764663011508,420.1736892700195,1.306841,2.1891900670397697,-1.2271599500473913,76264.7421875,4.325089526290132,2460807.9871081715
2460807.9905551476,1.005403713906025,0.0019343541550370345,424.7517379760742,1.3072317,3.019904287381368,-2.4941962153551405,76264.7421875,5.0718859059075365,2460807.9872862035
2460807.9907333395,1.0065332124570536,0.0019429096440478954,424.90205535888674,1.3076415,2.12731002131708,-1.7214738191281995,76264.7421875,4.230938991441696,2460807.987464398
2460807.9909114265,1.0039405564677906,0.0019371113914293107,423.02224884033205,1.3080462,2.528550069537624,-2.1082573031457117,76264.7421875,5.186605570620129,2460807.9876424884
2460807.9910892476,1.005352117232505,0.001940743806916136,420.49217834472654,1.3084504,2.0433386732755183,-2.7319174194166806,76264.7421875,4.71944169395247,2460807.9878203124
2460807.991267196,1.0051052055793066,0.0019430703325262876,415.87588653564455,1.3088593,1.9076349536536008,-1.3423279742427425,76264.7421875,4.281439096139273,2460807.987998264
2460807.991446556,1.0027275379146474,0.0019384534114512731,406.6210571289063,1.3092706,2.144559189777792,-1.8108778489981432,76264.7421875,4.435829653118319,2460807.9881776273
2460807.9916245276,1.0050288267483591,0.001939780393105346,407.00028839111326,1.3096842,1.5641669735435313,-1.7047683229973754,76264.7421875,4.5903717637706745,2460807.9883556017
2460807.991804895,1.0042325770587233,0.0019371789058391722,411.2196762084961,1.3101004,1.5914669998383837,-1.39709020379723,76264.7421875,4.676665418046936,2460807.9885359723
2460807.9919829476,1.0053944166887718,0.0019406351287167287,410.0824005126953,1.3104989,1.44871005146996,-1.4375764099930413,76264.7421875,4.4011749656020065,2460807.9887140277
2460807.9921610113,1.0052861425085629,0.0019410973546928486,415.6899124145508,1.3109223,2.521756491407321,-2.404101271394305,76264.7421875,4.400616128035816,2460807.9888920947
2460807.992338995,1.0064826697850566,0.0019331745197408725,421.98222198486326,1.3113261,3.511394973440782,-4.042793115656466,76264.7421875,5.093746827151057,2460807.989070081
2460807.9925168618,1.004246217307968,0.0019275260605525514,419.0807189941406,1.3117465,2.507542332522624,-5.016285402256019,76264.7421875,5.610119330881144,2460807.989247951
2460807.992694915,1.0072344857884923,0.0019298158290087918,414.31786346435547,1.3121465,1.2944901274027587,-1.5837785367045796,76264.7421875,5.890680340932109,2460807.989426007
2460807.992874356,1.0060435739084719,0.0019233063547977435,408.72402038574216,1.312567,1.9918394919124245,-1.8416580112926437,76264.7421875,5.507292282151951,2460807.9896054515
2460807.99305205,1.0023913631185777,0.0019186398955385214,412.9336624145508,1.3129885,4.2643835450135406,-5.390791232648916,76264.7421875,5.48769003992921,2460807.9897831483
2460807.99323016,1.0059127426197743,0.0019320355264477941,419.5291488647461,1.3134086,1.9850750422368355,-1.9168890874883184,76264.7421875,5.166729520911439,2460807.9899612614
2460807.9934081896,1.0075302107869546,0.0019338986650200831,420.23621978759763,1.3138137,2.549815237289506,-1.712340367861529,76264.7421875,4.897117830774063,2460807.990139294
2460807.9935860913,1.0053304824088891,0.0019396369372650605,421.5116485595703,1.3142361,1.4742939417364935,-1.9064417657220474,76264.7421875,4.183353869061479,2460807.990317199
2460807.9937641094,1.0041757527856736,0.0019320039374983152,420.88887481689454,1.3146543,3.267788630086279,-2.423017960148785,76264.7421875,5.057683824667368,2460807.99049522
2460807.9939421387,1.005554454413423,0.0019355174904282198,417.6209976196289,1.3150726,2.0586123550100357,-1.9965882611707646,76264.7421875,4.827815583219539,2460807.9906732524
2460807.994120157,1.00537363192314,0.001934486294941064,419.83906707763674,1.3154967,2.1991013942825703,-1.4751169001513496,76264.7421875,4.826294212206246,2460807.9908512733
2460807.9942980935,1.0041603314102154,0.001934555580344428,419.47194213867186,1.3159203,1.778769441566507,-2.0545106852689963,76264.7421875,4.980961856366135,2460807.991029213
2460807.994476227,1.0043835878438216,0.001928093873969733,422.39945831298826,1.3163396,2.185698471019504,-1.7425999813867368,76264.7421875,5.3760264816608,2460807.9912073496
2460807.994654372,1.0080841458288705,0.0019326387118313566,424.48864288330077,1.3167629,3.4777202635912783,-4.460812199813362,76264.7421875,5.044824285771669,2460807.9913854976
2460807.994832355,1.0049561077439182,0.0019288808143618343,423.8920867919922,1.3171824,3.827844829017737,-4.508221900262727,76264.7421875,5.215597981451991,2460807.9915634836
2460807.995010026,1.0041025860033619,0.0019262326060728657,418.87099609375,1.3176096,3.5089479743216976,-4.774721592750667,76264.7421875,5.5120584592435256,2460807.9917411576
2460807.9951893054,1.0083194628974106,0.0019320882847321617,420.18258514404295,1.3180394,1.5611129311714471,-1.659905981034366,76264.7421875,5.38408377188647,2460807.99192044
2460807.995368434,1.0078135277560651,0.0019277949219498785,421.56734161376954,1.3184699,3.1647264397810617,-4.3345145248134935,76264.7421875,5.273841138024121,2460807.992099572
2460807.9955464634,1.01001174205772,0.0019383491460796503,418.44519195556643,1.3189017,1.5354336505753645,-1.9083613236913857,76264.7421875,4.664916474449641,2460807.992277604
2460807.9957243884,1.0069425676284431,0.0019423938162761423,422.9868392944336,1.3193273,2.0736913201503597,-2.1205307631757546,76264.7421875,4.605407959442753,2460807.9924555323
2460807.99590243,1.0060902104468792,0.0019337004748943706,425.7537872314453,1.319754,2.4572963762062,-2.1454964288389937,76264.7421875,5.168126445500904,2460807.9926335765
2460807.996080355,1.0058099878923346,0.0019341392907125346,425.612744140625,1.3201872,2.3184658990554494,-2.2576021979290384,76264.7421875,5.089915482141415,2460807.9928115048
2460807.9962583957,1.0073992918935952,0.0019246799549735058,425.31036682128905,1.3206237,3.7208201552627105,-5.013564523357336,76264.7421875,5.567495277424265,2460807.9929895485
2460807.9964364944,1.0082116504552474,0.0019345083168519966,422.94847259521487,1.3210622,2.6079842306868573,-4.941536487535737,76264.7421875,5.253459523180447,2460807.9931676504
2460807.996614582,1.0031075504429596,0.001934294278474328,423.73324432373045,1.3214883,2.911324861912962,-3.1540047069020014,76264.7421875,5.729613709763821,2460807.9933457407
2460807.9967926573,1.0042389013990147,0.0019382011796447022,424.8707473754883,1.3219215,1.3238686680797196,-1.724062756206918,76264.7421875,4.831666089700987,2460807.9935238194
2460807.996971775,1.003990701458799,0.0019312806403087661,426.36555633544924,1.3223536,3.684733028684074,-5.097829546827956,76264.7421875,5.6524670156348575,2460807.9937029397
2460807.997149723,1.0079470159985437,0.0019393550709215493,425.11050872802736,1.3227933,2.237752791924711,-2.2164947099162693,76264.7421875,5.1211887913816625,2460807.9938808912
2460807.9973278106,1.0079313947681836,0.001937290929930128,419.32059783935546,1.3232282,2.416780260859076,-1.49707572276743,76264.7421875,5.127551298710964,2460807.9940589815
2460807.997505689,1.0062214770022186,0.0019415351917299642,421.00325775146484,1.3236646,2.712265650950653,-1.8255051175278623,76264.7421875,5.04096757365373,2460807.994236863
2460807.997683649,1.0075756165046588,0.0019402328459600462,417.6591201782227,1.3241085,2.5613743342367683,-1.3362445601628277,76264.7421875,4.902400835254266,2460807.9944148264
2460807.9978615744,1.0070660781647776,0.0019379072328014402,419.43757781982424,1.3245484,1.2681058768047089,-2.314128501325566,76264.7421875,4.748143764292204,2460807.9945927546
2460807.998039476,1.007091933828626,0.0019287196052854803,422.254948425293,1.3249866,4.093283505040744,-4.939013945884296,76264.7421875,5.872030322675782,2460807.9947706596
2460807.9982198556,1.0050416106715852,0.0019285304456845525,423.4408325195312,1.3254348,4.298892754728923,-5.742830720871551,76264.7421875,5.69228808658829,2460807.994951042
2460807.9983978383,1.0053280101609905,0.0019188591602682169,419.33375854492186,1.3258817,3.3086987479138488,-5.052126957608586,76264.7421875,6.124986107849412,2460807.995129028
2460807.998575787,1.0089037452069882,0.0019255114794662607,422.4987045288086,1.3263285,3.919303929734309,-4.966184470572347,76264.7421875,5.854925542588008,2460807.9953069794
2460807.9987537814,1.0070981744581764,0.0019288945907886697,422.9976608276367,1.3267761,2.79843520139305,-4.398956379115549,76264.7421875,5.6853985720520095,2460807.995484977
2460807.9989319267,1.0076793537065554,0.0019368963468505821,422.4778121948242,1.3272088,3.1533750048519935,-4.232118497524932,76264.7421875,4.699683395911992,2460807.995663125
2460807.9991098167,1.0090174735995785,0.00192429159341842,420.4613784790039,1.3276558,1.4096689003236114,-1.591541771426733,76264.7421875,5.502279711125617,2460807.9958410184
2460807.9992876034,1.0062717111151698,0.0019350327991954348,418.55360260009763,1.3281021,1.9982540752145663,-1.5977450277772045,76264.7421875,4.994162829659222,2460807.996018808
2460807.9994656094,1.0085884650625836,0.001932703932530928,416.08070220947263,1.3285534,2.44691959784758,-3.1867995266943545,76264.7421875,5.13099355608144,2460807.996196817
2460807.99964372,1.0082964446028528,0.00192967396671247,417.8011734008789,1.3290093,3.006901214645021,-2.3867541826827763,76264.7421875,5.24022287699053,2460807.9963749307
2460807.9998217956,1.00954664248861,0.0019256439719875342,416.337060546875,1.3294469,2.5244415102936,-2.518327172138194,76264.7421875,5.3610526740365065,2460807.9965530094
2460807.9999999986,1.004574589872133,0.0019264770783099722,416.6153076171875,1.3299036,2.5468683835179347,-2.306872651944226,76264.7421875,5.303020143698138,2460807.996731215
2460808.0001778775,1.0068297479263062,0.0019287602311231083,411.844548034668,1.3303574,3.6293185118714346,-4.382846137855301,76264.7421875,5.494854957596058,2460807.9969090973
2460808.000357134,1.0056451531784558,0.0019288436834056185,409.4628082275391,1.3308113,1.88238518356705,-2.5286028379729255,76264.7421875,5.3319364284317246,2460807.9970883564
2460808.000538635,1.0065117098026677,0.0019284030275444868,405.225407409668,1.331279,1.5940414208423324,-1.3447035274415946,76264.7421875,5.122114422314424,2460807.997269861
2460808.000717822,1.007843868352207,0.0019312770791101524,405.50621185302737,1.3317358,3.4141489448880153,-5.272054277493284,76264.7421875,4.980247511038301,2460807.997449051
2460808.000896141,1.0103937203723652,0.0019279558809125515,404.88062286376953,1.3321883,2.7367135461428296,-1.1602126452363912,76264.7421875,5.592931389499625,2460807.997627373
2460808.0010739616,1.009522221633874,0.0019195467973539082,401.17370758056643,1.3326408,4.143357882837079,-5.30850009859201,76264.7421875,5.800190860234075,2460807.997805197
2460808.001253137,1.0077392612243619,0.0019069322885602842,398.1183349609375,1.3331046,3.358425740966271,-5.293023664405718,76264.7421875,6.667136219806747,2460807.997984375
2460808.001431282,1.00821325536247,0.0019153644267777548,398.41022338867185,1.3335708,3.5212321469988095,-6.030725672811888,76264.7421875,6.209001774928911,2460807.9981625234
2460808.0016091843,1.0056152673662844,0.001925300948137148,396.7901947021484,1.3340198,1.7912431144859107,-1.7015604851237123,76264.7421875,5.118600815727622,2460807.9983404283
2460808.0017872714,1.0072648554715324,0.001933708286262411,394.24413909912107,1.3344876,1.9400081211264835,-2.082945605355645,76264.7421875,4.878955142743975,2460807.9985185186
2460808.0019662846,1.0063724704390167,0.0019270828997630931,394.5836944580078,1.3349531,2.4383850745662237,-1.9420563283061156,76264.7421875,5.276875301021285,2460807.9986975347
2460808.002150078,1.0068703869258504,0.0019356494564779524,394.93369750976564,1.3354199,2.7004944060875378,-2.0905455736800063,76264.7421875,4.734174345251302,2460807.998881331
2460808.0023295535,1.0050982570296798,0.0019309568354826138,393.91343841552737,1.3358857,2.6614445927974266,-1.2987229065222192,76264.7421875,5.024509905301304,2460807.99906081
2460808.002507398,1.0054066094937375,0.001931402202127871,391.5962677001953,1.3363555,3.0082631686599175,-5.2664572326402235,76264.7421875,4.8317872589100785,2460807.9992386573
2460808.0026854966,1.0097738200814663,0.0019356489398392395,392.9206802368164,1.3368265,1.7805146148760045,-0.7924874634404848,76264.7421875,4.775443495905418,2460807.9994167592
2460808.0028634104,1.0058486093017784,0.0019315475562446248,395.78986206054685,1.3372923,2.5260806962064173,-2.138027423580571,76264.7421875,4.951053194512114,2460807.999594676
2460808.003042539,1.0077177066455851,0.0019371352224670743,396.3855239868164,1.3377586,2.673313085014367,-1.8264905028088607,76264.7421875,4.8726043392398815,2460807.999773808
2460808.003220534,1.0068286934168738,0.0019308174730336418,399.5222732543945,1.3382206,1.7798721537987217,-2.0638076916607546,76264.7421875,4.992481570711675,2460807.9999518055
2460808.003398482,1.0101021810552524,0.0019303879904489793,397.3483947753906,1.3386942,2.7566359509411176,-2.081976389071459,76264.7421875,5.243164772078229,2460808.000129757
2460808.003576361,1.0088113447860207,0.0019362335827815145,396.45862579345703,1.3391669,1.9862908331022362,-1.559482107262607,76264.7421875,4.743792376421509,2460808.0003076387
2460808.003754402,1.006178126668672,0.0019245056652553267,391.77181243896484,1.3396416,2.24998020957204,-2.2178188448268754,76264.7421875,5.506812156582817,2460808.000485683
2460808.0039324663,1.0075078750846025,0.0019337251022714457,392.3992446899414,1.3400989,1.5801691026310858,-2.1711374136627017,76264.7421875,4.500272877135796,2460808.00066375
2460808.0041117226,1.0108450023520021,0.001936279345344279,391.2776306152344,1.3405762,1.8717641220131855,-1.6686221606217686,76264.7421875,4.579601521421759,2460808.0008430094
2460808.004290782,1.0062117929289052,0.0019351768703177576,389.4731414794922,1.3410529,1.9803320335471086,-1.4086089507232882,76264.7421875,4.302016171398435,2460808.0010220716
2460808.00446895,1.0062278864701666,0.0019336863753665681,392.74986267089844,1.3415303,3.7785608034847837,-4.656984797607122,76264.7421875,5.007653024090404,2460808.001200243
2460808.0046492484,1.0059711126616635,0.0019344797906512814,390.7808044433594,1.3420135,1.2541365484250502,-1.793146488530499,76264.7421875,4.607509878485862,2460808.001380544
2460808.0048271734,1.0068164861282913,0.0019310092720079433,389.3544235229492,1.3424911,2.1770927874781516,-2.087341956200686,76264.7421875,5.108969807394106,2460808.0015584724
2460808.005006325,1.0073407223397042,0.0019322387099066397,383.10518035888674,1.3429659,3.0346035813829695,-2.065975981606607,76264.7421875,4.950503954749693,2460808.001737627
2460808.005186334,1.0063757988705209,0.0019286688295720156,383.69784393310545,1.3434485,2.4149492500983682,-1.4794494533786897,76264.7421875,5.306919007266996,2460808.001917639
2460808.005366782,1.0059138026846943,0.0019139197280452168,383.30641784667966,1.3439336,3.501718756161609,-4.511005144298423,76264.7421875,6.243402348447356,2460808.0020980905
2460808.0055447654,1.0092719092012719,0.00191970445496108,386.13465881347656,1.344426,3.3254110221117656,-5.966432197150424,76264.7421875,5.729165210246218,2460808.0022760765
2460808.0057226787,1.0053350381060584,0.0019182467822826425,386.194677734375,1.3448905,3.6667226125538046,-5.198700797780693,76264.7421875,5.632168939962846,2460808.002453993
2460808.0059006503,1.0078449679022,0.001915336317457478,386.4038055419922,1.3453861,4.266601515157745,-4.662536718116167,76264.7421875,5.586334448065953,2460808.0026319674
2460808.006078587,1.0059370847493243,0.0019140408832118586,386.7680328369141,1.3458774,4.6425216153398985,-6.450229403917169,76264.7421875,5.904169935355547,2460808.0028099073
2460808.006256651,1.0052340816171015,0.0019209851309471306,389.864274597168,1.3463452,3.1073672081004484,-4.8017826901396194,76264.7421875,5.569852381517564,2460808.0029879743
2460808.006434484,1.0088438416300332,0.0019220321278651806,388.6913604736328,1.3468366,4.142187810166374,-4.612302507364165,76264.7421875,5.452943619903929,2460808.0031658104
2460808.006613231,1.0082037767508487,0.0019145022079843075,387.53629608154296,1.3473306,3.4642714370502903,-4.879728590484202,76264.7421875,5.771160032776462,2460808.00334456
2460808.0067905886,1.0084641406976051,0.0019184086626177468,391.0169448852539,1.3478112,3.4347697083740942,-5.701819450155463,76264.7421875,6.035402887607515,2460808.003521921
2460808.0069708982,1.004911451812003,0.001899733675844641,386.8024185180664,1.3483142,5.132927105092529,-4.801234237461904,76264.7421875,6.600701271004808,2460808.003702234
2460808.0071511962,1.0075935175743969,0.0019240821544861384,378.5606658935547,1.3488115,3.1285594840708875,-4.2216472000844405,76264.7421875,5.156303487488245,2460808.003882535
2460808.007329121,1.0071002155692037,0.0019230828775889163,386.16394195556643,1.3492876,2.9488805653251036,-5.848755399183055,76264.7421875,5.410832330609392,2460808.004060463
2460808.0075071855,1.007492440065158,0.0019208384398568335,391.3873794555664,1.349786,3.3639023465996187,-4.394956731846801,76264.7421875,5.436339145838398,2460808.00423853
2460808.0076851454,1.0093307272406344,0.0019121522646724405,393.2063949584961,1.3502828,3.726405741805267,-5.788383585510205,76264.7421875,6.131581246726082,2460808.0044164932
2460808.007863221,1.004458390796005,0.0019196012771261223,393.8476760864258,1.350763,4.009321522999393,-5.6997500880272,76264.7421875,5.535315370308451,2460808.004594572
2460808.00804132,1.006172038327624,0.001920157430788991,395.5608383178711,1.3512655,4.2861118379676855,-4.194551873853246,76264.7421875,5.918984064080112,2460808.004772674
2460808.0082191755,1.0085460391846772,0.0019160200097793633,392.57124481201174,1.3517665,4.832659281297903,-5.573192815394057,76264.7421875,6.380100079206802,2460808.004950532
2460808.0083972164,1.0065973364124272,0.0019150473634903273,393.68695678710935,1.35225,4.627120956609505,-4.86799726335386,76264.7421875,6.020591970915471,2460808.0051285764
2460808.008575142,1.008798487223882,0.0019304526528556114,394.09920501708984,1.3527491,2.2843515242398658,-2.3887625377852206,76264.7421875,5.07041765160842,2460808.0053065047
2460808.008753229,1.0066667622845658,0.0019293860321949183,395.45664367675784,1.3532483,2.313455936575343,-1.3982475501896525,76264.7421875,5.0644401409378315,2460808.005484595
2460808.0089310734,1.008899989105082,0.0019333810340191274,393.76916656494143,1.3537529,2.1760498160609396,-2.182898954733785,76264.7421875,4.884079436646969,2460808.005662442
2460808.0091089057,1.0066589643265764,0.0019372477408663295,394.40685272216797,1.3542475,2.210730540504486,-1.8705142763491012,76264.7421875,4.92094416832259,2460808.0058402778
2460808.0092870165,1.009679157136165,0.0019273382554003196,391.4678649902344,1.3547492,3.413876112640515,-5.310539933807997,76264.7421875,5.1904552814685,2460808.0060183913
2460808.009464976,1.00655690721146,0.0019336881859677055,391.81347808837893,1.3552577,1.524977038202167,-2.1966301772390375,76264.7421875,4.807851452884592,2460808.006196354
2460808.009643121,1.0107075512278165,0.0019312021601376583,389.25219879150393,1.3557466,3.6599054755698814,-4.819649926930372,76264.7421875,5.263673308803247,2460808.006374502
2460808.00982063,1.0096174023926376,0.0019258051680794037,389.00621643066404,1.3562557,2.8870318571621105,-1.9047213072685332,76264.7421875,5.4290603882781685,2460808.006552014
2460808.009998694,1.0067233190481513,0.0019226532932781024,390.14882507324216,1.3567659,3.6165277287061715,-6.451209206411941,76264.7421875,5.659671080817749,2460808.006730081
2460808.010176758,1.0076432915055074,0.0019231254742641528,395.4511001586914,1.357258,2.81533715336048,-4.71498377959671,76264.7421875,5.855822805278768,2460808.006908148
2460808.0103547755,1.0108040062809227,0.0019145630886915053,396.19645538330076,1.3577696,4.366460623840219,-6.359645696829873,76264.7421875,5.994458827231627,2460808.007086169
2460808.010533812,1.0102168779960694,0.0019166986894122403,393.1597610473633,1.3582825,3.7225577943356285,-5.536950184609278,76264.7421875,6.769157342073458,2460808.0072652083
2460808.010714781,1.007326672899068,0.0019260436744135585,388.8173431396484,1.3587981,3.3058031370183323,-4.7069206540516575,76264.7421875,5.219483118991785,2460808.0074461806
2460808.010893216,1.0103374945446815,0.0019275472403629899,386.14166870117185,1.3593113,3.7718416752636426,-4.682865725408957,76264.7421875,5.227168899503951,2460808.0076246182
2460808.0110735595,1.008924179384077,0.0019258467782599902,385.779931640625,1.3598296,3.7175500364423812,-4.2876759454817845,76264.7421875,5.342964355104619,2460808.007804965
2460808.011251624,1.0091964493986012,0.001923802140227376,380.5747344970703,1.3603401,4.359860825834835,-4.256179664354519,76264.7421875,5.687914013501194,2460808.0079830326
2460808.011429607,1.008370926600665,0.0019264628794033198,381.3595916748047,1.3608542,2.4211083421349335,-2.7298378317283216,76264.7421875,5.442458946145391,2460808.0081610186
2460808.011607544,1.0077227049138373,0.0019219781362391803,383.7946151733398,1.361371,4.665528371596819,-5.523314091472831,76264.7421875,5.6607179310765545,2460808.0083389585
2460808.0117854574,1.0056002712423455,0.0019149618152466564,383.7782867431641,1.361884,3.16405980741304,-6.204669958033062,76264.7421875,6.0731184552205395,2460808.008516875
2460808.011963405,1.0076190422316855,0.0019019770714828583,381.4056869506836,1.3624012,5.807001597194648,-6.54159457036151,76264.7421875,6.932142899965783,2460808.008694826
2460808.012141377,1.0078492515119508,0.0019047180931289686,383.85672454833986,1.3629167,2.6745251414529148,-4.540601365297425,76264.7421875,6.312144532764277,2460808.008872801
2460808.012319476,1.0070649098689566,0.0019171347033755733,383.3006591796875,1.3634304,4.157686422176629,-5.1337331105149016,76264.7421875,5.654551224219622,2460808.009050903
2460808.012497505,1.0085220081215607,0.0019173062475305947,384.6442276000977,1.3639569,3.465080412514959,-4.287323369447893,76264.7421875,5.419960797682083,2460808.009228935
2460808.0126812058,1.006759691851947,0.0019125182003097829,381.72289581298827,1.3644846,3.9390159159163223,-5.774869036830153,76264.7421875,5.79854955078701,2460808.009412639
2460808.0128591545,1.0085273735666733,0.0019014952249550312,385.7322280883789,1.365011,4.057383245336581,-4.908546919452058,76264.7421875,6.783590469415375,2460808.0095905904
2460808.0130371256,1.0087979492561814,0.0019103779569467857,388.08949584960936,1.3655388,3.0444895939742,-5.372895977174714,76264.7421875,5.985576815535366,2460808.0097685647
2460808.0132175507,1.0091839975931225,0.0018925616719054675,382.8047393798828,1.3660664,4.137886998681483,-5.324873681780316,76264.7421875,7.053294166275174,2460808.009948993
2460808.013396969,1.010438375841516,0.0019159454073113093,380.7121856689453,1.3665867,3.51514904376703,-4.402243636791536,76264.7421875,5.448027728443184,2460808.0101284143
2460808.01357604,1.0089696790230678,0.0019170367279067598,383.59398345947267,1.3671132,3.496216207060225,-5.011511546420718,76264.7421875,5.854575496018622,2460808.0103074885
2460808.0137552386,1.0078401101993963,0.0019078322193548547,386.5221862792969,1.3676456,4.310455346624496,-5.612734226345795,76264.7421875,6.643714385429304,2460808.01048669
2460808.013934182,1.0098839055939821,0.0019105983648858209,390.98547210693357,1.3681792,4.326175478633044,-4.920635451450395,76264.7421875,6.172569028236158,2460808.0106656365
2460808.0142938057,1.009639573938258,0.001889028778453697,384.2220962524414,1.3692484,3.342285497867257,-5.772031582548185,76264.7421875,7.173614848526634,2460808.0110252663
2460808.014471684,1.0116223176141288,0.001917947876824993,383.3175872802734,1.3697761,4.061020542648737,-5.014847626533784,76264.7421875,5.984905737613893,2460808.011203148
2460808.01465086,1.0075280658028525,0.0019091617707963828,385.78612365722654,1.3703076,3.5015991639026782,-3.996701071833186,76264.7421875,6.497953432504563,2460808.0113823265
2460808.0148288193,1.01193737675485,0.0019171532072922183,382.07513122558595,1.3708471,4.330184706753404,-4.6953092283889015,76264.7421875,5.905359009213665,2460808.011560289
2460808.015006907,1.006247767344066,0.0019125803628059332,382.9533096313477,1.3713653,3.5453467024945455,-4.639113641775118,76264.7421875,5.890258128663481,2460808.0117383795
2460808.015184982,1.008351860837906,0.0019153042169624808,384.58331298828125,1.3719065,3.894546761983251,-5.084264292747359,76264.7421875,6.223125372810145,2460808.011916458
2460808.0153642735,1.0080884911194328,0.0019247539930388894,381.381640625,1.3724458,3.611586883411354,-4.813813055445701,76264.7421875,5.291320398435345,2460808.012095752
2460808.015542326,1.0097884924305776,0.0019106658716649659,388.04395904541013,1.3729865,4.153306022410157,-6.295534958391529,76264.7421875,6.346675818492548,2460808.012273808
2460808.0157201933,1.0100968871357487,0.0019251589505771898,388.234147644043,1.3735288,3.35220096604014,-5.1422791368946426,76264.7421875,5.284961866980879,2460808.012451678
2460808.0158995306,1.0076714639532842,0.0019306216422068764,388.91180419921875,1.374062,1.1237405792829114,-2.141570791897486,76264.7421875,4.903800217925397,2460808.0126310186
2460808.016077224,1.009376176218544,0.001929803868465302,387.4018493652344,1.3745967,2.564498515664575,-1.7799398308089374,76264.7421875,4.943831004750256,2460808.0128087155
2460808.0162551496,1.007303816251869,0.0019273430674918227,387.133154296875,1.3751447,3.0315821230587434,-1.4490837669988763,76264.7421875,5.3897126895661,2460808.0129866437
2460808.0164336762,1.0094458534701034,0.0019189787238982658,383.0648895263672,1.3756875,4.111064281104984,-4.859860135737283,76264.7421875,5.665807893461376,2460808.0131651736
2460808.0166110923,1.0099578686024246,0.0019234252163209994,379.3413055419922,1.3762266,3.1294272857106775,-4.767646700040556,76264.7421875,5.533183316643522,2460808.0133425924
2460808.01678889,1.0118750807248171,0.0019283231157113845,381.0984146118164,1.3767725,2.610658444216722,-2.2165553622687537,76264.7421875,5.07844155161341,2460808.0135203935
2460808.0169670125,1.0080002588056125,0.0019258164770832075,387.0551284790039,1.3773123,3.1837332807268934,-5.427070905261197,76264.7421875,5.329252841262377,2460808.0136985187
2460808.017145088,1.00878863861771,0.0019239729346089685,384.2211715698242,1.3778512,4.052555416164856,-4.843359309674242,76264.7421875,5.270056685352302,2460808.0138765974
2460808.0173231983,1.007964716160603,0.0019265805140612443,380.3958572387695,1.3784015,2.936072085603707,-1.913433107617881,76264.7421875,5.031100996581288,2460808.0140547105
2460808.017501158,1.0100322862972058,0.0019236069321508305,377.9112243652344,1.378955,2.660795194440518,-1.7614297803839918,76264.7421875,5.238458433392269,2460808.0142326737
2460808.017679188,1.0090861548448216,0.0019179039009331288,373.88506469726565,1.3795019,2.7929185569653363,-4.756233250534631,76264.7421875,6.456149166606953,2460808.0144107062
2460808.01785724,1.0099191104261873,0.0019221184548919672,380.4540283203125,1.3800487,2.9776690223297364,-4.6518751266786795,76264.7421875,5.238206299873189,2460808.0145887616
2460808.018035235,1.0129740948129253,0.0019234427749764821,384.3674819946289,1.380604,3.699659022420961,-3.894663606921242,76264.7421875,5.203057869779989,2460808.0147667592
2460808.0182133103,1.009671760762834,0.0019128180808861326,383.8694808959961,1.3811616,4.705037671673419,-5.0855785935321345,76264.7421875,5.9380625409024805,2460808.014944838
2460808.0183911202,1.0102552254052524,0.0019228221846265524,379.24932250976565,1.3816997,1.1691798859755986,-0.9368733349033229,76264.7421875,5.228284810101123,2460808.0151226507
2460808.018570295,1.0101464138524148,0.0019125450739046325,379.3643310546875,1.3822591,2.7397890029510483,-4.638909905549333,76264.7421875,5.80912274476299,2460808.0153018287
2460808.018748197,1.0103420440066386,0.0019158707326585632,379.9450439453125,1.3828229,4.270462263174891,-4.647545926100736,76264.7421875,5.574968550983597,2460808.0154797337
2460808.018926238,1.0114633913867526,0.0019101100264330097,384.9840255737305,1.3833678,3.0968820023243016,-4.5130569140267545,76264.7421875,6.149914934902245,2460808.015657778
2460808.019104418,1.0142645665924948,0.0019147184437872233,385.107568359375,1.3839329,4.326189161816654,-5.358671954096758,76264.7421875,5.688502580864331,2460808.015835961
2460808.0192822157,1.0064422486284403,0.0019026524171837633,386.123957824707,1.3844953,3.3714600997193886,-5.125161675714722,76264.7421875,6.313268576287275,2460808.0160137615
2460808.0194601985,1.0103507990213474,0.001904054022743934,385.7609436035156,1.3850525,3.166168463045316,-5.399924625998917,76264.7421875,5.924427936690804,2460808.0161917475
2460808.019638263,1.0101443206795573,0.0018946874366655231,385.67044219970705,1.38561,5.264662109924089,-5.319408010485883,76264.7421875,6.572767777750945,2460808.016369815
2460808.019816327,1.0099508198075542,0.0019174781105124013,384.84483032226564,1.3861734,4.274679518913117,-4.9485912296952845,76264.7421875,5.4682912618064865,2460808.016547882
2460808.0199944377,1.0106665872571088,0.0019184405614769333,383.8536041259766,1.386739,4.034923996144148,-4.795961833599422,76264.7421875,5.297898902405429,2460808.0167259956
2460808.020172432,1.0097701150257214,0.001921945416356896,385.4889083862305,1.3872892,2.3357850928269444,-1.799431548999501,76264.7421875,5.292293219048296,2460808.016903993
2460808.0203503803,1.0109863323346502,0.0019162019429013971,386.26258392333983,1.3878636,3.3954347805996954,-4.889643685679267,76264.7421875,5.598803936012867,2460808.0170819443
2460808.0205284213,1.0075632489552564,0.0019113054391997663,384.3741790771484,1.3884285,4.380764422433036,-5.6885376940514325,76264.7421875,5.9596761740338735,2460808.0172599885
2460808.0207064506,1.0114318454656972,0.0019128169784335335,385.9460205078125,1.3889938,3.4642734985630956,-5.373492944680961,76264.7421875,5.793754526201199,2460808.017438021
2460808.0208844105,1.0130870503071099,0.0019179777394170506,388.2384948730469,1.3895656,3.4525332360970635,-5.100550120398515,76264.7421875,5.692484408089753,2460808.0176159837
2460808.02106244,1.0088380882829717,0.001917927582391831,386.7906784057617,1.3901385,3.1173941922800408,-4.7816229480791845,76264.7421875,5.5457405176991745,2460808.0177940163
2460808.0212405273,1.0078479987202509,0.0019089136912741338,387.9291275024414,1.3906928,4.080107753051826,-4.188643380634938,76264.7421875,5.984548420991944,2460808.0179721066
2460808.0214182325,1.0101750941750307,0.0019108248090863597,384.89341888427737,1.3912727,4.394500535168589,-5.888999400785033,76264.7421875,5.689853195343153,2460808.018149815
2460808.021596343,1.010629390119002,0.0019151116737026448,385.4510894775391,1.3918393,3.5891212901594245,-5.407706218385993,76264.7421875,5.997753452827965,2460808.018327928
2460808.0217742217,1.0084437948781453,0.001922157360644493,385.7212341308594,1.3924128,3.5828707072382016,-5.29981158401243,76264.7421875,5.175459664612057,2460808.0185058103
2460808.0219522626,1.0110795856425485,0.0019227252247877452,390.5903381347656,1.3929818,2.1284919917085467,-2.4622459920139343,76264.7421875,5.248955874482672,2460808.018683854
2460808.022130408,1.0113629618493343,0.0019299708718583074,389.4059997558594,1.3935676,2.1477566459121578,-1.2267785971226834,76264.7421875,4.620132289250485,2460808.0188620025
2460808.022311782,1.0107083232395329,0.001911133513858761,388.68955078125,1.3941477,4.216084870785001,-4.189814064391051,76264.7421875,6.69044538155827,2460808.0190433795
2460808.022489846,1.0121973478145165,0.0019073367503709634,388.55689239501953,1.3947289,3.9032617372638523,-4.787067916678975,76264.7421875,6.0597242830676175,2460808.019221447
2460808.022667794,1.012249283401088,0.0019189155247731518,388.33184814453125,1.3953127,2.9179118134414535,-2.3791982984785203,76264.7421875,5.616874702026896,2460808.019399398
2460808.0228459397,1.012155539684467,0.001923075264995617,387.6772125244141,1.3958875,2.895973919616035,-1.1767561584553474,76264.7421875,5.341492872678974,2460808.0195775465
2460808.023023957,1.009543176638946,0.00192276182154384,387.8534225463867,1.396464,3.9561446610429782,-4.685853024804804,76264.7421875,5.248461861766245,2460808.019755567
2460808.0232053893,1.0116562965932674,0.0019278173392658102,388.0691635131836,1.3970538,2.6924959943505646,-2.4696566173627943,76264.7421875,4.993773153285801,2460808.019937002
2460808.0233834763,1.0153790037828245,0.0019182473701865493,384.5396209716797,1.3976451,2.615669497749391,-1.6143049652448076,76264.7421875,5.8440175308713345,2460808.0201150924
2460808.0235613557,1.0084389205398558,0.0019172576443450364,387.80836334228513,1.3982345,3.5257722186570497,-4.260127377226388,76264.7421875,5.485757843712193,2460808.0202929745
2460808.0237392923,1.0081703233315924,0.0019246900963957446,384.50536956787107,1.3987999,2.151694263274257,-0.8526103900255072,76264.7421875,5.042901838012399,2460808.0204709144
2460808.023917194,1.0091330438997865,0.0019188111226125144,382.54254455566405,1.3993915,4.185748080677823,-4.78463753171799,76264.7421875,5.4179301403860665,2460808.0206488194
2460808.024095096,1.0117913876224833,0.0019198441324108655,382.148779296875,1.3999832,4.429617789350936,-4.597624843772358,76264.7421875,5.0624091416025205,2460808.0208267244
2460808.0242731255,1.0102567066079566,0.0019288993338555426,380.48683471679686,1.4005632,2.3925535238310163,-1.4978721958791814,76264.7421875,4.666239839878311,2460808.021004757
2460808.0244521387,1.013450185094245,0.001919096910793052,379.0334182739258,1.4011587,3.1345064645907863,-1.4874015164136312,76264.7421875,6.032667313433721,2460808.021183773
2460808.0246300753,1.0097458593335036,0.0019265261390347848,377.9268524169922,1.401754,2.1636200261801535,-1.6214050463763086,76264.7421875,4.647548041111279,2460808.021361713
2460808.024808151,1.009341528498279,0.0019264509588668155,380.0125991821289,1.4023407,1.6958638867723017,-1.526565967402751,76264.7421875,4.616899136981277,2460808.0215397915
2460808.024986157,1.0083347673097582,0.001911465185048452,382.27778778076174,1.402929,3.3584389406570634,-4.566902787273556,76264.7421875,5.769167853194564,2460808.0217178008
2460808.0251643606,1.0123010444772929,0.0019060858996578116,379.6892822265625,1.4035298,3.5151682993227245,-5.07557949219074,76264.7421875,6.160907643104291,2460808.021896007
2460808.0253424593,1.012248360310985,0.0019163417352388763,375.5224639892578,1.4041346,3.968452204816937,-4.534472375509126,76264.7421875,5.493119086093506,2460808.022074109
2460808.025520373,1.0141555228044556,0.0019009872327718528,377.0036926269531,1.4047111,4.032475890906366,-4.7970993072468575,76264.7421875,6.576154801992918,2460808.0222520255
2460808.0256984136,1.013282031679512,0.0019173080417872776,377.04632568359375,1.4053122,3.1040155576146993,-4.889044655830192,76264.7421875,5.282307273186189,2460808.0224300693
2460808.0258762115,1.0100073236270732,0.001906354791354848,377.38231353759767,1.4059141,4.056102434179121,-5.642189447191864,76264.7421875,5.968427705558533,2460808.0226078704
2460808.026054426,1.0123570980965755,0.0019096458972997943,378.65377044677734,1.4065185,4.068078073213328,-5.26583432038318,76264.7421875,5.6540639816697125,2460808.022786088
2460808.0262321774,1.0106628085271587,0.0019132637746520568,381.23216247558594,1.4071252,1.5021694011722633,-1.8147928093836911,76264.7421875,5.576178985507987,2460808.0229638424
2460808.0264149527,1.0088067039534214,0.001910774199072973,379.0043640136719,1.4077359,4.11235068001747,-5.888963656863484,76264.7421875,5.418259516116877,2460808.0231466205
2460808.0265941275,1.0079905630885149,0.0019059133607359027,380.97272338867185,1.4083473,3.3850272332525364,-5.310288083737058,76264.7421875,5.758281639828187,2460808.0233257986
2460808.0267720763,1.0097940753988548,0.001908944584670991,377.5530014038086,1.4089334,3.395634025713287,-5.127509825580038,76264.7421875,5.83659039747176,2460808.02350375
2460808.0269512166,1.010154769714586,0.0019044104842715047,373.4725280761719,1.4095469,4.1304178694253695,-5.403877512738232,76264.7421875,5.973305491889307,2460808.0236828937
2460808.027130299,1.0101383556300316,0.0018969608899493237,372.7822296142578,1.4101637,4.419037404852907,-5.63035438294911,76264.7421875,5.977679061644024,2460808.023861979
2460808.027308201,1.0087731843192536,0.0019053791665640451,372.28028411865233,1.410764,3.723615130048339,-4.265625666579722,76264.7421875,5.793492624585084,2460808.024039884
2460808.0274862535,1.010943281132249,0.0019085665639198485,370.69774475097654,1.4113817,3.3098571461854,-5.1370331504768885,76264.7421875,5.530606271890426,2460808.02421794
2460808.0276653133,1.008935424063749,0.0019128148213222456,370.82364654541016,1.4119909,4.388538407014396,-5.7382100065063515,76264.7421875,5.846767544331944,2460808.0243970025
2460808.0278433077,1.0108100966105762,0.0019005038532696058,371.1889282226563,1.4126077,5.529787117028865,-5.1109930849305325,76264.7421875,6.260535514070257,2460808.024575
2460808.0280225407,1.0091302333509349,0.0019226040009217766,373.6937713623047,1.4132246,1.9374350730694672,-1.8748277610785313,76264.7421875,4.967475169274692,2460808.024754236
2460808.0282004774,1.0091643726788142,0.0019110213799701833,371.2180435180664,1.4138213,4.643268963011948,-5.988118683626839,76264.7421875,5.5133532977801005,2460808.024932176
2460808.0283785993,1.011510268313592,0.0019226429575055182,369.12366638183596,1.4144444,2.407957421123804,-1.46985933015105,76264.7421875,5.069753582203186,2460808.025110301
2460808.0285565476,1.0111065256239404,0.0019237609945412148,370.16577301025393,1.415064,4.073563112329754,-5.055879142118767,76264.7421875,5.134759168961817,2460808.025288252
2460808.028734658,1.0117315906078577,0.0019207717662618677,371.2431365966797,1.4156628,1.8708461543302637,-2.238423725072198,76264.7421875,5.315283708287358,2460808.0254663657
2460808.0289125256,1.012546415165041,0.0019248597851564664,368.8740997314453,1.4162891,2.733842897862222,-2.472101756352771,76264.7421875,5.025200315469125,2460808.0256442362
2460808.0290927305,1.0104198921855378,0.001922200783161158,366.25684814453126,1.4169107,2.04810249575857,-1.8310930321402326,76264.7421875,4.839378269038267,2460808.0258244444
2460808.0292718136,1.0113503641732018,0.0019190159506090683,366.33030700683594,1.4175348,2.7154724442377667,-2.4910762774997255,76264.7421875,5.019601134785539,2460808.0260035302
2460808.0294498424,1.0096516092065178,0.0019228860486806265,367.8705718994141,1.4181595,1.2641518473343292,-1.786086894202726,76264.7421875,4.79027572529689,2460808.0261815623
2460808.0296278484,1.0160302024768382,0.0019218252377974528,366.548518371582,1.4187736,4.4232352171242795,-4.847897774794842,76264.7421875,5.111765434258267,2460808.0263595716
2460808.029805762,1.0068253332331996,0.0019054479380534678,364.5064270019531,1.4194058,3.4604593569633098,-4.3339915155345965,76264.7421875,6.049495946162255,2460808.026537488
2460808.029983734,1.0096098429266513,0.0019222873422715318,363.967236328125,1.4200141,3.8404599265657833,-4.618045328321037,76264.7421875,5.033154636366856,2460808.026715463
2460808.0301618557,1.009075168551171,0.0019091720970346995,362.6532043457031,1.4206419,4.479411655856687,-5.690596326428561,76264.7421875,5.522689451211343,2460808.026893588
2460808.0303408457,1.0120104120363251,0.0019134897769247541,363.54436950683595,1.4212734,3.774730243121827,-5.209767529553477,76264.7421875,5.155431084537106,2460808.027072581
2460808.030518887,1.0123142904040985,0.0019087171606525846,363.3871612548828,1.4219109,4.4118057538782915,-4.859149219422319,76264.7421875,5.803784463229965,2460808.027250625
2460808.0306968465,1.0109718042949258,0.0019255696622539219,363.11741943359374,1.4225463,2.273871848141892,-2.4123155605661846,76264.7421875,4.387839138943125,2460808.027428588
2460808.0308747604,1.014799152226261,0.001921661122890979,363.0606521606445,1.423165,2.699530321974847,-2.19705918578769,76264.7421875,5.035307384287508,2460808.0276065045
2460808.0310527086,1.0117668269436693,0.0019216407219333788,363.3864990234375,1.4237855,2.8911460959726774,-1.7184330935419103,76264.7421875,5.11242346441812,2460808.027784456
2460808.031230784,1.0157077099888894,0.0019077720563287419,363.49554748535155,1.4244263,5.256628450913892,-5.110959030312902,76264.7421875,5.898910916989747,2460808.0279625347
2460808.0314083276,1.010849686302391,0.0019179618143819299,363.08101654052734,1.4250686,2.369412517360188,-1.8365825308872064,76264.7421875,5.37009500876405,2460808.028140081
2460808.031586287,1.0120241743698366,0.0019078003081078574,363.9173248291016,1.4256936,3.461194294104054,-4.588930784785545,76264.7421875,5.49740759645489,2460808.028318044
2460808.03176434,1.012592315426139,0.0019116571386165323,364.5381591796875,1.4263192,4.535129725851232,-5.319419108953508,76264.7421875,5.451141163579893,2460808.0284960996
2460808.03194208,1.0120616477671731,0.0019098463969160642,365.1756652832031,1.4269621,2.160107766093377,-1.8121492027699115,76264.7421875,5.6519757433583715,2460808.0286738425
2460808.0321202944,1.0116341877394592,0.0019142480023897467,365.8184066772461,1.4276053,3.238995022233015,-4.690889901076366,76264.7421875,5.389177039523412,2460808.02885206
2460808.0322982427,1.013987648698529,0.0019204361357770942,366.51497039794924,1.4282484,1.7931667209872988,-2.754433265193815,76264.7421875,4.8442434053342955,2460808.0290300115
2460808.0324761914,1.010562701784053,0.0019037876608324143,366.6986022949219,1.4288912,4.592595811172987,-5.710424095730413,76264.7421875,6.175892949538686,2460808.029207963
2460808.032654417,1.0120963337859212,0.0019082806575705553,366.04283599853517,1.4295334,1.2251233997255795,-1.7527920433308277,76264.7421875,5.71606026788141,2460808.029386192
2460808.032832227,1.0105200941697348,0.001906638421624973,366.12355346679686,1.4301751,3.205581523692831,-4.97607832165039,76264.7421875,5.816302971568343,2460808.029564005
2460808.0330126057,1.0090858521179624,0.0019101742244930285,367.8618865966797,1.4308199,3.724018341154981,-4.714125595031917,76264.7421875,5.641965760222951,2460808.0297443867
2460808.033190658,1.0138872650911381,0.001917836574925853,369.43978118896484,1.4314509,1.7954473648557336,-1.739022492282956,76264.7421875,5.152816414156158,2460808.029922442
2460808.0333687803,1.0119904621270437,0.0019090904601768266,372.63755798339844,1.4321102,4.438376697413818,-5.479450414771945,76264.7421875,5.697657408220505,2460808.0301005673
2460808.03354689,1.0123049099867503,0.0019063840737309514,373.96299743652344,1.4327531,4.046495169801695,-5.036553621069434,76264.7421875,5.873315032922592,2460808.0302786804
2460808.033724758,1.0110035312049812,0.0018983614574359237,372.1034240722656,1.4333963,4.302474289285417,-5.5110510174218375,76264.7421875,6.117925584005015,2460808.030456551
2460808.033902671,1.0135778255340695,0.001898758998470927,373.18554229736327,1.4340495,3.3484842289793484,-5.5920960871110355,76264.7421875,6.813811333669366,2460808.0306344675
2460808.034080701,1.011673010116877,0.001892201863876814,371.6800765991211,1.4347053,4.089997810741071,-6.276904708627914,76264.7421875,6.77104311779988,2460808.0308125
2460808.034258591,1.0136206116862272,0.00190647819630977,377.5261474609375,1.4353557,3.9583689826235724,-4.829576496329993,76264.7421875,5.834879829917871,2460808.0309903934
2460808.0344365626,1.0134016983160927,0.0019076161756771922,367.0450180053711,1.4360031,4.396947930946513,-4.747288778214914,76264.7421875,5.682983863141801,2460808.031168368
2460808.0346145574,1.0116640489752602,0.0019234512896067466,373.19054260253904,1.4366614,2.079666317259785,-1.3720184347265159,76264.7421875,4.9264909374191825,2460808.031346366
2460808.03479254,1.0081336720538965,0.001926821220524071,382.83482971191404,1.4373214,4.411925094179871,-4.864745064128651,76264.7421875,5.005858750761907,2460808.031524352
2460808.034973533,1.0081687354642914,0.001914685015873698,359.3693115234375,1.4379844,2.708971776786549,-5.195332509131297,76264.7421875,5.1019558084850845,2460808.0317053474
2460808.035151909,1.0127233171132037,0.0019165580676885525,357.16611328125,1.4386504,2.840268489573197,-1.6295323285175496,76264.7421875,4.723644630049338,2460808.031883727
2460808.0353299156,1.0122823883863181,0.001911702443794842,353.7983139038086,1.4392965,2.4365132309241266,-1.915612135414402,76264.7421875,5.323042395173659,2460808.032061736
2460808.0355080026,1.0120249388330151,0.001919666615902344,368.49210662841796,1.4399631,3.0324844627336356,-1.4960230023453678,76264.7421875,4.930260129677258,2460808.0322398264
2460808.0356860436,1.0120244737557844,0.001929324681553915,368.1025695800781,1.4406227,0.6564952310517342,-2.151544456753573,76264.7421875,4.299942118992279,2460808.0324178706
2460808.0358638763,1.0116906403569896,0.0019281611685568248,370.9967636108398,1.4412892,2.572841512485298,-1.7729629964934182,76264.7421875,4.503345100430481,2460808.032595706
2460808.036041743,1.0120666758211605,0.00192439192747203,373.50066833496095,1.4419459,2.6917819007576673,-2.0629399430519415,76264.7421875,4.809000544255751,2460808.032773576
2460808.0362207796,1.0144724358479582,0.001922153878537741,360.7144271850586,1.442605,2.5912648974908,-2.5941566217688203,76264.7421875,4.681164507137369,2460808.0329526155
2460808.036398832,1.0099327719313171,0.0019209890032324207,361.46507415771487,1.4432792,1.957003126721337,-1.2336666850850673,76264.7421875,4.932331610555722,2460808.0331306714
2460808.036576746,1.0097956050735952,0.0019127489726847597,360.8836196899414,1.4439562,3.2526109411082267,-2.0743455633774515,76264.7421875,5.3619378858877695,2460808.033308588
2460808.03675481,1.0131315555055116,0.0019212441981348652,363.49976654052733,1.4446118,2.9946858296987253,-2.1764912537673684,76264.7421875,4.851336971273248,2460808.033486655
2460808.0369327697,1.0107501933670033,0.0019197534029760386,381.83117828369143,1.445289,2.0633103806214232,-2.3841446197581186,76264.7421875,5.408758012609053,2460808.033664618
2460808.0371107296,1.0119919183406203,0.0019295052467038281,370.42588500976564,1.4459535,2.0110870406248735,-1.915444735181043,76264.7421875,4.461025389074089,2460808.033842581
2460808.0372898583,1.0135884634847296,0.0019248258630447663,355.95932922363284,1.4466198,2.3715668553044496,-2.001444983284469,76264.7421875,4.285994564256805,2460808.034021713
2460808.037467946,1.0111332629587746,0.001916922649093755,356.62451019287107,1.4473021,3.0058399612956377,-2.5118324641954164,76264.7421875,5.075298207609015,2460808.034199803
2460808.037647179,1.0134500273690445,0.0019189364442945224,361.2175979614258,1.447988,3.4728648565763196,-5.38980585949208,76264.7421875,5.043568271845084,2460808.0343790394
2460808.0378251043,1.012322540608698,0.0019186528715552282,363.85185546875,1.4486693,4.031052016304327,-5.149049590519446,76264.7421875,5.069890019774397,2460808.0345569677
2460808.038003203,1.0114278305689557,0.0019113786371297884,365.25596923828124,1.4493313,3.880403001255361,-4.894750171294233,76264.7421875,5.120020700383973,2460808.0347350696
2460808.038183408,1.0126813446386225,0.0018975178694070362,367.8756790161133,1.4500262,4.1855107524575175,-5.753913741238124,76264.7421875,6.187691522009993,2460808.0349152777
2460808.0383614493,1.0092446801133663,0.0019069433325626924,371.10457000732424,1.4507067,3.9560180334481716,-3.808935751282189,76264.7421875,5.963863952290104,2460808.035093322
