BJD_TDB,Flux,Flux_Err,Bkg(ADU),Airmass,Dx(pix),Dy(pix),Peak(ADU),FWHM(pix),GJD_UTC
2460807.849027839,0.9918821082329669,0.002004719964806729,212.9060905456543,1.2200774,0.5149213186966768,-1.264712537442468,107869.0390625,3.614289758315215,2460807.845756528
2460807.849207049,0.9937625997013926,0.002000686785192123,211.36516189575195,1.2199159,0.7308157408785851,-1.373479992714762,107869.0390625,4.049817261925567,2460807.8459357405
2460807.849387359,0.9966485211780515,0.0019843258234363555,207.87147064208983,1.2197558,0.8264505279280769,-0.8044504533886577,107869.0390625,4.614724085948388,2460807.8461160534
2460807.849567749,0.9924043341927326,0.0019841645176091943,206.43405685424804,1.2195961,1.324075474154682,-1.3097756969102414,107869.0390625,4.277800575939903,2460807.846296447
2460807.8497495516,0.9932177327621619,0.001981125965957614,203.26395645141602,1.2194324,0.14431480390485577,-1.2163664392850282,107869.0390625,4.449685079455831,2460807.846478252
2460807.849929919,0.9954225452439901,0.001983319970605643,196.73602905273438,1.2192727,0.9817236132204531,-1.369487143972817,107869.0390625,4.214784814098296,2460807.846658623
2460807.850108967,0.9936811271921189,0.0019863728445091,196.14024505615234,1.2191147,-0.20056649720631187,-1.4658805635695864,107869.0390625,4.100789070522352,2460807.846837674
2460807.8502896586,0.9941034314997178,0.001974892164062228,195.7993293762207,1.2189561,0.781381662070931,-1.5884357942414131,107869.0390625,4.8087507012623005,2460807.847018368
2460807.8504684516,0.9949873390603391,0.0019834276681880846,192.62457504272462,1.2188027,0.0645755330258407,-1.9101110204376808,107869.0390625,4.093487178470573,2460807.8471971643
2460807.850647778,0.9941277573550955,0.0019803732839962646,189.9434471130371,1.2186445,0.2778437527492748,-1.791325665688297,107869.0390625,4.159041388986471,2460807.8473764933
2460807.8508269764,0.9940393734784319,0.0019899360443972284,187.61084060668946,1.2184898,-0.19313533270365146,0.019835018643516625,107869.0390625,3.9134242973146356,2460807.8475556946
2460807.851006151,0.994544804447527,0.0019752447402618355,185.17711791992187,1.2183364,0.8460328814242645,-1.4804542872848703,107869.0390625,4.141441605584654,2460807.8477348727
2460807.851185373,0.9920917153561474,0.001969786824600834,183.11068115234374,1.2181809,1.1458642147841673,-1.5698346121644158,107869.0390625,4.2521761871830295,2460807.8479140974
2460807.8513644906,0.992002799744099,0.0019692476873868566,181.01696166992187,1.2180286,1.0036128197544256,-1.5231814257796257,107869.0390625,4.207761967231865,2460807.8480932177
2460807.8515447997,0.9931056018757282,0.001966176912142776,179.0427276611328,1.2178771,1.234638337087795,-0.5938459404453184,107869.0390625,4.335653541077759,2460807.84827353
2460807.8517239406,0.9963617546826201,0.001960973485911485,177.46629104614257,1.2177253,1.0359887572453514,-1.7187761115044824,107869.0390625,4.553152823985038,2460807.8484526738
2460807.851903139,0.9931035189382288,0.001967951622314725,175.4578109741211,1.2175759,1.2585461361758732,-1.6820765760798715,107869.0390625,4.498288801722115,2460807.848631875
2460807.852084976,0.9927984524593443,0.0019664111906484484,173.8772766113281,1.2174239,0.7110557878265741,-1.5587734965159148,107869.0390625,4.579479169734009,2460807.8488137154
2460807.8522639084,0.9952028485881307,0.001972683399172377,172.2400894165039,1.2172745,0.9057599922994107,-0.8574168938810202,107869.0390625,4.227998736993261,2460807.8489926504
2460807.852442262,0.9965970064773366,0.0019851678253361427,170.88029937744142,1.2171249,0.12067122219707328,-1.2941100710943019,107869.0390625,3.5820958781851795,2460807.849171007
2460807.852621437,0.9953293357485029,0.001982319911746935,169.62622451782227,1.2169775,0.04048843600004286,-0.4337846626586195,107869.0390625,3.76931878304451,2460807.849350185
2460807.852800462,0.9910246106675437,0.0019788504947359244,168.42676467895507,1.2168308,0.7579546434730448,-0.35167956095146335,107869.0390625,3.948164986466644,2460807.849529213
2460807.8529786537,0.9917767318155564,0.001981613766667728,167.22303771972656,1.2166822,0.5658949106279768,-0.7999508063735111,107869.0390625,3.9317512249447875,2460807.8497074074
2460807.8531565787,0.9924807326815668,0.001975623905212353,166.08613967895508,1.2165401,1.2882783665734812,-1.721308024570539,107869.0390625,4.017692861635296,2460807.8498853357
2460807.8533345736,0.9914357105997905,0.0019799135283207793,164.78012161254884,1.2163955,0.5642574974939659,-0.7335458789065987,107869.0390625,3.6527689482154746,2460807.8500633333
2460807.8535125917,0.9940959484200285,0.001984721072339651,164.15014266967773,1.2162516,0.973058402690024,-0.9080687714774132,107869.0390625,3.421502205529878,2460807.850241354
2460807.853690494,0.9964186570263661,0.0019833345355535254,163.2544059753418,1.2161089,0.17689648982036107,0.6231957351638805,107869.0390625,3.3834576621660815,2460807.850419259
2460807.8538685115,0.9939521347233126,0.0019771539256412266,162.32825927734376,1.2159657,0.9834501575047819,-1.0205169950732675,107869.0390625,3.780589644438346,2460807.85059728
2460807.8540465757,0.9918162725529308,0.0019791238637315053,161.35980377197265,1.215827,1.1751491548584843,-1.328636678929869,107869.0390625,3.4801055341453746,2460807.850775347
2460807.8542245594,0.995101471799808,0.001980594927246724,160.40585327148438,1.2156852,0.8074418177046404,-0.9168100953789424,107869.0390625,3.407459326685439,2460807.8509533335
2460807.8544027386,0.9933030758247682,0.0019786071686052563,159.74233932495116,1.2155432,0.8048919686028413,-1.6853646906733508,107869.0390625,3.607407291830951,2460807.851131516
2460807.854580664,0.9923378431947375,0.001977597222343749,158.78225402832032,1.2154025,0.5118223068286595,-1.406799518255717,107869.0390625,3.8098628348932455,2460807.8513094443
2460807.8547611013,0.9902484457168823,0.001974334558530997,157.70505065917968,1.2152651,1.798597810372586,-1.148215790903173,107869.0390625,3.7452456150112825,2460807.8514898843
2460807.8549390845,0.992674966098292,0.0019789901903716394,157.4198455810547,1.2151241,0.9752133833098968,-0.8023174890274167,107869.0390625,3.767889208393269,2460807.8516678703
2460807.8551170095,0.9899702130723534,0.0019774526564378552,157.0148017883301,1.2149894,0.7036819876251185,1.1588186295133134,107869.0390625,3.7144147485925956,2460807.8518457985
2460807.8552967985,0.9933135246428811,0.0019769175136255222,156.58937149047853,1.2148515,0.19221600868520716,0.7269522781414443,107869.0390625,3.6062840518576516,2460807.8520255904
2460807.8554744115,0.9919219652375854,0.0019770420390508316,156.03310546875,1.2147163,1.459527975299377,-1.0798123026717306,107869.0390625,3.4613399865013057,2460807.852203206
2460807.855652325,0.9923648023028714,0.001975358999939394,155.56510467529296,1.2145801,1.2385035672487177,-0.5609524586584466,107869.0390625,3.4853618894669434,2460807.8523811228
2460807.8558304124,0.9922147443837337,0.001953785204014898,155.5375518798828,1.2144457,1.0853005516423229,-0.752163450358645,107869.0390625,4.464212515356357,2460807.852559213
2460807.856009414,0.9919569131718844,0.0019503777191936518,155.16730117797852,1.2143111,1.6822687635211455,-1.3620766493657395,107869.0390625,4.583371484423534,2460807.8527382175
2460807.8561876747,0.9934697141286103,0.0019671219836320756,154.6707862854004,1.2141749,1.0640229488124828,-0.674766610578888,107869.0390625,3.8937089533086917,2460807.8529164814
2460807.8563656462,0.9923913331138176,0.0019539019810932653,154.109912109375,1.214045,1.1538590316676687,-1.430428719786183,107869.0390625,4.414860962757148,2460807.853094456
2460807.8565434446,0.9941120698132937,0.0019571796009117803,153.1254524230957,1.2139115,0.135572875521267,-1.9613576592002269,107869.0390625,4.730740411821228,2460807.853272257
2460807.8567216364,0.9908098490312871,0.0019521498292057473,152.82583312988282,1.2137815,1.8534945732984887,-0.5944438274228256,107869.0390625,4.249768446078821,2460807.8534504515
2460807.8568998044,0.9929791936616885,0.0019578085710204047,152.7512092590332,1.2136495,0.5184772945477275,-1.3097113022260547,107869.0390625,4.189682693183741,2460807.853628623
2460807.8570774985,0.9934511254368678,0.0019571938030472818,152.1904182434082,1.2135229,0.9722009988615269,-2.0528298369592712,107869.0390625,4.164328644423184,2460807.8538063196
2460807.857255551,0.9927288443735821,0.0019451864357658355,151.79946899414062,1.2133928,1.9232747411247029,-0.4707458921499313,107869.0390625,4.830623037635808,2460807.853984375
2460807.857433522,0.9917069295601455,0.0019525785833797488,151.22037887573242,1.2132628,1.2358841387465598,-0.6240787725857041,107869.0390625,4.541650624355305,2460807.8541623494
2460807.857611552,0.9935803237967739,0.0019491260339100406,150.82375717163086,1.2131352,1.2421348174917979,-1.3022844657971029,107869.0390625,4.434176551878926,2460807.854340382
2460807.85778957,0.9891578935437164,0.0019504577848276459,150.31582336425782,1.2130082,1.0384863869406935,-1.3427801253264884,107869.0390625,4.418347079197589,2460807.854518403
2460807.857967495,0.9919421329136794,0.0019605755854840653,149.94678268432617,1.2128815,1.1628277227386414,-1.9339341061190705,107869.0390625,4.195145792080817,2460807.854696331
2460807.8581454665,0.9952864940794564,0.001964084279693693,149.41055297851562,1.2127554,1.602948758203675,-0.7059464217253911,107869.0390625,3.7972206380164804,2460807.8548743054
2460807.85832345,0.9917726619000349,0.0019490737901469884,149.4841209411621,1.2126301,1.5448559794821979,-1.4887460402538073,107869.0390625,4.389078977124905,2460807.855052292
2460807.858501468,0.9924393798537063,0.0019512092916848525,149.13316268920897,1.2125054,0.8038599368133905,-1.8491505626734772,107869.0390625,4.518132424350818,2460807.8552303123
2460807.858679462,0.9910070320790488,0.001956747188298821,148.77114028930663,1.2123842,1.4620900253744782,-1.0615031664023347,107869.0390625,4.293286043727312,2460807.85540831
2460807.8588587767,0.9928295917749628,0.001966078956677224,148.39444274902343,1.2122599,1.4741283954909474,-1.4378131033273205,107869.0390625,3.7000736288470155,2460807.8555876273
2460807.859036679,0.9924670268626943,0.0019751318461532375,147.92823486328126,1.2121358,0.6068324987459519,-1.0736270086795934,107869.0390625,3.449278247879981,2460807.8557655322
2460807.859214639,0.995188486027381,0.0019740736974458188,147.72951736450196,1.2120151,1.2442949632684281,0.21662070921434418,107869.0390625,3.499960348698033,2460807.8559434954
2460807.8593925987,0.9983287617655484,0.0019769061096096695,147.52154617309571,1.2118932,0.1767283019397236,0.4028919430340701,107869.0390625,3.2992994058198413,2460807.856121458
2460807.8595720404,0.9939253993137758,0.001974682271971679,147.1765930175781,1.2117721,0.44865265850677877,0.32740795937329153,107869.0390625,3.483246168532399,2460807.8563009026
2460807.8597498266,0.992309940539759,0.0019721629847453933,147.25824966430665,1.2116543,0.32679233119357154,0.12808565463905314,107869.0390625,3.4783738382662754,2460807.856478692
2460807.8599280994,0.9934296863556006,0.0019726139493315277,147.1241455078125,1.2115351,1.1758700972563316,0.4494677569748629,107869.0390625,3.6198197638448906,2460807.8566569677
2460807.86010599,0.9958589682110157,0.0019725943068886168,146.96986465454103,1.2114149,1.1265660769410921,-1.48865839555101,107869.0390625,3.6163328502712746,2460807.856834861
2460807.860283881,0.9920598663047611,0.0019651119462208645,146.65773391723633,1.2112992,1.8385737341039756,-2.0546072076582096,107869.0390625,3.8302434895727036,2460807.857012755
2460807.860461806,0.9949036308576489,0.0019714779911377276,146.40507888793945,1.2111797,0.643066745625834,-1.4130501835397213,107869.0390625,3.76545611442404,2460807.857190683
2460807.8606397198,0.9987063311208497,0.001973573179604427,146.30713806152343,1.2110661,0.326014683652662,0.5156062638333123,107869.0390625,3.6630298698192387,2460807.8573685996
2460807.8608177607,0.9951671874286704,0.00197265449412911,146.09344863891602,1.2109482,0.21171699232586122,0.7528818851982559,107869.0390625,3.569648214701474,2460807.8575466434
2460807.860996079,0.9938958418934614,0.0019678924757035214,146.3593635559082,1.210834,1.3107022460354447,-1.898057264521473,107869.0390625,3.922959273947229,2460807.857724965
2460807.8611737154,0.9929461955291814,0.001972764641497766,146.09271926879882,1.2107194,1.2717256993150508,-1.5353626408093537,107869.0390625,3.7265078443131046,2460807.857902604
2460807.8613517336,0.9937997967366784,0.0019653708877589164,146.07518310546874,1.210607,1.0950141597648892,-1.5758533604863145,107869.0390625,3.9331560719969203,2460807.858080625
2460807.861529601,0.9929870239326979,0.0019692378224248066,145.8871871948242,1.2104934,0.5703936665460394,-0.8960026205578457,107869.0390625,3.8323744426718735,2460807.8582584956
2460807.861707723,0.9913686248792634,0.001969800815055962,145.82581253051757,1.2103811,0.36977322102814936,-1.360543365928891,107869.0390625,4.079095018017629,2460807.8584366203
2460807.8618868636,0.9942894877783577,0.0019718230180950295,145.74778900146484,1.2102688,1.0129258916711452,-1.0245830865298793,107869.0390625,3.629348519840442,2460807.858615764
2460807.8620650084,0.9945104101648795,0.0019678604890617703,145.90451126098634,1.2101592,1.0372983848408224,-1.4978950805414204,107869.0390625,3.855734298027617,2460807.858793912
2460807.8622443345,0.9919500088877157,0.0019682752805224913,145.7961555480957,1.2100467,1.2341853727030254,-1.6077808813043,107869.0390625,3.6138501764087185,2460807.858973241
2460807.8624248756,0.9935808224587002,0.0019532705235646864,146.05240859985352,1.209936,0.999869125045986,-1.669011528525808,107869.0390625,4.352829521318832,2460807.859153785
2460807.86260596,0.9931642476902022,0.0019528750687979259,145.9421058654785,1.2098248,1.134884912147633,-1.4762845541756617,107869.0390625,4.817716847562039,2460807.8593348726
2460807.8627842097,0.9945127629455177,0.001945196709008382,145.95158157348632,1.2097166,1.386921535882777,-1.8054025138258913,107869.0390625,5.190323796260091,2460807.859513125
2460807.8629621007,0.9963090018481245,0.0019378717691391257,146.01490173339843,1.2096114,1.3214638882253864,-1.6053148831673445,107869.0390625,5.2434841718081815,2460807.8596910187
2460807.8631404075,0.9964854948908657,0.001938637562913811,146.06562271118165,1.2095028,1.3634820890316255,-1.5586517731146987,107869.0390625,5.21259877029665,2460807.859869329
2460807.8633194785,0.9946418384939893,0.0019459879165972492,146.07945251464844,1.2093949,1.0427606021572042,-1.0972385533016031,107869.0390625,5.060386105613449,2460807.8600484026
2460807.863497462,0.9935716242893307,0.001945035126798478,146.29921493530273,1.20929,1.2873712411516616,-2.8870876862646795,107869.0390625,4.861946298283267,2460807.860226389
2460807.8636791254,0.9936198570217182,0.0019532640820049707,146.16571426391602,1.2091828,1.0082396743772122,-0.9272274890578772,107869.0390625,4.816219966298386,2460807.8604080556
2460807.863858243,0.9938883858251184,0.0019383034503327654,146.25044479370118,1.2090784,2.24693047448147,-1.9281872242533715,107869.0390625,5.118082339911023,2460807.860587176
2460807.8640373144,0.9909324476755497,0.001957067304824344,145.88965377807617,1.208976,1.7693773659569616,-2.379133053674665,107869.0390625,4.600403941021536,2460807.86076625
2460807.8642153316,0.9939478825243454,0.001953778769441606,145.67119064331055,1.2088726,1.8573163805261388,-1.3881313077561155,107869.0390625,4.598464299318957,2460807.8609442706
2460807.8643933036,0.9943568071992352,0.0019558055694091103,145.38670043945314,1.2087695,0.7063171159981918,-1.6581325059837784,107869.0390625,4.0095382825266634,2460807.8611222454
2460807.8645726065,0.9899453958436855,0.0019526723809586382,144.56495742797853,1.2086676,1.9746581258037368,-2.4154764757685583,107869.0390625,4.727410324147216,2460807.861301551
2460807.8647506586,0.9945729317357564,0.001942986472023569,145.77431259155273,1.2085669,1.3528495028702976,-1.29579639403088,107869.0390625,5.014025365388126,2460807.8614796065
2460807.8649312113,0.9953725137731381,0.0019547658185656742,145.30304107666015,1.2084663,1.1640834700377551,-0.723612207620728,107869.0390625,3.9592145561699645,2460807.861660162
2460807.865108963,0.9964141508011511,0.0019519863327701538,145.6539108276367,1.2083661,1.2303625805376415,-1.7543113277342879,107869.0390625,4.431845782832752,2460807.8618379165
2460807.865289365,0.991753174804011,0.001950253433630036,145.67217254638672,1.2082674,0.8095522345068672,-1.0809074113150765,107869.0390625,4.554513884090091,2460807.8620183216
2460807.86547089,0.9919540347802003,0.0019595262316191666,145.21832427978515,1.2081674,1.7061948773125635,-1.4533314630565144,107869.0390625,4.092238642244189,2460807.8621998494
2460807.865648873,0.9922533111316366,0.0019697288844958576,145.26544876098632,1.2080679,1.3358179075619225,-1.9924970669989603,107869.0390625,3.567261651988049,2460807.8623778354
2460807.865826914,0.9920148876565575,0.0019674305941702296,145.3872848510742,1.207973,1.420356813096186,-1.5109600363662454,107869.0390625,3.9232207949710824,2460807.8625558796
2460807.866007131,0.9939648486401619,0.0019716173245360284,145.42803192138672,1.2078744,1.5589790086907445,-1.0981680951176302,107869.0390625,3.7223433956672354,2460807.8627360994
2460807.866185369,0.9901252413655798,0.0019659391334338845,145.52905044555663,1.2077803,2.0884106128644104,-1.8749974964040224,107869.0390625,3.914144648205621,2460807.86291434
2460807.8663638034,0.9903166944726313,0.0019652331286971504,145.3336975097656,1.2076834,1.4572104959538295,-1.520872060275628,107869.0390625,3.961022935489833,2460807.863092778
2460807.866542076,0.9926811471679406,0.001967228004453452,145.04134674072264,1.207591,1.21986603766939,-1.2965012914342517,107869.0390625,3.8930396435595207,2460807.8632710534
2460807.86672021,0.9909051024815667,0.0019599195404800896,144.98987274169923,1.2074978,2.4396303114612574,-1.744267182160215,107869.0390625,4.969514968929415,2460807.86344919
2460807.866898262,0.9918049469825256,0.0019666928003045153,144.9155029296875,1.2074039,1.738644774176125,-1.5110701633660528,107869.0390625,4.0009403523253235,2460807.863627245
2460807.867076199,0.9931552982921266,0.0019707499321952086,144.85093460083007,1.2073114,0.7418313196515266,-1.3651994159971415,107869.0390625,3.482858756513351,2460807.863805185
2460807.867254252,0.9922361677911158,0.001959870245122844,144.904793548584,1.2072219,1.7574383828491236,-1.8488368222626823,107869.0390625,4.308310473236705,2460807.863983241
2460807.867432362,0.9922592472816087,0.001966103489414064,144.73169555664063,1.2071313,1.596844982269886,-1.7891494764407734,107869.0390625,4.108085040575487,2460807.864161354
2460807.867610461,0.995841495250478,0.001961560453816826,144.33804016113282,1.2070411,1.065468723243597,-1.3089424172703457,107869.0390625,4.235165813918653,2460807.864339456
2460807.8677909328,0.9924338435666163,0.0019703479416214855,144.4993896484375,1.2069499,1.9950092011499654,-0.7253207152071882,107869.0390625,3.6103680683974257,2460807.8645199304
2460807.8679711265,0.9955348930579206,0.0019689286052697397,144.46461791992186,1.2068598,1.3273630106357275,-1.7696999792616421,107869.0390625,4.162249695573272,2460807.8647001274
2460807.868149156,0.9944228899478387,0.0019667066339020944,144.27504348754883,1.2067736,0.8182801775207676,-1.883317155978344,107869.0390625,4.1073816087180015,2460807.86487816
2460807.8683271855,0.9916244567783487,0.0019581568003542195,144.29730682373048,1.2066847,0.4528499298088879,-2.296316422232306,107869.0390625,4.9338422528468024,2460807.865056192
2460807.8685051454,0.9908204486784908,0.0019631405827411617,144.40884094238282,1.2065983,1.1332748122361636,-2.1052819729536383,107869.0390625,4.314276398204007,2460807.865234155
2460807.8686833023,0.9932898085747001,0.0019656142588314663,144.49090881347655,1.2065125,1.0725213793025028,-1.4626479298374868,107869.0390625,3.78786498645543,2460807.865412315
2460807.8688611584,0.9933154085861963,0.0019599747233298224,144.4232078552246,1.2064274,1.6561015677465984,-1.2334736994045112,107869.0390625,4.230142758682289,2460807.8655901738
2460807.869039199,0.9919458889060612,0.0019574557946092953,144.7909423828125,1.2063428,0.6147946478564478,-1.6565278071042062,107869.0390625,4.5118106257894075,2460807.8657682175
2460807.869217217,0.9920723055450202,0.001959406844237399,144.8043655395508,1.2062586,1.5552035069213,-2.130853998897405,107869.0390625,4.401958676764296,2460807.8659462384
2460807.8693950847,0.9943171984287181,0.0019583053559588575,144.91543350219726,1.2061749,1.6191118119027033,-1.0052442090099623,107869.0390625,4.134631098042692,2460807.866124109
2460807.8695731945,0.9925494573389321,0.0019563681026917527,145.21379013061522,1.2060938,1.7621883849171758,-1.4676120709161153,107869.0390625,4.526516918587571,2460807.866302222
2460807.8697513286,0.9965599066509084,0.0019423061218523908,145.42580947875976,1.2060106,1.546809231287955,-0.5530738789043321,107869.0390625,5.169815457713333,2460807.866480359
2460807.8699291265,0.9913031567647592,0.001954710601418234,145.3518814086914,1.2059306,1.7154384014963295,-2.109779050944129,107869.0390625,4.430980637475898,2460807.8666581595
2460807.8701070864,0.9907305592568771,0.0019555391451677806,145.50983657836915,1.2058482,1.1396089521288884,-1.2535508131094124,107869.0390625,4.55939694555007,2460807.8668361227
2460807.870285174,0.9922410836460867,0.001959996051161159,145.42525405883788,1.2057697,1.3083164577910489,-1.6769053312776687,107869.0390625,4.210711485107899,2460807.867014213
2460807.8704630877,0.9918117280483809,0.0019471348980535663,145.6473175048828,1.2056897,1.654931693297075,-1.1816228950298917,107869.0390625,4.865673116760772,2460807.8671921296
2460807.8706424595,0.9895606653351234,0.001962534958040684,145.52716598510742,1.2056109,1.9093175370632638,-1.7707607211867302,107869.0390625,4.2247224717155785,2460807.8673715047
2460807.8708202806,0.9943703119762568,0.0019671812074365915,145.44724349975587,1.2055326,1.7076723675261742,-1.6798427290982014,107869.0390625,3.9335128001958197,2460807.8675493286
2460807.870998461,0.992338513543326,0.001954794934473665,145.44638290405274,1.2054559,1.5207047903081978,-2.106083349997834,107869.0390625,4.2129512369061795,2460807.8677275116
2460807.8711763513,0.9926091259046517,0.00195927654868422,145.61838073730468,1.2053782,1.8523166143361942,-1.0584244148649355,107869.0390625,3.882691010732314,2460807.867905405
2460807.8713543806,0.9915537477988884,0.001952322912940607,145.8884162902832,1.2053016,1.9294747744053067,-1.2898982225432314,107869.0390625,4.4114392114200704,2460807.8680834374
2460807.871535894,0.9926301358407759,0.0019584636865356327,145.79529418945313,1.2052262,1.5570986713884758,-1.8230056736615219,107869.0390625,4.148295996612296,2460807.8682649536
2460807.8717141664,0.992383166672835,0.0019529531642024495,145.90080490112305,1.205152,0.9904658334071467,-1.8300103643609176,107869.0390625,4.834706930790666,2460807.8684432292
2460807.8718934227,0.9920251451562712,0.001947210968250303,146.29150848388673,1.2050779,2.1437611331808055,-1.2563017081894494,107869.0390625,4.759714578733971,2460807.8686224883
2460807.872071487,0.992288564497024,0.0019690552769697886,146.05852890014648,1.2050031,1.3469451484734905,-0.748461968310576,107869.0390625,3.984834729623511,2460807.8688005554
2460807.8722506156,0.9946274226868597,0.0019699124440903533,146.15548248291014,1.2049304,1.3924683413089618,-1.1962780903805403,107869.0390625,4.088010689786889,2460807.8689796873
2460807.872430069,0.9944564427149769,0.0019729033199803172,146.479541015625,1.2048586,1.1062790131906426,-1.3709028298254604,107869.0390625,3.740447328297342,2460807.8691591434
2460807.872608041,0.9921640939862136,0.001970122315440569,146.565828704834,1.2047859,2.1669753872255035,-1.0221089578569902,107869.0390625,3.78576825077457,2460807.869337118
2460807.8727884656,0.9908891980899946,0.001967787851884467,146.8122688293457,1.2047151,1.8433254755742268,-1.764043217991178,107869.0390625,3.8758894355447233,2460807.869517546
2460807.8729664376,0.9966552799485023,0.0019724647906994974,146.95111312866212,1.2046454,1.3014284279505768,-1.4457708540537937,107869.0390625,3.6378996825723764,2460807.869695521
2460807.873144629,0.9976149370234051,0.0019736489091142927,147.2653450012207,1.2045759,1.5792744315842366,-1.4254815744417415,107869.0390625,3.634925332299127,2460807.869873715
2460807.8733249153,0.9926692115902327,0.0019687698294193457,147.12825775146484,1.2045061,0.7911963751003569,-1.837562551998164,107869.0390625,4.142679738838998,2460807.8700540047
2460807.8735039053,0.9925279366244569,0.0019639422034001884,147.28843307495117,1.2044385,2.45746706883187,-1.402259525054402,107869.0390625,4.409080887999543,2460807.8702329975
2460807.8736819583,0.9915557037484843,0.0019684994458226287,147.6829460144043,1.2043698,1.1949828201013788,-1.6689094710311714,107869.0390625,4.018339762980701,2460807.8704110533
2460807.8738599527,0.9932985133014748,0.001972426881929247,147.8226303100586,1.2043045,1.48539299090757,-1.0196193112871705,107869.0390625,3.792611847720168,2460807.870589051
2460807.87403929,0.9933319423398105,0.0019739795589449093,148.19900436401366,1.2042361,1.9780155154185162,-1.726137624500632,107869.0390625,3.508821675052148,2460807.870768391
2460807.8742172155,0.9951831433512672,0.0019763135405724314,148.61117248535157,1.2041729,1.114147625295791,-1.9262138259776902,107869.0390625,3.4754175685019795,2460807.8709463193
2460807.8743951637,0.9929822198020261,0.0019742790207867844,148.6903450012207,1.2041076,1.6968532492912305,-2.205353745737356,107869.0390625,3.656815953454101,2460807.871124271
2460807.874573205,0.9946943342465822,0.0019728311356959124,149.0096466064453,1.2040431,0.6746962622839081,0.43492303848437863,107869.0390625,3.7652595635911243,2460807.871302315
2460807.8747513504,0.993160723273746,0.001973661859202959,148.99070358276367,1.203981,1.5422406269710098,-1.5641705575132092,107869.0390625,3.546039912275326,2460807.871480463
2460807.8749292754,0.9938343777487286,0.0019690920147032932,149.41033630371095,1.2039172,1.1858835401266035,-1.6445224445022688,107869.0390625,3.8543391481354123,2460807.8716583913
2460807.8751072586,0.9946792157832267,0.001973067521821674,149.50603790283202,1.2038564,2.0439194719445304,-1.9688166362994517,107869.0390625,3.6530853855525125,2460807.8718363773
2460807.875285219,0.9915460423052364,0.001971416441273247,149.71182022094726,1.2037936,1.7785453294835518,-1.8376702482853968,107869.0390625,3.7485499012928623,2460807.8720143405
2460807.8754632017,0.9932467517634559,0.0019684446662268265,149.77745208740234,1.2037342,0.5140453805355375,-1.6227130344122724,107869.0390625,4.322154248505945,2460807.8721923265
2460807.875641382,0.9903860976394774,0.001957484433810608,150.34971084594727,1.203673,1.8810541479327467,-1.0624571339706343,107869.0390625,4.440437005279235,2460807.8723705094
2460807.8758203373,0.9912781925560656,0.0019563895910320885,150.76425247192384,1.2036136,1.7507023046403385,-1.5784494014394732,107869.0390625,4.705556671711415,2460807.8725494677
2460807.876000959,0.9908274376703977,0.001957713978002877,150.79698638916017,1.2035553,1.7337368885787792,-2.0133165039653034,107869.0390625,4.361800231182639,2460807.8727300926
2460807.8761790115,0.9900348091203187,0.0019574108235893366,150.9410057067871,1.2034962,1.0788132580856609,-2.113994208785672,107869.0390625,4.697608021320857,2460807.872908148
2460807.8763570874,0.9919124489471385,0.001958673406781123,151.10307693481445,1.203439,1.1888881502675777,-1.3189364406923076,107869.0390625,4.236008316876285,2460807.8730862266
2460807.8765349314,0.989861455685727,0.0019513842545738405,151.42776184082032,1.2033821,1.5256071454461946,-1.9151375418820944,107869.0390625,4.5411247055656325,2460807.873264074
2460807.8767129034,0.9941287825045189,0.0019570852379156493,152.06775665283203,1.203326,1.997425393345437,-1.3190189747014591,107869.0390625,4.378229006399715,2460807.8734420487
2460807.876909775,0.9940403867773191,0.0019672606786546045,152.34040145874025,1.2032644,1.7667533375676114,-1.0927653745634422,107869.0390625,3.825661305374987,2460807.8736389237
2460807.877088962,0.9898884395175462,0.00197012367792925,152.4465774536133,1.20321,1.350515372073437,-1.2154676128257487,107869.0390625,4.22412595877293,2460807.8738181135
2460807.877267026,0.9913315178728968,0.0019699988704779303,152.7966781616211,1.2031561,1.825875746476787,-1.9987160550126861,107869.0390625,3.9725428938006204,2460807.8739961805
2460807.8774450207,0.9913540949723144,0.001957939239106177,152.8572219848633,1.203102,1.1714888277847257,-2.032750354937547,107869.0390625,4.642335348020197,2460807.874174178
2460807.877624347,0.9905770015602342,0.0019624496671200426,153.12966842651366,1.2030503,1.818928648413111,-1.1111456466761658,107869.0390625,4.234634075164613,2460807.874353507
2460807.877804054,0.9904597392505391,0.001961722858755386,153.54790267944335,1.2029978,1.8301585749374734,-2.333049037226171,107869.0390625,4.3251633620473,2460807.8745332174
2460807.877981586,0.992754458073148,0.001962289340698108,153.6534065246582,1.202947,2.446697162209524,-1.0358713337681495,107869.0390625,4.2916651606368585,2460807.874710752
2460807.8781595808,0.9939400546349051,0.001963850362105844,153.78440475463867,1.2028953,1.1599818602322434,-1.5053038423713716,107869.0390625,4.523071312927164,2460807.87488875
2460807.878337772,0.9936884279530741,0.00195941991621457,154.15478897094727,1.2028457,2.1474710327044213,-1.884228315685119,107869.0390625,4.176659317218784,2460807.8750669444
2460807.878515605,0.9899074165766321,0.001960298686012696,154.114794921875,1.2027953,1.0467252379955858,-2.3591980552849736,107869.0390625,4.222791038746339,2460807.87524478
2460807.8786949194,0.9912032404431125,0.0019734667820534495,154.0660629272461,1.2027477,0.6377410351135127,0.14583905529219118,107869.0390625,3.8352661520511813,2460807.8754240973
2460807.878872914,0.9947411506562149,0.0019759216060575434,154.22600860595702,1.2026989,1.2212900990084836,-1.4389295408223437,107869.0390625,3.8440082978587955,2460807.875602095
2460807.879052008,0.992628210498385,0.0019684593837342714,154.33868942260742,1.2026517,1.454143368531384,-1.5158868112005288,107869.0390625,4.218166899202332,2460807.875781192
2460807.8792322828,0.9939924642303515,0.0019754142365625217,154.31708450317382,1.2026036,0.6129586380607581,0.276925773664548,107869.0390625,3.660122460493307,2460807.87596147
2460807.8794103237,0.9920490335623846,0.0019759543023608506,154.4605911254883,1.2025581,1.3184794926042884,-1.2134761642038883,107869.0390625,3.7568956114206644,2460807.8761395137
2460807.879588411,0.9915399216701734,0.001974631516600424,154.62220840454103,1.2025127,0.8170582770554636,0.32585500874576123,107869.0390625,3.815095614777191,2460807.876317604
2460807.8797664405,0.9933339462259967,0.001976413925998609,155.0399658203125,1.2024677,1.4686888884285787,-1.525465750038984,107869.0390625,3.740925054258245,2460807.8764956365
2460807.879944389,0.9943678980683478,0.001972876153284648,155.12305755615233,1.2024235,1.2384711032132862,-1.8740315242885626,107869.0390625,3.8080659273429576,2460807.876673588
2460807.8801224185,0.9933295614466461,0.0019760811204396003,155.28166122436522,1.2023803,0.4392657550717456,-0.03210500569487758,107869.0390625,3.6036772202244705,2460807.87685162
2460807.880300355,0.9935717217297213,0.001974043046258855,155.47366180419922,1.2023378,1.0618631777388714,-0.8855711623278442,107869.0390625,3.902227706651731,2460807.87702956
2460807.8804784426,0.9933216810784271,0.0019757588482844607,155.71770782470702,1.2022951,2.1219518570524456,-1.6320254509305443,107869.0390625,3.8880603384512615,2460807.8772076503
2460807.88065616,0.991456599768667,0.001975965273202283,155.83835525512694,1.2022545,0.6437407470294224,0.152221408341765,107869.0390625,3.6426809405316254,2460807.8773853704
2460807.8808342004,0.9923508647819789,0.001970851962264138,155.95900650024413,1.2022132,2.0600248095847564,-1.592341941660688,107869.0390625,4.111207997738202,2460807.877563414
2460807.8810122996,0.9915208962166563,0.0019750145875031162,156.05617294311523,1.2021738,0.41978356707174197,-0.09714251036199514,107869.0390625,3.7516429295490967,2460807.877741516
2460807.881190098,0.9948989919208806,0.001972595506082334,156.28805541992188,1.2021341,0.5905193260187882,0.07327404473726606,107869.0390625,3.70855647837765,2460807.877919317
2460807.8813707656,0.9921644058653685,0.001977375633057158,156.2630599975586,1.2020942,0.05219772869849681,0.34892055997662125,107869.0390625,3.5236708461898196,2460807.878099988
2460807.8815487954,0.9907413947451599,0.0019732073758983518,156.21834411621094,1.2020564,0.16268188454317314,0.15450649750535034,107869.0390625,3.6652898009131962,2460807.878278021
2460807.8817384914,0.9923803004480187,0.001970595979564485,156.3118698120117,1.2020164,1.4777354102297104,-2.258454980009278,107869.0390625,4.278018862558504,2460807.87846772
2460807.881916544,0.9925689773345121,0.0019769683613499994,156.2663429260254,1.2019793,0.9548235136721391,0.09135237135400358,107869.0390625,3.4545462521986336,2460807.8786457754
2460807.8820945853,0.9928668808690938,0.001971919711232124,156.4832908630371,1.2019436,1.2677459503584534,-1.6041091150717874,107869.0390625,4.020141583195335,2460807.8788238196
2460807.8822725797,0.9903602174340522,0.0019562861231149217,156.43571014404296,1.2019084,1.0856236995952564,-1.4681792998419239,107869.0390625,4.486592890312644,2460807.879001817
2460807.882450679,0.9929098470709306,0.0019625961292447053,156.79125366210937,1.2018726,1.6850469138846322,-1.7970702385021762,107869.0390625,4.3012299717995175,2460807.879179919
2460807.8826287775,0.9897480494680893,0.001957878247571236,156.77301940917968,1.2018394,1.1613672515247346,-2.163012948444569,107869.0390625,4.054744526000804,2460807.8793580206
2460807.882807953,0.9946377589277887,0.001963986297603486,156.73498992919923,1.2018049,1.5869506416889507,-1.7485837284024142,107869.0390625,3.9896805875896564,2460807.879537199
2460807.882986179,0.9909100906397353,0.0019642730632024865,156.8740089416504,1.2017727,1.2291805121006865,-1.3853880557701304,107869.0390625,3.920683789527349,2460807.879715428
2460807.883164093,0.9918335125580915,0.0019628566643973494,157.05343933105468,1.2017402,1.3372410304686257,-3.1404200105602262,107869.0390625,4.355360410653361,2460807.879893345
2460807.883341972,0.9941611215581658,0.001963730598884818,157.29379348754884,1.2017086,1.171830246473506,-1.6200153944887323,107869.0390625,4.522149220672835,2460807.880071227
2460807.883519955,0.9936052223472577,0.0019571456576427796,157.6763458251953,1.2016776,1.0378205165393595,-2.344277307427683,107869.0390625,4.855480105201254,2460807.880249213
2460807.8836980774,0.9953116061084822,0.001960982400118746,158.13400268554688,1.2016479,1.4909329835897158,-2.2755729072560364,107869.0390625,4.859081271401701,2460807.880427338
2460807.8838771363,0.9894418762303967,0.0019588282782134828,158.5537353515625,1.2016191,1.430447948196404,-1.0237807290621401,107869.0390625,4.584268183813626,2460807.8806064003
2460807.8840574,0.9939344405427579,0.0019621951100472247,159.00594329833984,1.2015888,1.3544770603700107,-3.1059339747193744,107869.0390625,4.577431971655021,2460807.8807866666
2460807.8842355446,0.9931617709423352,0.001964168136125512,159.48711929321288,1.2015607,1.2888065618643152,-1.673874268081353,107869.0390625,4.2021344281029736,2460807.8809648147
2460807.8844135627,0.9936612327783096,0.0019600573271034635,159.57110824584962,1.2015329,1.5997671236271573,-1.811164826390729,107869.0390625,4.417603331486726,2460807.8811428356
2460807.88459165,0.9917935493202001,0.001966725970508459,159.92198104858397,1.2015058,0.86322173669334,-0.9866267206923712,107869.0390625,4.473761295475526,2460807.881320926
2460807.884770293,0.9937655578721156,0.001957724161236368,160.17176361083983,1.2014801,1.338616276797559,-2.0175260331303564,107869.0390625,4.481287236426565,2460807.8814995717
2460807.8849475356,0.9933831501380767,0.001970252691793961,160.52391815185547,1.2014541,1.7630762777539901,-1.2172910478325027,107869.0390625,3.970979756031228,2460807.8816768173
2460807.885125542,0.9938528344946931,0.0019624249825777188,161.35341415405273,1.2014296,1.2253194561128968,-2.5018968308883696,107869.0390625,4.421519138865114,2460807.8818548266
2460807.885303606,0.9926830739418925,0.0019747894088123427,161.72312545776367,1.2014051,0.29343643899843747,0.025335632999514548,107869.0390625,3.9264260164737723,2460807.8820328936
2460807.8854815657,0.9952008877760409,0.001971166845604628,165.05873413085936,1.2013816,0.33482179359644926,-0.6866216165459291,107869.0390625,3.8152327193589763,2460807.8822108563
2460807.8856596304,0.9935164396858207,0.0018961327725115539,200.17367858886718,1.2013584,0.49873087618559003,0.02869023217835787,107869.0390625,3.6715729907522547,2460807.882388924
2460807.8858375438,0.9971014956435501,0.0019278057210873046,185.66729736328125,1.2013363,0.7413435184687852,0.05430509821367268,107869.0390625,3.736738472689175,2460807.8825668404
2460807.886015654,0.9911147913125151,0.001940188654180638,178.2205680847168,1.2013145,1.6958187789954695,-2.27209377405864,107869.0390625,4.168892022745838,2460807.8827449535
2460807.886193626,0.9959873849271698,0.0019435045551383552,173.01235961914062,1.2012936,1.5480160001825443,-1.1394678566554024,107869.0390625,4.325857862159993,2460807.8829229283
2460807.8863717015,0.9931979240389919,0.0019744141774666636,159.95652236938477,1.201273,0.06863701380086829,-0.42552054858618105,107869.0390625,3.9850682668790256,2460807.883101007
2460807.886549673,0.9917573453693473,0.001972121554470944,159.64853591918944,1.2012534,1.042048699774934,-0.8728765705805659,107869.0390625,4.023526919847177,2460807.8832789813
2460807.8867276334,0.9949278062714779,0.001968581794635545,159.42826232910156,1.2012342,2.093818610886665,-2.485621756384187,107869.0390625,4.421667346680859,2460807.8834569445
2460807.8869070746,0.9945058865150803,0.001973774428961509,159.6040168762207,1.2012162,0.9247153232600529,0.04713849781496258,107869.0390625,3.865840142867633,2460807.883636389
2460807.887084965,0.9942598683532642,0.0019739361413918612,159.8289436340332,1.2011982,1.3877498747908734,-2.5656583973991065,107869.0390625,3.681476385415273,2460807.8838142822
2460807.8872631453,0.9954574190501174,0.0019742155946502232,159.76490020751953,1.2011812,0.10249124151553342,0.14711102157646147,107869.0390625,4.0237192528275045,2460807.883992465
2460807.887441105,0.9967039645461802,0.0019711543708238674,159.55142135620116,1.201165,1.7269208775214033,-1.567159441259064,107869.0390625,4.211413640503458,2460807.8841704284
2460807.887620385,0.9923049354921606,0.001964886941985724,159.92083206176758,1.2011489,1.4387631256020355,-2.410709446814117,107869.0390625,4.7599527320340504,2460807.884349711
2460807.8877989114,0.9891249865390798,0.001962104476368741,160.22608184814453,1.2011332,0.8843945949022118,-1.5522834260833773,107869.0390625,4.84339763655136,2460807.8845282407
2460807.887984314,0.9940104012911696,0.0019712869429439218,160.32895278930664,1.2011195,1.9517918574954005,-2.480497878855495,107869.0390625,4.1137559164384525,2460807.884713646
2460807.8881623205,0.9952882618122193,0.0019678018383428217,160.91495513916016,1.2011052,0.9480473420297817,-1.7157725063424358,107869.0390625,4.126677083839854,2460807.8848916553
2460807.88834028,0.9922956343028987,0.0019726644428039127,161.56213150024413,1.2010918,1.3055818873094904,-1.6998173595547503,107869.0390625,3.9791023410848547,2460807.885069618
2460807.888518252,0.9943604075273585,0.0019710951374416258,162.1876136779785,1.2010797,0.7934085028074009,-2.151809617335678,107869.0390625,4.0798347062949025,2460807.885247593
2460807.8886962812,0.9931911380626443,0.001964877789160604,163.33313522338867,1.2010676,1.7962180427135137,-1.7264874768165004,107869.0390625,4.486621455016434,2460807.885425625
2460807.888874299,0.9934217274911622,0.001971451606287793,165.92037200927734,1.2010565,1.294947233936043,-1.8786450760468425,107869.0390625,4.125597425188099,2460807.885603646
2460807.889056565,0.9952474076345464,0.001925736851624415,194.35952224731446,1.2010459,1.2592584211506246,-2.725630835315018,107869.0390625,4.281776896098595,2460807.8857859145
2460807.8899506005,0.9913307441642073,0.0019486830786897551,183.81013717651368,1.2010036,1.452279835957594,-1.160195570534691,107869.0390625,4.341574227656977,2460807.886679965
2460807.890128734,0.9969152125703754,0.0019653723632040735,170.18443222045897,1.2009966,2.0932496684439523,-1.8294416582266706,107869.0390625,4.550962987600093,2460807.886858102
2460807.8903068444,0.993245050453641,0.001972498346333089,169.9078712463379,1.2009912,1.005664951648799,-2.177001789438898,107869.0390625,3.9271284520909244,2460807.887036215
2460807.8904871545,0.9942090133665413,0.0019669954826301095,172.10346374511718,1.2009858,1.4808933773424569,-0.9436471349682977,107869.0390625,4.278283938322358,2460807.887216528
2460807.8906652527,0.9974159065569704,0.0019665209718976438,177.54112396240234,1.2009811,2.44450315421312,-2.31722339233371,107869.0390625,4.878625891888895,2460807.8873946294
2460807.890843248,0.9913133264433439,0.001939672148307004,208.45449752807616,1.2009773,1.0968430023536995,-2.80634886760444,107869.0390625,4.876861624630623,2460807.8875726275
2460807.892981812,0.9943739922769474,0.0019973069245459306,214.71958694458007,1.2009819,0.6516929400595662,-0.4759816590377744,107869.0390625,4.031314228397882,2460807.889711227
2460807.893159772,0.9924572137130526,0.001974057161426412,216.11135177612306,1.2009871,1.2205468118330443,-2.4028745636430715,107869.0390625,4.185258248730389,2460807.88988919
2460807.89333882,0.9959116305830291,0.001997093780094475,200.5793258666992,1.2009923,2.1788719015644524,-1.450324150330938,107869.0390625,4.038612687438381,2460807.890068241
2460807.8935168264,0.9923422947689381,0.001987322425523341,183.34630126953124,1.200998,0.8733481266055318,-0.3671582976561487,107869.0390625,3.849485549863518,2460807.89024625
2460807.893694983,0.9942690484175496,0.001982246782490652,177.6517478942871,1.2010047,1.4249027668503391,-1.4641672521779467,107869.0390625,3.959147124585048,2460807.89042441
2460807.89387292,0.9927042841570334,0.001975496267385157,177.02264251708985,1.2010118,1.9313215106252373,-1.944960532500172,107869.0390625,4.724800818130858,2460807.89060235
2460807.894050845,0.994262778107563,0.001975200431158218,176.3450149536133,1.2010197,1.976249631425936,-2.090770591423289,107869.0390625,4.752271301522761,2460807.8907802776
2460807.894229002,0.9938175948092954,0.0019764393956868006,175.8540008544922,1.2010285,1.8232795597797045,-1.5340996738473285,107869.0390625,4.147174998991693,2460807.8909584377
2460807.8944068463,0.9930041781746234,0.0019807062045890593,182.72153701782227,1.2010379,0.3098881024987243,-0.5219309193121912,107869.0390625,4.151173458005587,2460807.891136285
2460807.8951189173,0.992376906826415,0.001977165818854691,174.10903244018556,1.2010818,2.203965229204462,-1.4297634010550875,107869.0390625,4.431557707126218,2460807.891848368
2460807.895474988,0.9980375897327727,0.001915500744848966,215.86030044555665,1.201107,0.6420332309827262,0.4508475207065532,107869.0390625,4.065605154805484,2460807.8922044444
2460807.896011345,0.9959951470810904,0.001970411782497253,170.1128936767578,1.2011506,0.7387552090872678,-1.7032105462314133,107869.0390625,4.168263581484673,2460807.8927408103
2460807.896367207,0.9935929243223299,0.0019529525876511278,165.1654312133789,1.2011833,0.7443159144574624,-2.9770752650966954,107869.0390625,5.152399575479351,2460807.8930966784
2460807.8965463936,0.9961157638224504,0.0019688924585286108,164.06397552490233,1.2012004,2.2023824682585587,-2.4478457991025944,107869.0390625,4.1740605389420375,2460807.893275868
2460807.8967242613,0.9917562935287123,0.001965349926196044,163.85104064941407,1.2012179,0.49891992662009405,-2.6142145022811856,107869.0390625,4.932867619640929,2460807.8934537387
2460807.8969024294,0.9953043470562217,0.0019597233708217106,164.27416305541993,1.2012369,1.520582254605846,-1.8177866568483796,107869.0390625,4.824887250647067,2460807.8936319095
2460807.8970802967,0.9948567445188059,0.0019445432679739568,173.40371017456056,1.2012554,1.6534219216976713,-2.4136825838647753,107869.0390625,5.0734685605054075,2460807.89380978
2460807.8972608377,0.9944229085249086,0.0019554603766130424,162.67331771850587,1.2012757,1.5479633426174768,-2.215785186762965,107869.0390625,4.994564712670259,2460807.893990324
2460807.897438995,0.994205151534238,0.0019413229679256859,161.793408203125,1.2012961,1.8697257458232721,-3.3088265511094908,107869.0390625,6.1201574870469795,2460807.894168484
2460807.8976196395,0.9926137331624634,0.001944091752407447,162.172843170166,1.2013179,1.0193114925307425,-2.3926133529382385,107869.0390625,5.723045874490821,2460807.8943491317
2460807.8977974146,0.9939958026498886,0.001963698431514269,161.7395263671875,1.2013391,1.1148993517479728,-2.527490954681068,107869.0390625,4.69921447306494,2460807.8945269096
2460807.8979751547,0.9949786050548944,0.0019527455854187953,162.26506576538085,1.2013622,1.12812971327018,-2.0041900810943245,107869.0390625,4.896956715070474,2460807.894704653
2460807.898168485,0.9953582949334134,0.0019680341995506035,162.30766983032225,1.201387,1.6464281429596412,-2.647661672058889,107869.0390625,4.722303846578603,2460807.894897986
2460807.898346665,0.9932107030571247,0.0019703662002004724,161.88518905639648,1.2014104,1.8294632461171665,-1.9881185715279805,107869.0390625,4.2397335231519895,2460807.895076169
2460807.8985245437,0.9946991689816409,0.001963561344326676,161.90621795654297,1.2014352,1.1079901096154412,-2.801076176144214,107869.0390625,4.66835740427332,2460807.895254051
2460807.8987025265,0.9936588211145269,0.0019638838830861893,161.64911270141602,1.2014599,1.3185544904873772,-2.232329086497237,107869.0390625,4.644380955367446,2460807.895432037
2460807.898880603,0.9985619491061256,0.0019678037069101413,161.41253890991212,1.2014856,1.6099282564042614,-2.611208589319142,107869.0390625,4.618359386008126,2460807.895610116
2460807.899058586,0.9976851842885582,0.001965567413116975,161.455712890625,1.201512,0.8898819116682927,-2.1186985645681196,107869.0390625,4.572906736705442,2460807.895788102
2460807.899236592,0.9946971223227595,0.0019670723948029645,160.8304573059082,1.2015394,1.9231069888769265,-1.9755429397795365,107869.0390625,4.272516699222314,2460807.895966111
2460807.8994146795,0.9921797810302163,0.001960347148386638,160.32200393676757,1.2015667,1.7337014638268844,-2.3859570563468058,107869.0390625,4.867512711425814,2460807.8961442015
2460807.899593091,0.9897084258775882,0.0019561974758954288,159.74713745117188,1.2015953,1.630982556274986,-2.3915790712130347,107869.0390625,5.142158954098939,2460807.896322616
2460807.899812821,0.9957920224404012,0.001961269716683783,160.5395721435547,1.2016318,1.5674341817912198,-2.10035147016483,107869.0390625,4.810943049230071,2460807.8965423494
2460807.899990931,0.9920883774984005,0.0019611000483008814,160.95898666381837,1.2016608,1.0689245267736958,-2.7763652817710827,107869.0390625,4.708417938758727,2460807.896720463
2460807.900168926,0.9937429576624626,0.001969001497922564,161.40685501098633,1.2016915,1.1640759486231185,-1.253487987539893,107869.0390625,4.410564552700647,2460807.8968984606
2460807.900347442,0.9955726214104771,0.001972367040687071,161.29061279296874,1.2017224,1.6249295286586234,-2.2038430419840416,107869.0390625,4.0826649319238095,2460807.8970769793
2460807.9005249385,0.9935806830329651,0.0019738749361208415,160.96043243408204,1.2017547,0.74056556214445,-0.28194046412128104,107869.0390625,3.909627423364881,2460807.897254479
2460807.900703107,0.9942278639525858,0.001971805241246633,160.89039459228516,1.2017868,1.4400990743908768,-1.812321474606406,107869.0390625,4.286583631046071,2460807.8974326504
2460807.900881299,0.995780919278143,0.001968192061055367,161.3432518005371,1.201819,0.30088163985440014,-0.204343574481418,107869.0390625,4.586413027346633,2460807.897610845
2460807.9010590734,0.994646212539898,0.001954923411746991,161.39779968261718,1.2018535,1.6300187317534238,-3.3969508109814632,107869.0390625,5.1743952800079205,2460807.897788623
2460807.901238283,0.9952466677921152,0.0019754979663341877,162.7442253112793,1.2018879,0.5768597316632942,0.43445745313911704,107869.0390625,4.0098495627198565,2460807.8979678354
2460807.901416197,0.9933811497177443,0.001969768423987118,162.49375228881837,1.2019234,1.3414619912589232,-1.701046495946198,107869.0390625,4.2571160268196735,2460807.8981457525
2460807.901594157,0.9933992812863315,0.0019653800654103985,162.07440490722655,1.2019593,1.8826453265039524,-1.7294641426407644,107869.0390625,4.935797496814578,2460807.898323715
2460807.9017721517,0.9934937705687368,0.001956233234005488,161.98696823120116,1.201996,1.4188461753452875,-2.3078173418241725,107869.0390625,5.173645378823176,2460807.898501713
2460807.9019520446,0.9979434483467707,0.0019515992499797368,161.7229034423828,1.2020336,1.2543631558461485,-1.802100839042551,107869.0390625,5.54162680134402,2460807.898681609
2460807.9021305256,0.9952410632240318,0.0019680545616391544,161.8269821166992,1.2020711,1.3795786797825982,-1.8381555810192296,107869.0390625,4.21014336901671,2460807.8988600927
2460807.90230874,0.992418700751496,0.0019633546989452477,160.9941665649414,1.2021095,1.918183716154488,-1.7698842793282112,107869.0390625,4.312268830130502,2460807.89903831
2460807.9024863876,0.9940530947693527,0.001965679250841782,160.556388092041,1.2021482,1.7508322655402018,-1.9140015260270964,107869.0390625,4.5099906219950645,2460807.899215961
2460807.90266444,0.9945312418188564,0.001960231215871951,160.87730331420897,1.2021887,1.1815987435633202,-2.489756528873905,107869.0390625,4.508903442507324,2460807.8993940162
2460807.9028425966,0.9978883787749148,0.0019563316727136556,160.4153144836426,1.2022295,1.8408351168488395,-2.077237698488107,107869.0390625,5.2108170356622825,2460807.899572176
2460807.903020603,0.9944499026779746,0.001959718545949773,161.02360153198242,1.2022691,2.0407064766814282,-2.880894173754229,107869.0390625,4.787892246280632,2460807.899750185
2460807.9031984936,0.9953439329455385,0.0019477761241385502,160.75664749145508,1.2023117,1.625605575849761,-1.705341066138448,107869.0390625,5.5100349830033055,2460807.8999280785
2460807.903376523,0.9970727203943541,0.0019542079491300184,160.86723403930665,1.2023536,1.5965292225606718,-2.7100708781667566,107869.0390625,4.958456861411255,2460807.900106111
2460807.903555733,0.9949550543447931,0.001953714956715721,161.39686584472656,1.2023968,2.3299081944605198,-1.6834541435181412,107869.0390625,5.358362762947637,2460807.900285324
2460807.9037350123,0.9953936308872888,0.0019582114078396475,161.75560989379883,1.2024408,2.115946806282716,-1.3005546011339928,107869.0390625,4.759144518422466,2460807.9004646065
2460807.903913262,0.9964713434078293,0.001959021823497164,161.822843170166,1.2024856,1.7718386160930435,-1.5312768655015416,107869.0390625,4.747852047813754,2460807.900642859
2460807.904091245,0.9948353161001193,0.0019612934275996,161.53755264282228,1.2025301,1.6993697342610568,-1.8187572490603365,107869.0390625,4.81268441157359,2460807.900820845
2460807.9042703277,0.9955198099466421,0.0019656082483637148,162.7947570800781,1.2025761,1.8060562850455129,-2.145762101931768,107869.0390625,4.432880910963457,2460807.9009999307
2460807.9044486233,0.9951879356011567,0.0019468987857584642,163.9855613708496,1.202623,1.6391451232775638,-3.0107202025920103,107869.0390625,5.536681017997284,2460807.901178229
2460807.90462663,0.9940564352998889,0.0019610633125256723,164.75184478759766,1.2026696,0.9892408801494124,-2.0308538816150477,107869.0390625,4.430720322431049,2460807.9013562384
2460807.9048045664,0.9948961603900932,0.0019428775332427594,167.33880462646485,1.2027178,1.7623680791877128,-2.10301515358613,107869.0390625,5.742967938979468,2460807.9015341783
2460807.9049828043,0.9965367160132054,0.0019643640045217243,169.00041427612305,1.2027647,1.075081650052615,-2.6383076441613924,107869.0390625,4.7156897834225555,2460807.901712419
2460807.9051618865,0.9979571947710856,0.001963334120520853,167.5702102661133,1.2028146,1.8750478487782,-1.7856790273932195,107869.0390625,4.843052094552311,2460807.9018915044
2460807.9053400205,0.9940037221502728,0.001958460696028881,163.69025344848632,1.2028651,1.1051936894741463,-1.478916754326669,107869.0390625,5.151851214578716,2460807.9020696413
2460807.905519138,0.9947750889449793,0.001971628798193255,161.67387313842772,1.2029142,1.6375408461535699,-1.6052453195332999,107869.0390625,4.059957346876967,2460807.9022487616
2460807.9056994123,0.9954304708806072,0.0019698108400373507,160.26047744750977,1.2029659,1.6388396906848135,-2.8055758471303838,107869.0390625,4.161104814048098,2460807.902429039
2460807.9058775697,0.9959617261245653,0.00196551802406038,159.27928161621094,1.2030183,1.6899878225172997,-1.7607398350532075,107869.0390625,4.709599745904135,2460807.9026071993
2460807.9060554947,0.9975315771047074,0.001969242780952401,159.46071090698243,1.2030704,2.2052545381256916,-2.6196582829959314,107869.0390625,4.226886762166521,2460807.9027851275
2460807.9062359314,0.9954055375979637,0.001939702997153693,159.65195236206054,1.203124,1.1627914490603386,-2.725843550988997,107869.0390625,5.895863327915963,2460807.902965567
2460807.906413961,0.9956838927658794,0.001965740743879223,160.10249938964844,1.2031778,2.1700939238416743,-2.0276808577612315,107869.0390625,4.554845164188943,2460807.9031435996
2460807.906592141,0.9924366292026982,0.001968919304765777,159.67926406860352,1.2032322,1.2680063328549303,-2.6634774623784785,107869.0390625,4.273611015154947,2460807.9033217826
2460807.9067719644,0.9963784104123113,0.0019670168142528585,159.6771026611328,1.2032873,1.9247167247315748,-1.9560655167153262,107869.0390625,4.449453375702376,2460807.903501609
2460807.906949415,0.9972797343823026,0.001968576798776138,159.55293045043945,1.2033432,2.034985957124922,-1.9002826260282002,107869.0390625,4.779525009635302,2460807.9036790626
2460807.907127514,0.9938009780347415,0.0019558975293721623,159.2035934448242,1.203399,1.5285914868120054,-3.433072064193513,107869.0390625,4.575385476278643,2460807.9038571646
2460807.907306585,0.998572808886235,0.0019662373622530887,159.13963775634767,1.2034559,1.4875081460624897,-2.1034877786935873,107869.0390625,4.806592255064303,2460807.9040362383
2460807.9074846376,0.9961293767258532,0.0019366449768640993,158.67538986206054,1.2035144,2.0342230025692563,-1.4322300756577644,107869.0390625,5.9293422151418556,2460807.904214294
2460807.907662621,0.9945141861931251,0.0019593198396443377,159.18878021240235,1.2035719,0.4439487134780637,-2.3493990884287603,107869.0390625,5.500799920976515,2460807.90439228
2460807.9078408126,0.992589992090311,0.0019528584341972014,159.55925445556642,1.2036309,1.7733432001435872,-4.36508833921802,107869.0390625,5.466454755206385,2460807.9045704748
2460807.9080189457,0.9939770658344661,0.0019687244599855837,157.55946426391603,1.2036905,2.5802025995929783,-3.010979143586459,107869.0390625,4.167969747878998,2460807.904748611
2460807.908197091,0.9922619035151025,0.0019735131225726765,160.1583351135254,1.2037504,0.13790931046692365,0.469468487140271,107869.0390625,3.9375720608338334,2460807.904926759
2460807.908375097,0.9986428419681463,0.0019625941292441477,160.80465545654297,1.2038121,1.1781424766200976,-2.061094089230947,107869.0390625,4.420624278188089,2460807.9051047685
2460807.908554365,0.9955479542380509,0.001964684232365579,160.77504272460936,1.2038734,1.6123199977117566,-2.1776195846109814,107869.0390625,4.320057873420552,2460807.905284039
2460807.9087321865,0.9932840042263468,0.001957787867573639,160.87279815673827,1.2039358,1.582252077515573,-2.5851816992940146,107869.0390625,4.795967980791527,2460807.9054618636
2460807.9089104007,0.9962061306513251,0.00195751525837874,161.0712532043457,1.2039984,1.5898487173556377,-1.706691364379179,107869.0390625,5.107622401011266,2460807.905640081
2460807.909088419,0.9953111315452267,0.0019556139606316607,161.32919158935547,1.204062,1.0875568622660465,-1.8232913747757584,107869.0390625,5.07327097948892,2460807.905818102
2460807.909267559,0.9954153139864218,0.0019499080281359532,161.68278045654296,1.2041273,1.2265149379573932,-2.827042994441689,107869.0390625,4.950153773268717,2460807.9059972456
2460807.909445716,0.9927492329225874,0.001941122505344145,162.0481414794922,1.2041927,1.3703570840597916,-2.6901409617593806,107869.0390625,5.416928452623185,2460807.9061754053
2460807.909624764,0.9952782961933049,0.0019403961485310926,161.48695449829103,1.204259,2.315853754648285,-2.722796598435014,107869.0390625,5.899530321678046,2460807.906354456
2460807.9099810193,0.9930715087536919,0.001946245669359481,163.19210662841797,1.2043907,1.589321907541978,-2.1183715143095467,107869.0390625,5.141482074784355,2460807.9067107174
2460807.9101590603,0.9925511059490845,0.0019463648425165382,163.33057174682617,1.2044591,0.9150372939900587,-2.309753869642151,107869.0390625,5.717525873263105,2460807.9068887616
2460807.9103383515,0.9938218451721115,0.0019514883168796622,163.8185775756836,1.2045261,1.7658083300921366,-2.5046024260557314,107869.0390625,5.125979686679563,2460807.9070680556
2460807.9105174574,0.9938749649339563,0.0019567928330336427,163.85872344970704,1.2045958,0.851658985347274,-2.3608718373438946,107869.0390625,4.80105056889903,2460807.9072471643
2460807.9106953708,0.9954264036144505,0.001961189569927173,163.0325843811035,1.2046651,1.3234953004639833,-1.913907918720076,107869.0390625,4.545272943231154,2460807.907425081
2460807.9108756576,0.9962381345974932,0.001962151882764548,162.06629638671876,1.2047369,1.9726896012866169,-2.174758530937179,107869.0390625,4.788340974125374,2460807.9076053705
2460807.9110538256,0.9971165066758806,0.0019559407015781755,162.61793060302733,1.2048073,0.9711493653865678,-2.5850834352528937,107869.0390625,5.1548286675268455,2460807.907783542
2460807.911231647,0.9959206073356238,0.0019428976044587986,163.05085144042968,1.2048785,0.35526901784966475,-1.5632380077808803,107869.0390625,5.617391953173119,2460807.9079613658
2460807.911409792,0.9931759329034223,0.0019397799420397225,162.05201721191406,1.2049509,1.5365089536766836,-2.75041659505523,107869.0390625,5.408276429445218,2460807.908139514
2460807.9115875205,0.9952450005819089,0.0019418841016089696,162.77135772705077,1.2050233,0.7955911811970191,-1.7945409888231636,107869.0390625,5.571324104175808,2460807.9083172455
2460807.911765631,0.9907037802509226,0.0019599454647215237,162.49950561523437,1.2050974,1.8213247338165728,-2.320377338411159,107869.0390625,4.771228259016974,2460807.9084953587
2460807.911943498,0.994942278527302,0.0019562092428423525,163.13837966918945,1.205171,1.9152840903280022,-2.0789327217273788,107869.0390625,4.777281074755184,2460807.908673229
2460807.9121226156,0.9949951066918729,0.001965301171566378,162.1739402770996,1.205246,1.1931770398607344,-3.4806778197277977,107869.0390625,4.62834758667939,2460807.9088523495
2460807.912300796,0.9944568219360151,0.0019534892560664346,162.87920684814452,1.2053218,1.218437993301519,-2.585266245267964,107869.0390625,5.274366091528556,2460807.9090305325
2460807.912478686,0.9959146861481516,0.0019681028440107274,163.9734344482422,1.2053976,1.3923071406811218,-2.0814156435339726,107869.0390625,4.5488767968404575,2460807.909208426
2460807.912659956,0.9947459574792539,0.001956362227151326,163.97704162597657,1.2054775,1.2337453608129525,-1.9382474572712418,107869.0390625,5.100597901799007,2460807.909389699
2460807.9128379854,0.9940575287052241,0.0019466220475144323,164.5107307434082,1.205553,1.6185550380407152,-2.2513263112729063,107869.0390625,5.457929511835811,2460807.9095677314
2460807.9130173926,0.9957143890485363,0.001960754950993556,164.00971374511718,1.2056321,1.5085664544978774,-2.471746891544718,107869.0390625,4.884290270380512,2460807.9097471414
2460807.913197795,0.993747771762146,0.0019563357594106164,163.87305450439453,1.2057126,1.1479578579378888,-2.7510658819488865,107869.0390625,5.3290359282107636,2460807.9099275465
2460807.9133757777,0.9968260897235479,0.00195393904162615,163.74158325195313,1.2057933,1.72901768085851,-2.2453002354758653,107869.0390625,5.4426344150533525,2460807.9101055325
2460807.913553587,0.9948705205005268,0.0019413513673104397,164.05327453613282,1.2058727,2.3134674372835904,-2.910167907166136,107869.0390625,4.794347677610121,2460807.910283345
2460807.9137339313,0.9944582099497394,0.001930731419799004,165.95842208862305,1.2059539,1.8339761299361053,-2.341625755653334,107869.0390625,6.499857274789288,2460807.910463692
2460807.913912146,0.9958868098705275,0.001957358650587198,165.5428482055664,1.2060355,1.6046439544955833,-3.1614039931929456,107869.0390625,4.809314185919618,2460807.9106419096
2460807.9140901756,0.9933155868502459,0.001966818536691344,165.39716415405275,1.2061179,1.2549075901215994,-2.589221380702447,107869.0390625,4.374132550125259,2460807.910819942
2460807.9142680196,0.9946313150959482,0.0019624451210913905,165.07253723144532,1.2062013,1.3681089247257747,-2.73113385725684,107869.0390625,4.870138000213767,2460807.9109977894
2460807.914446188,0.9954927967109142,0.0019531174424153757,162.17692642211915,1.2062827,1.5384100611203535,-3.0218943316741202,107869.0390625,5.503990896773392,2460807.9111759607
2460807.914625363,0.9925980677563737,0.0019430537629668988,160.90367126464844,1.2063685,1.083879535943987,-2.140063899073669,107869.0390625,5.884721535454831,2460807.9113551388
2460807.914803092,0.9980056046566048,0.0019321076125841446,160.77089004516603,1.206454,1.8014596587773675,-1.9185914944364773,107869.0390625,6.016878640328081,2460807.9115328705
2460807.9149826486,0.994284195709261,0.001946740842594903,160.42338180541992,1.2065388,1.4678665128166102,-3.380511244366506,107869.0390625,5.130860996223575,2460807.9117124304
2460807.9151621712,0.9926690952292675,0.0019526894301128543,162.31569747924806,1.2066255,0.9854146959262194,-2.1534485795988,107869.0390625,4.944582910919131,2460807.911891956
2460807.915341798,0.9972573495816177,0.0019457130319322496,162.65378341674804,1.2067133,2.2423768164793154,-2.840747277194969,107869.0390625,5.5768113963967005,2460807.9120715857
2460807.9155210657,0.9960083756829494,0.001928474822590239,162.94861755371093,1.2068026,2.294912236846537,-3.495417793672515,107869.0390625,5.74584638780013,2460807.9122508564
2460807.915699049,0.9965385253890092,0.001935372696769736,163.54029998779296,1.2068919,1.6600563740584142,-1.7893420787286165,107869.0390625,5.635823733245302,2460807.9124288424
2460807.9158771825,0.9952775189586905,0.0019448642646141135,163.2492233276367,1.2069787,1.5662777338696268,-3.160630139473107,107869.0390625,5.6027264347361445,2460807.9126069793
2460807.916055073,0.9934614233358754,0.0019441529995408709,164.36537399291993,1.2070697,2.01781451681183,-2.4741727106983453,107869.0390625,5.491070816447257,2460807.9127848726
2460807.916235522,0.9958806128394043,0.0019441882195433318,164.63763198852538,1.2071616,0.5186206446078208,-2.4241465412775294,107869.0390625,5.663404890619249,2460807.9129653242
2460807.916413701,0.9952765292770672,0.001945024384303025,165.4728630065918,1.2072498,1.641888615742629,-2.521780225181233,107869.0390625,5.533563155321024,2460807.9131435067
2460807.916591812,0.9979273036565566,0.001949833585807526,165.36170120239257,1.2073421,1.8238383057676781,-3.2268209835598958,107869.0390625,5.49654013432279,2460807.9133216203
2460807.916769691,0.998068061560385,0.0019448257738056843,165.48654708862304,1.2074342,0.591151263662322,-2.7183312775726693,107869.0390625,5.597137079432758,2460807.9134995025
2460807.9169511115,0.9997007665731502,0.0019464542486827125,164.64924545288085,1.2075286,1.3781283871597867,-3.838676404474216,107869.0390625,5.7809252521964405,2460807.913680926
2460807.9171293722,0.9964275095159426,0.0019558508723519948,164.44309692382814,1.2076239,2.0983517618804237,-1.5664424159378536,107869.0390625,4.863967154955459,2460807.91385919
2460807.917307425,0.994130833585291,0.0019448883494471215,165.3778388977051,1.2077179,1.3559300994905394,-3.2983353136024594,107869.0390625,5.392795165465216,2460807.9140372453
2460807.917485408,0.9960044107097961,0.0019401471007119981,166.11126403808595,1.2078127,2.1014570158957473,-2.2917016054493127,107869.0390625,5.72600292646525,2460807.9142152313
2460807.9176633214,0.9983857114217609,0.0018904986788502351,166.2130905151367,1.2079079,1.4499168436959227,-4.509467964385845,107869.0390625,5.8998955293931745,2460807.914393148
2460807.917868191,0.9950749897303549,0.0019615928799444136,165.17101364135743,1.2080193,0.7722634693378141,-1.9452391287062705,107869.0390625,4.8083094875529016,2460807.9145980207
2460807.9180488824,0.9960051953504769,0.0019691667546186476,165.00346755981445,1.2081178,1.77323690068477,-2.6562719635201995,107869.0390625,4.427634393774233,2460807.9147787155
2460807.918229076,0.9972879502585356,0.0019648100135568674,165.4045394897461,1.208216,2.0711362812102214,-2.509094539732266,107869.0390625,4.933305743798021,2460807.914958912
2460807.9184081242,0.9977152755417582,0.0019589659016958673,164.34728393554687,1.2083142,1.6773391084789036,-2.999389634206757,107869.0390625,4.988635512983524,2460807.915137963
2460807.918587334,0.9923125920680099,0.0019482883758201513,162.7470245361328,1.2084134,1.279184720160604,-2.3814442196332593,107869.0390625,5.304196099080006,2460807.915317176
2460807.9189459737,0.9964779182508842,0.001941816871426774,162.41865005493165,1.2086163,1.071106878654856,-2.529429535755266,107869.0390625,5.734973464855223,2460807.9156758217
2460807.919126573,0.9950467055470718,0.001920499877747284,163.69807891845704,1.2087187,0.8570138192905229,-2.491405152246412,107869.0390625,6.630373626796092,2460807.915856424
2460807.919488048,0.9956576043408715,0.001957265150293583,166.38039779663086,1.2089266,2.5627433717032,-3.0532496953523816,107869.0390625,4.951303837261411,2460807.916217905
2460807.9196685543,0.9984279409949155,0.001967711596387063,165.22565536499025,1.2090306,0.7743923922077021,0.20132156525179445,107869.0390625,4.520766963041944,2460807.9163984144
2460807.9198491303,0.9948293422702212,0.0019621897185542543,164.32171554565429,1.2091365,1.5711187389234926,-2.0701318769527957,107869.0390625,4.896742899549532,2460807.916578993
2460807.9200338027,0.9931263440685494,0.001960657388033425,166.08852005004883,1.2092433,2.1312610158144865,-2.4120015716656944,107869.0390625,4.971084368664711,2460807.916763669
2460807.920213175,0.9979457258670101,0.0019624200070797585,167.19875717163086,1.2093495,1.3854240312163157,-1.8636799913173048,107869.0390625,4.8098980951918415,2460807.916943044
2460807.9203935424,0.9952071537919241,0.0019665390858914517,167.9257698059082,1.2094583,2.042492169083742,-2.222194764912253,107869.0390625,4.6359292350611465,2460807.9171234146
2460807.920573794,0.9981543608191604,0.0019584523544519186,169.48388061523437,1.2095639,1.3226193357631686,-3.35447777889337,107869.0390625,5.314055610272861,2460807.917303669
2460807.9207531195,0.9958037623757209,0.0019591340543115253,169.19573211669922,1.2096741,1.2308431565925686,-2.7580707184988222,107869.0390625,5.434048242214044,2460807.9174829978
2460807.9209322487,0.9990766313873269,0.0019554173805454485,167.83842010498046,1.2097818,0.5395593659629881,-2.2155799989400826,107869.0390625,5.670401479091727,2460807.9176621297
2460807.9211140857,0.9956386158679754,0.0019539136830897088,165.76124954223633,1.2098942,1.7671127179283277,-2.6813907413967493,107869.0390625,5.17771344275435,2460807.91784397
2460807.9212929835,0.9982582481163822,0.0019316198169315542,165.38077392578126,1.2100009,2.320850978211997,-2.0218161907140844,107869.0390625,5.836989594498741,2460807.9180228706
2460807.9214721466,0.9985739461858386,0.0019493078732322631,163.62945404052735,1.2101122,2.091240421543145,-3.3818829137787723,107869.0390625,5.644705533721141,2460807.918202037
2460807.9216525606,0.9984335694891752,0.00194647652599596,162.6694221496582,1.2102253,1.7173265881899817,-3.3928054201453666,107869.0390625,5.320357548134377,2460807.9183824537
2460807.9218332055,0.9954172058667091,0.0019522593885990078,163.83842697143555,1.210339,1.4594184667096484,-2.0626396262881763,107869.0390625,5.131946304529555,2460807.918563102
2460807.9220136194,0.9988239983390776,0.0019464585634228482,164.2913070678711,1.2104524,1.4548636632855565,-1.5148616645605295,107869.0390625,5.275741701620423,2460807.9187435186
2460807.9221939407,0.9970045799200209,0.001939262565460148,165.1814308166504,1.210565,1.8163309456416943,-3.1431589953771395,107869.0390625,6.061985996552863,2460807.9189238427
2460807.9223744464,0.9995093170770797,0.0019419056194699632,166.54156723022462,1.2106806,3.117476538787824,-1.9973323888280845,107869.0390625,5.835894092497344,2460807.9191043517
2460807.9225546406,0.9956282839752812,0.0019428709145819804,166.2173210144043,1.2107968,1.295123824519116,-2.463704674716977,107869.0390625,5.651851634447901,2460807.9192845486
2460807.9227337,0.9951769516537005,0.0019143534271309599,164.53450622558594,1.2109116,1.390220851225425,-2.8136063065050347,107869.0390625,6.895781850077859,2460807.919463611
2460807.922915433,0.9984431651195234,0.0019441184327690564,164.5713851928711,1.2110301,1.5911157738635424,-2.488018005429003,107869.0390625,5.5540044869207446,2460807.919645347
2460807.9230969693,0.9966253683334418,0.0019248802758724838,164.51104965209962,1.2111477,0.7824300146148945,-3.3469384741028447,107869.0390625,6.224690995353371,2460807.9198268866
2460807.92327714,0.9998713856434474,0.0019277781023578865,164.4891502380371,1.2112655,1.3885582734200164,-1.652893376310228,107869.0390625,6.9093444262601045,2460807.9200070603
2460807.923456847,0.9966442441368979,0.0019260175580375584,164.25034255981444,1.211383,1.1537506399051913,-2.7802028472586517,107869.0390625,6.203481304759863,2460807.9201867706
2460807.9236357915,0.9989168708987043,0.001935336858357062,165.20421905517577,1.2115037,1.6648952815435052,-2.5722849932715057,107869.0390625,6.132619981611448,2460807.9203657177
2460807.9238137626,0.9982235606851576,0.001953322679485418,165.0932945251465,1.2116223,1.6938904777981512,-2.933985568406361,107869.0390625,5.126716508622036,2460807.920543692
2460807.924009697,0.9956183782104956,0.0019464380066664569,165.58104705810547,1.2117538,1.4414833952263186,-1.6466709852898263,107869.0390625,5.655165606614762,2460807.92073963
2460807.9241872984,0.9972628695546988,0.0019358496661721937,167.34466247558595,1.2118737,1.4722687567350186,-1.8353192771204425,107869.0390625,6.127075526984199,2460807.920917234
2460807.9243687764,0.9928972255988692,0.0019363962714177632,167.3188217163086,1.2119973,0.9879404850261675,-2.114768412593269,107869.0390625,5.987217848326715,2460807.921098715
2460807.9245491903,0.996827324597946,0.0019449516586746627,166.67326889038085,1.2121202,1.3856227381170745,-2.5089112750878515,107869.0390625,5.807025805047796,2460807.921279132
2460807.9247284117,0.9976244937312837,0.0019480156176612349,165.8840545654297,1.2122428,2.1163675103799915,-2.875232111004377,107869.0390625,5.574889403556668,2460807.9214583565
2460807.9249062906,0.9978466262970589,0.001931344160040211,166.2457260131836,1.2123655,0.6059679273833466,-1.9989269563489114,107869.0390625,6.522416362421654,2460807.921636238
2460807.9250865886,0.996304331093697,0.0019342597523007588,165.61401290893554,1.2124911,2.3967088664103597,-3.8417042281458684,107869.0390625,6.674022837512924,2460807.9218165395
2460807.925264514,1.0000767557749695,0.0019376889430208944,165.58958206176757,1.2126151,1.636399632321786,-2.8854897387475837,107869.0390625,5.999507420652673,2460807.9219944677
2460807.92544259,0.9991442445819316,0.0019392448987379806,167.38881759643556,1.2127411,1.8002611629374328,-3.006640093166764,107869.0390625,6.281976430926801,2460807.9221725464
2460807.925622853,1.00003096812093,0.0019495267982069027,166.91473999023438,1.2128688,1.4387189278030772,-2.5416862260501603,107869.0390625,5.551598567353101,2460807.9223528127
2460807.92580101,0.9987941735978222,0.0019464377702097717,166.74436111450194,1.2129925,2.172714085159781,-2.1214256253209047,107869.0390625,5.789629415401818,2460807.9225309724
2460807.926336406,0.9974498077850329,0.0019263783736373627,166.39758377075196,1.2133807,2.1347936256159836,-2.0687333945255117,107869.0390625,6.834043179568489,2460807.923066377
2460807.926692372,0.9985374577181643,0.0019350988630019487,166.40964050292968,1.2136377,1.673125272995005,-2.881342240288393,107869.0390625,6.407537170337818,2460807.9234223496
2460807.9268718944,0.9971841514998933,0.0019332326868024723,165.57881240844728,1.2137677,1.9787037781410606,-2.992178661548093,107869.0390625,6.486906280534436,2460807.923601875
2460807.9270512084,0.998553678608533,0.0019407873805198966,166.4526008605957,1.2139015,1.0251548991034822,-3.1561811386488188,107869.0390625,5.891714837588968,2460807.923781192
2460807.9272431266,1.0002841172119763,0.0019066716743603932,167.37486572265624,1.2140437,2.513124246907071,-2.867890275882288,107869.0390625,6.673855773296774,2460807.9239731133
2460807.9274243154,0.9982079269253322,0.001937764235599747,167.027490234375,1.2141757,1.0536019625074329,-2.3610778549201217,107869.0390625,6.148009327085779,2460807.9241543054
2460807.927606269,0.9980004906295905,0.001929183134249308,167.06124954223634,1.2143135,1.1358741459406423,-3.057240904978487,107869.0390625,6.567846526073366,2460807.9243362616
2460807.927967316,0.9986541931042847,0.0019339808835736503,166.36490859985352,1.2145871,2.111270756602462,-2.898303511947625,107869.0390625,6.32492925350924,2460807.924697315
2460807.928148424,0.9985155478285116,0.0019206234656264822,167.02646026611328,1.2147256,1.863363584898008,-2.8780798778859693,107869.0390625,6.666192168524965,2460807.924878426
2460807.9283276224,0.9978648271805864,0.0019280407260974513,167.83890075683593,1.2148615,0.9170980431347338,-2.290858591921099,107869.0390625,6.7510545298452715,2460807.9250576273
2460807.928507006,0.9977217226242363,0.0019451053250653374,168.71623840332032,1.2149992,2.0047545610463953,-2.2630722049130703,107869.0390625,5.831376501730367,2460807.925237014
2460807.928686216,0.9979840549742642,0.0019457053591840322,168.78623657226564,1.2151402,1.520097864974576,-1.2602784399275846,107869.0390625,5.920098497181149,2460807.925416227
2460807.9288653103,0.9962572037264553,0.0019454235143032848,167.3405532836914,1.2152745,1.3742292393283213,-3.2927143628156523,107869.0390625,5.799977591837645,2460807.925595324
2460807.929044728,0.9994185556327616,0.001937287958835319,167.49950637817383,1.2154152,2.5399997542061774,-2.604373392950501,107869.0390625,6.030298494885579,2460807.925774745
2460807.9292236376,0.9965057136795934,0.001947383353454788,167.04273986816406,1.215557,2.2204717687818807,-3.002753437600092,107869.0390625,5.529404267613898,2460807.9259536574
2460807.929402824,0.9968147097344093,0.0019451785985524497,166.04834365844727,1.2156981,2.062395839065289,-2.051316943136462,107869.0390625,5.4686053868401805,2460807.926132847
2460807.9295820226,0.9983529125949512,0.0019523276814920043,166.08221282958985,1.2158385,1.4054657987363193,-3.085935867286656,107869.0390625,5.257202233121353,2460807.9263120485
2460807.929760006,0.9990231637107219,0.001940686790296485,166.82223587036134,1.2159824,2.759669526620627,-2.5979563225977937,107869.0390625,6.170578345950606,2460807.926490035
2460807.9299392966,0.9959978766634279,0.0019294583710657053,168.47381134033202,1.2161241,1.9205886706902175,-3.089212494208202,107869.0390625,6.224812779412395,2460807.9266693285
2460807.9301185645,0.9972480298016119,0.0019254228210732157,168.67237548828126,1.2162663,1.407145725780234,-1.8219091159760743,107869.0390625,6.295339904248572,2460807.9268485997
2460807.9302991056,0.997150699947543,0.0019371089614183751,168.7588249206543,1.2164134,2.065601175337504,-2.7783417404767317,107869.0390625,5.756247867568647,2460807.9270291436
2460807.9304780723,0.9983114656076715,0.001945891737222637,168.71196746826172,1.2165588,1.5889960760985489,-3.573722916106312,107869.0390625,5.671113583069698,2460807.9272081135
2460807.9306571204,0.9960392438238123,0.0019401676354293335,168.60983657836914,1.2167048,0.9975797453767375,-1.7860981770424593,107869.0390625,5.566085034133554,2460807.9273871644
2460807.930837626,0.9972254744298608,0.001929365783938417,169.52819290161133,1.2168539,2.7087921550151393,-3.475518355966585,107869.0390625,6.4023634599843575,2460807.9275676734
2460807.931017994,0.9986062675380734,0.0019519902583193228,169.2123550415039,1.2170027,1.1889236099588576,-2.2016369300779695,107869.0390625,5.557625293246001,2460807.927748044
2460807.931198199,0.9995891290863239,0.0019389725576678155,168.898974609375,1.217152,2.8036655326521456,-3.1348573152036288,107869.0390625,5.921871311704416,2460807.927928252
2460807.93137749,0.999464695620184,0.0019210306088203982,168.53542404174806,1.2172999,1.040839169255154,-3.372016473398659,107869.0390625,6.725005193168953,2460807.928107546
2460807.9315567003,0.9982799950891144,0.0019391127307444923,168.2652214050293,1.2174508,1.1052333791866298,-3.174925072017549,107869.0390625,6.333318459184024,2460807.928286759
2460807.931735702,0.9966511779906483,0.0019485805352061976,167.89823226928712,1.2175959,1.7732654915693544,-2.4174591378246535,107869.0390625,5.739275899919961,2460807.928465764
2460807.931915016,0.9923112194654186,0.0019539895590185326,167.85209121704102,1.2177492,0.9513986056144406,-3.150141561449959,107869.0390625,5.239675888525413,2460807.928645081
2460807.9320943183,1.0004989116377472,0.001962832263493059,167.94368362426758,1.2179013,1.7108812438061236,-2.8537693463583134,107869.0390625,4.917049672603211,2460807.9288243866
2460807.9322734936,0.9965655224327017,0.0019581837031404235,167.5858367919922,1.2180526,1.961121943627916,-2.2671710550866497,107869.0390625,5.108525692773752,2460807.9290035646
2460807.932452854,0.9971342213019757,0.0019533104265755013,167.97677917480468,1.2182071,3.047913047731617,-3.8740624523486082,107869.0390625,5.548565640933958,2460807.929182928
2460807.932631937,0.9983816828897469,0.0019605143136811375,168.16285705566406,1.2183593,2.520607473640973,-2.1410198847417754,107869.0390625,5.126678310293704,2460807.929362014
2460807.9328123964,0.9933505981861694,0.0019603057085895823,167.9552963256836,1.2185155,1.1596762391915936,-2.571349564068159,107869.0390625,5.165496355705959,2460807.929542477
2460807.9329904495,0.9990890563671098,0.0019584586658184565,168.06785354614257,1.2186674,1.4089283161236834,-3.1346926432868325,107869.0390625,5.328103340522724,2460807.9297205326
2460807.93316849,1.0000872186348895,0.0019460231090353036,167.37512969970703,1.2188234,0.9189825297187376,-2.505114362669099,107869.0390625,6.017590099257086,2460807.9298985763
2460807.933347816,0.9951074544076121,0.001954812140071858,167.35896530151368,1.2189838,1.379607482543638,-3.0877968643703224,107869.0390625,5.329426975471853,2460807.9300779053
2460807.9335255907,0.9980397021224031,0.0019658411080122383,167.54977951049804,1.219134,1.683580577361127,-2.1560980701198664,107869.0390625,4.716926413892402,2460807.9302556827
2460807.933703736,0.9950256585728756,0.0019599561433443053,167.77666168212892,1.2192935,1.6215998610838602,-2.7686692639658776,107869.0390625,5.3631392189421625,2460807.930433831
2460807.9338840456,0.9963696774872336,0.0019527147375819462,167.51048736572267,1.2194535,0.6882420704913207,-2.492208052822114,107869.0390625,5.3259141312582905,2460807.9306141436
2460807.9340622253,0.9977224481173622,0.0019537955531548925,167.42752227783203,1.2196116,1.4604977506858905,-2.807296764126442,107869.0390625,5.208100111595904,2460807.9307923266
2460807.934240185,0.9967169158041729,0.001960971596842476,167.39522476196288,1.21977,1.84007075543801,-2.7559989361017547,107869.0390625,4.796664291046028,2460807.9309702893
2460807.9344182145,0.9955503217225734,0.001959138270402,167.31332931518554,1.2199319,1.7738966074978009,-2.2849632709949463,107869.0390625,4.548683040502399,2460807.931148322
2460807.934596383,0.9981295707102691,0.0019439017082647796,167.7345962524414,1.2200912,1.6585376165876864,-2.5675066433284313,107869.0390625,5.657697702901519,2460807.931326493
2460807.934774204,0.9987072966212749,0.0019464313062890833,167.66846618652343,1.2202511,1.3229475654512812,-2.8082125450968225,107869.0390625,5.556956873750395,2460807.931504317
2460807.934952384,0.9967433300145208,0.0019424373295102357,167.50832748413086,1.2204149,1.348933325140756,-1.9510446992944765,107869.0390625,5.715963949177794,2460807.9316825
2460807.9351302627,0.9978012654007562,0.0019448261854404776,167.09137802124025,1.2205732,1.7324797723702883,-2.409694039173081,107869.0390625,5.419237736497766,2460807.9318603817
2460807.935308211,0.999360316677196,0.0019330800113353292,166.98950653076173,1.2207388,1.3695006823400422,-3.4952316785974995,107869.0390625,6.421714791177319,2460807.9320383333
2460807.9354862752,1.000299070190199,0.0019494852788089292,167.54874572753906,1.2209036,1.327540222940473,-2.5872403053496686,107869.0390625,5.911184493618944,2460807.9322164003
2460807.9356642123,0.9958364458474491,0.0019592678415450843,168.12587203979493,1.2210691,1.3638503853497619,-2.8741462640948936,107869.0390625,4.706072439960913,2460807.93239434
2460807.9358421722,0.9954264171022978,0.0019536001358508143,168.96845321655275,1.2212322,1.8081514086837351,-3.3644449607448976,107869.0390625,5.00216552782755,2460807.9325723033
2460807.9360202597,0.9985239008215024,0.0019418963580837146,169.56715393066406,1.2213968,2.0196098090091694,-3.6153619849466043,107869.0390625,5.765990717139823,2460807.9327503936
2460807.936554128,0.9955628693550922,0.0019393026095076914,168.7876434326172,1.2218991,1.023594039219506,-2.655908844012022,107869.0390625,5.831732247726536,2460807.933284271
2460807.936732111,0.999491641150335,0.0019443854149853914,167.39269409179687,1.22207,1.8605551562951212,-3.0276168454047303,107869.0390625,5.567715592314263,2460807.933462257
2460807.9369104183,0.997621103044452,0.001955909905431193,167.1932258605957,1.2222389,1.4533083706341794,-1.8504009008574933,107869.0390625,4.764698864336203,2460807.933640567
2460807.9370882856,0.9975911195847085,0.0019609491651918155,166.9119430541992,1.222408,1.9438458223946444,-2.7642897611596204,107869.0390625,4.938643136387383,2460807.9338184376
2460807.937266257,0.9976715236966489,0.0019648733388355445,166.86990280151366,1.2225779,1.7233602413534783,-2.3544708204498463,107869.0390625,4.549016022463393,2460807.933996412
2460807.937444402,0.9939470379921653,0.0019625210188105556,167.43658370971679,1.2227486,1.1357806064429035,-2.710679925437123,107869.0390625,4.6055890775369015,2460807.93417456
2460807.937622316,0.9949137886428961,0.001962589470832674,167.6230155944824,1.2229237,1.422816451934831,-3.1631217067220763,107869.0390625,4.945820627805157,2460807.934352477
2460807.93780038,1.0011919422594129,0.0019600383844938503,168.05707702636718,1.223093,1.6370882801694997,-3.663549956136998,107869.0390625,5.318907905139343,2460807.934530544
2460807.9379832475,0.9962633181315392,0.00196064299027802,167.79774169921876,1.2232744,1.5601679084064854,-2.2612470889745655,107869.0390625,5.122002377558893,2460807.9347134144
2460807.9381610914,0.9960719303004825,0.0019542722591769277,167.34924392700196,1.2234486,2.226669841888349,-4.0869014269462705,107869.0390625,5.501223364944734,2460807.9348912616
2460807.9383417945,0.9931673928104022,0.0019402741554024844,167.06835021972657,1.2236238,1.4392047204397784,-3.331144136880616,107869.0390625,5.9022556419592425,2460807.9350719675
2460807.938519534,0.9941842853420177,0.0019393454343315478,167.590975189209,1.2238,2.0657807277062465,-2.7388302585298203,107869.0390625,6.127232331580314,2460807.9352497105
2460807.938697726,0.9974560454938178,0.0019415658335962783,167.34034881591796,1.2239781,1.8819933158835402,-3.1335238263414675,107869.0390625,5.966486581525614,2460807.935427905
2460807.9388769595,0.9957584748656065,0.0019467738800247906,167.13350296020508,1.2241578,1.0802658438986579,-2.210131426939876,107869.0390625,6.162374049814821,2460807.9356071413
2460807.9390550693,0.9982864922676623,0.001965139744154292,166.6280418395996,1.2243324,2.086041926224193,-2.610321002320175,107869.0390625,4.702953095281901,2460807.9357852545
2460807.9392329254,0.9969456891273344,0.0019606355717421645,166.8247100830078,1.2245122,1.7856734734952637,-4.206857469973935,107869.0390625,4.892678656636719,2460807.9359631133
2460807.939410989,0.9965408671698287,0.0019519285153343409,165.7544273376465,1.2246911,1.0564851244301154,-3.365565232711998,107869.0390625,5.280939483841865,2460807.9361411803
2460807.939588776,0.9950121468309818,0.00196364594843805,166.17208862304688,1.2248739,0.8682798714783242,-3.2012350440960557,107869.0390625,4.494558031599186,2460807.93631897
2460807.9397669323,0.9991853197517846,0.00195946492598855,165.99658432006837,1.2250491,1.482980849187384,-3.2439662545649495,107869.0390625,5.299397046440126,2460807.9364971295
2460807.9399448577,0.9975253363363594,0.0019524761090656537,166.64038009643554,1.2252335,0.9768567000540956,-2.625790453408834,107869.0390625,5.3410613523439,2460807.9366750577
2460807.94012298,0.9970745262801276,0.0019653733492680622,167.88091659545898,1.2254151,1.5179324502335834,-2.6199436345317433,107869.0390625,4.581133171591246,2460807.936853183
2460807.940321946,0.9959361893320237,0.001945081072631757,168.2381591796875,1.2256179,1.4837186637268027,-2.605615902225352,107869.0390625,6.321292657432253,2460807.9370521526
2460807.9405040964,0.9972321930382191,0.0019584129335544283,167.96003952026368,1.2258055,1.744390753194502,-2.911740052333841,107869.0390625,4.985470370419016,2460807.937234306
2460807.9406840233,1.0001885261646677,0.0019335393058507156,167.63878479003907,1.2259929,1.9464768471821832,-3.3323839646672835,107869.0390625,6.114864174155533,2460807.937414236
2460807.9408654673,1.0009353691089393,0.0019352359661092742,166.98904190063476,1.2261829,2.1535075613850476,-2.433548686359794,107869.0390625,6.220040056434202,2460807.9375956827
2460807.941045985,0.9984400691030795,0.0019539987871092816,166.32365036010742,1.2263708,1.9854655852596645,-2.2719366442659723,107869.0390625,4.8705224894458885,2460807.9377762037
2460807.941224964,0.9979986165679019,0.0019553583537215207,165.80930557250977,1.2265584,1.5724848037185664,-2.9515805663833956,107869.0390625,4.909772382559151,2460807.9379551853
2460807.9414041964,0.9968778522985726,0.0019478192288860051,165.6694679260254,1.2267485,1.6872076649293384,-2.651266511008049,107869.0390625,5.3393723881573045,2460807.938134421
2460807.9415848767,0.9971472412604907,0.0019582897801870645,164.875634765625,1.226938,1.4998326717741277,-2.8820722370062306,107869.0390625,4.717052878243628,2460807.938315104
2460807.941764804,0.9981874304146651,0.0019477653890662872,164.8072769165039,1.227129,1.6140339371781685,-2.5199665611823474,107869.0390625,5.564175777735047,2460807.938495035
2460807.941945137,0.9975410038345229,0.0019572954013472063,165.39021682739258,1.2273186,2.4246426768597926,-3.148542345722058,107869.0390625,4.691924396609124,2460807.9386753705
2460807.9421242657,0.9972352727938686,0.0019546838906548945,165.66783142089844,1.2275072,1.3889553891593296,-3.033912757867698,107869.0390625,5.603254632461123,2460807.9388545025
2460807.942304749,0.9997043793882797,0.0019651541639651884,166.13324279785155,1.2277007,1.5648845847489392,-2.780572163373303,107869.0390625,4.339381287466142,2460807.9390349886
2460807.9424850233,0.9968482281105248,0.001962382972671707,166.2927619934082,1.2278975,1.833062167093853,-3.2021066700772214,107869.0390625,4.50872721594737,2460807.939215266
2460807.942663956,0.997911551410377,0.0019480452626709998,166.34292373657226,1.22809,1.380311690864802,-2.1325020665363295,107869.0390625,5.328753621376731,2460807.9393942016
2460807.9428431424,0.9974288500403533,0.0019177222590841588,165.59532775878907,1.228282,2.0368117136605584,-3.396585350415163,107869.0390625,6.444854395103826,2460807.9395733913
2460807.9430224914,0.9997153742492103,0.0019440312058871803,165.16247100830077,1.2284778,1.9156178662677645,-2.9473710272216573,107869.0390625,5.463925351898598,2460807.939752743
2460807.9432041314,0.9968454173952007,0.0019465873965840842,166.30000991821288,1.2286741,1.992709322759845,-3.135225835616273,107869.0390625,5.495041795786702,2460807.9399343864
2460807.943384152,0.9991898454486914,0.0019607415786380357,166.90246353149413,1.2288722,2.1294187753602913,-2.6518660397876195,107869.0390625,4.708272804102099,2460807.9401144097
2460807.9435647274,1.0005212890225756,0.0019648282855381344,165.73455657958985,1.2290715,1.7237236937803875,-3.6099324127741435,107869.0390625,4.433946445789648,2460807.9402949885
2460807.9437453263,0.9988728020288411,0.0019516263869411555,164.7714584350586,1.2292708,2.9517580527294522,-3.559686008609794,107869.0390625,5.215930012465075,2460807.94047559
2460807.943924154,0.9956129330445277,0.001961201141906906,164.95782775878905,1.2294714,2.1230180062625132,-3.196444841257912,107869.0390625,4.972635617209713,2460807.940654421
2460807.944103457,0.9970274897360885,0.001962772536628972,165.84435577392577,1.2296691,1.4246951553134617,-2.880345961348232,107869.0390625,4.625847637749814,2460807.940833727
2460807.9442824353,0.998207657261946,0.0019490276170131124,166.82674102783204,1.2298673,3.3461105719539987,-3.35111840943499,107869.0390625,5.654447208336276,2460807.9410127085
2460807.944463034,0.9989866866771339,0.0019425700353492789,166.34491882324218,1.2300716,1.3521397743009307,-2.917172634173073,107869.0390625,5.692991322659725,2460807.94119331
2460807.944643413,1.0001625640897984,0.0019589175788826416,166.3126564025879,1.2302752,1.867226599415386,-2.586758077251494,107869.0390625,4.995609031821412,2460807.9413736924
2460807.9448225885,1.001659273690945,0.0019632677412212986,166.38974533081054,1.2304789,1.6491470590567667,-3.1134052374130086,107869.0390625,4.7209754690440136,2460807.9415528704
2460807.94500284,1.0004471781533433,0.0019584106672891916,166.4175552368164,1.23068,1.9499914113472439,-2.963622336347326,107869.0390625,4.8801916496783635,2460807.941733125
2460807.945182154,0.9976289881642593,0.00196410154260644,166.45502471923828,1.2308826,1.8073026348773076,-2.5340133666846487,107869.0390625,4.56469137734438,2460807.941912442
2460807.945361595,0.9995409086729736,0.0019435689155653986,166.76451416015624,1.2310887,1.886346427431862,-4.144652278988158,107869.0390625,5.733981960753316,2460807.9420918864
2460807.9455402615,0.9991771319730979,0.001957212937985107,166.96146926879882,1.231296,2.4261090562208008,-3.219615525988871,107869.0390625,5.419794814249119,2460807.9422705555
2460807.9457188807,1.00013493822476,0.001947350854167204,166.30413894653321,1.2314984,1.4973476624871216,-3.1374654741626755,107869.0390625,5.978307738586272,2460807.942449178
2460807.9459015517,1.0019642691657136,0.0019508763460259696,165.70875701904296,1.2317103,1.2440248091620394,-2.913937339878873,107869.0390625,5.666201083992979,2460807.942631852
2460807.946081803,1.002573442059795,0.0019571974290521713,165.60027084350585,1.2319189,1.6261307502366753,-2.239197160123016,107869.0390625,5.0790456780120605,2460807.9428121066
2460807.94626099,1.00055524504224,0.001951234214502861,164.76627044677736,1.2321275,1.8480047718973602,-3.0680759532797888,107869.0390625,5.4839436929661325,2460807.9429912963
2460807.9464413803,0.9986856661135578,0.001960286203863638,164.60939178466796,1.2323343,1.0730201734025333,-2.871530353776785,107869.0390625,4.798645110978961,2460807.9431716898
2460807.946623241,1.0021581612791417,0.0019719527406118014,165.36407852172852,1.2325478,1.8492470622578165,-2.5763419612368774,107869.0390625,4.169879040042914,2460807.9433535533
2460807.9468044993,1.0009894370766126,0.0019680038250280024,166.13008651733398,1.2327582,1.815226726053623,-3.2288836500932474,107869.0390625,4.557503083459089,2460807.9435348148
2460807.94698599,1.0023396202324824,0.001965593514131506,165.94953079223632,1.2329742,1.5679309119741134,-3.046595316673881,107869.0390625,4.3825228035977934,2460807.943716308
2460807.947168359,0.9997395495695286,0.0019598986506028458,164.76949081420898,1.233188,1.6139244707947322,-3.553702605589874,107869.0390625,4.750236275042251,2460807.9438986806
2460807.947350948,1.000680259630754,0.0019341008402852802,164.31034622192382,1.2334045,1.5785096806028336,-2.911110145084848,107869.0390625,5.874640134516582,2460807.944081273
2460807.947532705,1.0043514678828935,0.001938583539880575,164.38548431396484,1.2336208,1.7365514838430522,-3.272309773327724,107869.0390625,5.654731698888535,2460807.9442630326
2460807.9477116945,1.0001197727857563,0.0019460101361192374,164.5887664794922,1.2338344,1.1945293545794258,-2.5362196274670077,107869.0390625,4.970412213599503,2460807.9444420254
2460807.947892421,1.0006790019065428,0.001942740367851236,164.63879470825196,1.2340491,1.9204195925464786,-3.674342714413618,107869.0390625,5.824631861564839,2460807.9446227546
2460807.9480724987,1.0002840084272662,0.001953505270536666,165.4094367980957,1.2342687,2.4812856418750306,-2.7984080185917617,107869.0390625,4.862039238943891,2460807.9448028356
2460807.948252774,1.0008023481736543,0.0019556337240380288,165.49383392333985,1.2344874,2.530303920283792,-2.734515196480684,107869.0390625,5.079370757152787,2460807.9449831136
2460807.9484331757,1.0013965662672808,0.0019517163686202973,164.90734481811523,1.2347064,1.6335547460378639,-3.033996590639711,107869.0390625,5.09906886545302,2460807.9451635187
2460807.948613601,1.0005213236920256,0.0019539686900458186,164.6099769592285,1.2349255,2.5049281446127782,-3.443809670208248,107869.0390625,4.785832584639572,2460807.9453439466
2460807.948792614,1.0027742258760715,0.0019616562987965413,164.40203857421875,1.2351407,2.289644208001671,-2.812610972054069,107869.0390625,4.64788305318004,2460807.945522963
2460807.948973039,1.0012022848826905,0.0019599726498423253,164.58489151000975,1.2353651,1.9008289895068673,-3.200780584324049,107869.0390625,4.768950767135544,2460807.945703391
2460807.949152469,0.9996668230944755,0.001965410045855636,165.05011672973632,1.2355823,2.486632377614701,-3.7347657696290657,107869.0390625,4.375324464257128,2460807.9458828242
2460807.9493315634,1.0031240024857087,0.001956335719162286,164.6851707458496,1.2358006,1.988126020488122,-3.1860913147672694,107869.0390625,5.056345525376527,2460807.9460619213
2460807.949512023,1.003730971814622,0.0019617266842363447,164.5640380859375,1.2360238,1.4422456739460794,-3.240514537542058,107869.0390625,4.706923840916801,2460807.946242384
2460807.949693583,1.0044187189746971,0.0019527519356858697,165.09920425415038,1.2362507,1.2676147286389896,-3.3995594858509137,107869.0390625,5.484852788205337,2460807.946423947
2460807.9498744127,1.0012022122739086,0.0019490815879378896,165.14042587280272,1.2364723,1.2919449730753876,-2.5967377750924254,107869.0390625,5.447782690199334,2460807.94660478
2460807.950054329,1.0007906066194756,0.0019558324463838928,165.88227920532228,1.2366943,2.3872763407782216,-2.5194304328951995,107869.0390625,4.603614207843894,2460807.946784699
2460807.9502350087,1.007178616616295,0.0019592524241982445,166.19679260253906,1.2369245,2.425970854884412,-3.106590206162375,107869.0390625,4.865338192016808,2460807.946965382
2460807.950415376,1.0033822624807405,0.0019647230860125884,166.81393508911134,1.237152,2.7193537319214958,-3.40590630312886,107869.0390625,4.7788548728627385,2460807.947145752
2460807.9505956047,1.0056968246360773,0.0019676265479895974,167.8181930541992,1.2373764,1.3267126034334007,-2.927687265113127,107869.0390625,4.960696879808992,2460807.947325984
2460807.950776018,1.002310786908725,0.001966746062230955,168.54983291625976,1.2376048,2.4053667141957242,-3.18734754418977,107869.0390625,4.673435565838896,2460807.9475064003
2460807.9509703317,1.0023737357085927,0.0019690193664942965,168.95773162841797,1.2378513,1.7701791231457256,-3.1093238588158,107869.0390625,4.708031424792942,2460807.9477007175
2460807.951149542,1.0017302112109665,0.0019666955655213312,169.61416015625,1.2380814,1.524379496447527,-2.395591843411554,107869.0390625,4.751096200571759,2460807.9478799305
2460807.9513299903,1.0012323369724387,0.0019727497684714516,171.23422241210938,1.2383095,0.48824100701443884,-1.2304860692703412,107869.0390625,4.269930147747626,2460807.948060382
2460807.951509154,1.0013038442445281,0.0019511228750637123,172.26832885742186,1.2385373,3.3210015088889913,-3.0617626163578477,107869.0390625,5.319431048396601,2460807.9482395486
2460807.951689498,1.0007507377223934,0.0019654760789907908,171.29356384277344,1.2387686,1.366929009103306,-2.7552951532261067,107869.0390625,4.417370171060618,2460807.948419896
2460807.9518701895,1.0030303892614343,0.0019611422696976257,170.04580612182616,1.2390026,1.4322565028147833,-2.551329381959588,107869.0390625,4.987004893292193,2460807.94860059
2460807.952049075,1.0029163400112047,0.001963630773960129,168.91634140014648,1.2392342,2.194424318996056,-3.086300251008114,107869.0390625,4.936106963963359,2460807.948779479
2460807.9522284013,1.0037736002358904,0.001969576600812436,169.43304138183595,1.2394659,2.1053842210560045,-3.3861831766569614,107869.0390625,4.425088279152635,2460807.948958808
2460807.952406627,1.0043579393250917,0.001959797312049068,169.04596328735352,1.2396987,1.3905867523315267,-3.0699349172795856,107869.0390625,4.97597857483683,2460807.949137037
2460807.952584298,1.004722204160091,0.001960055733534956,168.980135345459,1.2399324,1.6898306200901827,-3.7062277869184834,107869.0390625,4.961804352868993,2460807.9493147107
2460807.9527622694,1.0051545290723791,0.0019654347662266367,169.2900733947754,1.2401663,2.3567104041020155,-3.2530902920307776,107869.0390625,4.916406134483512,2460807.949492685
2460807.9529407388,1.002902557543134,0.0019686178377755765,168.73400192260743,1.2404003,2.0049362574926253,-3.267456758425236,107869.0390625,4.537215577702946,2460807.9496711576
2460807.953122055,1.0022213996382363,0.001965932842020785,169.01506881713868,1.2406389,2.854957931343223,-3.5457991050372195,107869.0390625,4.731490754151782,2460807.949852477
2460807.953302295,1.0049819791662653,0.0019689355469452185,169.14900131225585,1.2408775,1.2071143795019388,-2.974479204921561,107869.0390625,4.626042850636768,2460807.95003272
2460807.953483831,1.0007347732840879,0.001965276208405447,169.52459564208985,1.2411162,2.0315988058808716,-4.098874394895625,107869.0390625,4.813275268635505,2460807.9502142593
2460807.953664303,1.0054003613261666,0.001957347954734361,170.47927551269532,1.2413559,1.5104056741279421,-3.4499278270961793,107869.0390625,5.067247456855176,2460807.950394734
2460807.9538447163,1.0028125910883308,0.001956327853379699,169.33914947509766,1.2415958,1.1663813560695222,-3.31877703446944,107869.0390625,5.699280166768963,2460807.9505751505
2460807.9540260676,1.00093269742771,0.0019583479775840545,169.44031448364257,1.2418405,1.710511429396186,-4.170210037274644,107869.0390625,4.935653677620363,2460807.9507565047
2460807.954206527,1.0036879028838444,0.001949120574319942,170.58300094604493,1.2420839,1.4309911923042533,-3.115135239382919,107869.0390625,5.253301398171145,2460807.9509369675
2460807.9543867907,1.0051123870829575,0.00194367463889459,171.67854766845704,1.2423271,1.6487975409462503,-3.274845872568466,107869.0390625,5.462719281617531,2460807.951117234
2460807.954567204,1.001143035860845,0.0019604519727223707,171.4642677307129,1.242571,1.563495427463238,-3.10253067287471,107869.0390625,4.721496028364772,2460807.9512976506
2460807.954747618,1.0036488019800225,0.0019524540981391279,172.39760055541993,1.2428123,1.1345531931100097,-3.6254008412336236,107869.0390625,5.2312455902872514,2460807.9514780673
2460807.9549286678,0.9989230556473775,0.0019620780106561985,173.84541397094728,1.2430608,1.3112092035848846,-3.167587332697935,107869.0390625,4.644835681705885,2460807.95165912
2460807.955107172,1.0028118833662643,0.0019542669902663135,174.29654388427736,1.2433054,2.1303892137908296,-3.432925131725068,107869.0390625,5.1522567383816575,2460807.951837627
2460807.9552863007,1.0036632809550923,0.001959585361979928,174.9684310913086,1.2435502,1.6541972023365006,-3.1029357128550714,107869.0390625,4.510317455343681,2460807.952016759
2460807.9554654993,1.003325489803036,0.0019600628357595777,174.6086769104004,1.2437973,2.1827284549436308,-3.047626146259358,107869.0390625,5.049390505227061,2460807.9521959606
2460807.9556445936,1.0028281797266305,0.001943762786882669,175.25002975463866,1.2440439,1.8522096921771596,-2.626614827248824,107869.0390625,5.301132361476463,2460807.952375058
2460807.955823792,1.0042689172710906,0.001941478290845994,174.6326446533203,1.2442892,1.9980718218740745,-3.6815183689853814,107869.0390625,5.968729319868585,2460807.9525542594
2460807.95600424,1.0001692650295722,0.0019440715497126585,174.73689651489258,1.2445403,0.6464569429713257,-2.7405372133341013,107869.0390625,5.340684941465186,2460807.9527347106
2460807.956184573,1.0009382692066657,0.0019510505503038359,174.6105194091797,1.2447912,1.532345641911129,-2.8989743183309162,107869.0390625,4.972901883007719,2460807.9529150464
2460807.9563638056,1.0084565727759658,0.0019632843459493734,175.38501205444337,1.2450368,1.8423765406742647,-2.84626086566273,107869.0390625,4.511638418980098,2460807.953094282
2460807.956544266,1.0005201071770862,0.0019629929143170233,175.474129486084,1.2452894,2.250011566518806,-4.118486052350943,107869.0390625,4.714275212736726,2460807.9532747455
2460807.9567234064,1.0021892720037555,0.001947708231243321,175.62814178466797,1.2455432,1.6911232580629643,-4.181814240028157,107869.0390625,5.2497825818465955,2460807.953453889
2460807.956903716,1.0033443014837402,0.001966221478776582,175.99614868164062,1.2457968,1.597966646522464,-2.0010933771816966,107869.0390625,4.8484966082930345,2460807.9536342015
2460807.9570828676,1.0041910869113118,0.0019666113676847187,175.44512863159179,1.2460506,1.8461945103934605,-3.4493645640923347,107869.0390625,4.788331570941417,2460807.9538133563
2460807.9572621356,1.0051929186396886,0.0019689897576787626,175.0826187133789,1.2463047,1.7260143976309013,-3.491585810156368,107869.0390625,4.576011857293974,2460807.953992627
2460807.957441357,1.0012451458047866,0.0019590157926030623,176.14386444091798,1.2465569,1.2222876263286535,-3.9489107299697612,107869.0390625,5.180807974617592,2460807.9541718517
2460807.9576220713,1.0047932478983195,0.0019438833629120474,175.3040557861328,1.2468192,1.4473410569262657,-3.7700357669288387,107869.0390625,5.5814726837313104,2460807.9543525693
2460807.9578009457,1.0026733084279633,0.001959302122862846,176.07265548706056,1.2470751,1.8218065756629918,-3.5743852574318034,107869.0390625,4.883695075453241,2460807.9545314466
2460807.957981313,1.0024741167728617,0.0019630300783785313,175.15395584106446,1.247332,1.9465593817605007,-3.4801321377035306,107869.0390625,4.578230462680854,2460807.954711817
2460807.9581604884,1.0022948205734543,0.001955689590843192,173.76544265747071,1.247586,2.300960638857208,-3.7333224143095816,107869.0390625,5.124638894643116,2460807.9548909953
2460807.9583412027,1.0016900745788693,0.0019620333853689826,173.74081497192384,1.2478427,1.5088543869942854,-2.4298519574508695,107869.0390625,4.986855669640076,2460807.955071713
2460807.9585211882,1.0017868126597984,0.0019653734016122017,172.995068359375,1.2481037,0.8748722857360153,-3.3902046335917517,107869.0390625,4.817406071930133,2460807.955251701
2460807.95870166,1.0020827230302745,0.001960879479969426,172.92398986816406,1.2483656,1.6558439612725793,-2.6966254202216997,107869.0390625,4.870789838853468,2460807.955432176
2460807.9588818303,1.0026254053633326,0.0019637373919826353,173.448006439209,1.2486289,1.9842202895065386,-4.1041090337882755,107869.0390625,4.76974138003488,2460807.9556123493
2460807.959062151,1.005257667823146,0.001961324974805731,173.3889389038086,1.2488922,1.2858865959417638,-4.970456834531672,107869.0390625,5.1535911273272825,2460807.9557926734
2460807.9592426233,1.0037511497329688,0.0019353629205487717,174.25680923461914,1.2491537,1.2587393549340824,-3.0191274497295275,107869.0390625,6.320009490699321,2460807.9559731483
2460807.959421682,1.002312283862805,0.001959547001192003,173.57860107421874,1.249416,0.9603907379143299,-3.862872796373853,107869.0390625,5.348388300790773,2460807.9561522105
2460807.9596008114,1.004028684574848,0.001963082655999183,174.25625457763672,1.2496806,1.2596019852119007,-2.663412889987409,107869.0390625,5.024782692443366,2460807.9563313425
2460807.9597787946,1.0042569371597205,0.0019642991527321794,173.79046936035155,1.2499462,1.1666433903724938,-3.381013785131397,107869.0390625,4.650966661246054,2460807.956509329
2460807.959956882,1.002282381575673,0.0019567860001635253,172.26446609497071,1.2502096,2.6634027200721357,-3.205452583952529,107869.0390625,5.2446207231671105,2460807.956687419
2460807.9601347954,1.002277307570787,0.0019609463526473483,171.71688079833984,1.2504744,0.5963296116344455,-2.624595245822282,107869.0390625,4.832700565335762,2460807.956865336
2460807.960312605,1.0051876188145672,0.001961278416230786,171.78429565429687,1.2507346,1.3528044284081604,-3.350410423408393,107869.0390625,4.84101427383585,2460807.957043148
2460807.960490657,1.0036716305294358,0.001958532760983757,172.18193130493165,1.2510012,1.8399893279630426,-3.58365483517341,107869.0390625,4.7256939386603865,2460807.9572212035
2460807.9606686407,1.0027569400025729,0.0019506339119186868,171.51343002319337,1.2512657,1.346833191972315,-2.9260300002063,107869.0390625,4.942804490792134,2460807.95739919
2460807.9608465196,1.0055395364021658,0.001952815507635704,171.35584411621093,1.2515338,2.1414989564457345,-3.296638322886782,107869.0390625,5.437558546721832,2460807.9575770716
2460807.9610246876,1.0031432722538294,0.0019623100714920862,170.8176284790039,1.2518034,0.7630354497092812,-3.3287444142872458,107869.0390625,4.9604378705782475,2460807.957755243
2460807.9612025553,1.0024370024247333,0.001954524952672236,171.46905822753905,1.2520714,1.293109827045607,-3.7987749718455635,107869.0390625,5.088338271571495,2460807.9579331134
2460807.961380596,1.0031437357038202,0.0019556713365619805,173.88485565185547,1.2523399,1.3022616655245232,-3.168875040203736,107869.0390625,5.163738517898759,2460807.958111157
2460807.9615587993,1.0009859297635795,0.0019629053916444747,175.08233871459962,1.2526132,1.5611279306126942,-3.369447338997386,107869.0390625,4.941181413569501,2460807.9582893634
2460807.9617376965,1.0053269421325368,0.0019530620353515294,175.4365562438965,1.2528835,2.1016691646787837,-4.0306511966782725,107869.0390625,5.12352649762801,2460807.958468264
2460807.961915749,0.9999709706119411,0.001951876933100464,174.93843841552734,1.2531533,2.1101592122876816,-2.8966250433254093,107869.0390625,5.551931936028131,2460807.9586463193
2460807.962094415,0.9988613839897598,0.001944413790628555,173.94026718139648,1.2534284,1.3199032515928877,-2.9401672889124923,107869.0390625,5.766113424950563,2460807.9588249885
2460807.962273023,1.0017918226775997,0.0019424783726889132,175.44718551635742,1.253704,1.9578719802861484,-3.7541871453003366,107869.0390625,5.5347888843704025,2460807.9590035994
2460807.9624515385,1.003041615957256,0.001953184663556667,173.87723083496093,1.2539807,0.45952829595008327,-2.7290083129391274,107869.0390625,5.796613446519726,2460807.959182118
2460807.962629059,1.0037787899141504,0.0019584079596438445,174.16974105834962,1.2542501,1.0801997649139208,-2.9080875472024363,107869.0390625,5.096551246634186,2460807.959359641
2460807.9628093336,1.0029784526803767,0.0019481921496292249,173.63963470458984,1.2545326,1.1869137861738643,-3.6220256557141024,107869.0390625,5.3361822418298335,2460807.959539919
2460807.962987386,1.0005746305261083,0.0019357356873847997,173.36289825439454,1.2548028,1.8725679817507566,-4.291732538081717,107869.0390625,6.300717457875802,2460807.9597179745
2460807.963165473,1.0028972911206748,0.0019414082230322976,173.64038619995117,1.2550848,2.6549075764262255,-3.973489908424649,107869.0390625,5.953914887652852,2460807.959896065
2460807.9633434564,1.0013972764110513,0.001959478137431097,172.49322738647462,1.2553654,1.0461907692904708,-3.295766746198777,107869.0390625,5.34384289538636,2460807.960074051
2460807.9635214857,1.0027974254300172,0.0019573958180846025,173.20536193847656,1.2556455,1.642196168284028,-3.502887561736019,107869.0390625,5.04595447639616,2460807.9602520834
2460807.963699654,1.003676752598865,0.0019590818510851525,174.22879180908203,1.255916,1.3333807386671903,-2.7665187726020126,107869.0390625,5.27641608474753,2460807.9604302547
2460807.963880102,1.004679912396887,0.001961419444002546,173.4700813293457,1.2562003,1.648365367870418,-3.5310421496126283,107869.0390625,5.176546338090286,2460807.960610706
2460807.964059162,1.0064829733758454,0.0019410590210615336,173.83265762329103,1.2564864,1.7724273904041503,-3.3525913068346114,107869.0390625,6.434888785263998,2460807.9607897685
2460807.9642370986,1.0048120506247302,0.0019353416119837054,173.39183959960937,1.2567696,1.347598313673903,-4.1193517400669855,107869.0390625,6.856879721789265,2460807.9609677084
2460807.9644149663,1.002170606478874,0.0019244296811407248,172.99542694091798,1.2570546,1.5874186551352796,-2.8170407017767753,107869.0390625,6.577173890713292,2460807.961145579
2460807.9647721592,1.0041212957495058,0.0019408905806603738,176.1870445251465,1.2576179,0.5181171452210458,-4.224666195406849,107869.0390625,5.936063106041854,2460807.961502778
2460807.964950154,1.0053893427686043,0.001937689003186763,176.98512802124023,1.2579061,3.2271598903564565,-3.1551913785996426,107869.0390625,6.108163613172208,2460807.9616807755
2460807.965128322,1.00230606740129,0.001955499811312762,176.01101150512696,1.2581886,0.8304820870649285,-3.7038635194201004,107869.0390625,5.072610098001413,2460807.961858947
2460807.9654843807,1.0019087762229715,0.0019472612150345499,175.1030059814453,1.2587662,1.2488945783465044,-3.3516273981163875,107869.0390625,6.11503715000289,2460807.9622150115
2460807.965664598,1.0045540073987729,0.001956930500864092,175.48879852294922,1.2590575,1.0801462838004083,-3.437773415523553,107869.0390625,4.925040529978183,2460807.9623952317
2460807.9658425343,1.0019203220579227,0.0019459268915356677,176.14121475219727,1.2593377,2.048196732287362,-3.7674603581244503,107869.0390625,5.420026844593471,2460807.962573171
2460807.9660205757,1.006937607445956,0.001964215482871876,177.00444488525392,1.2596351,1.1062815540677586,-3.6332012661303286,107869.0390625,4.870998408584535,2460807.9627512153
2460807.966200804,1.0043406144369096,0.001963929286651866,176.66332397460937,1.2599292,1.9710488480553185,-4.014333220026091,107869.0390625,4.44137126442573,2460807.9629314467
2460807.966379042,1.0022062487480163,0.0019641187619636783,176.18899993896486,1.2602113,2.2394049025803264,-3.445340024161277,107869.0390625,4.849114547518753,2460807.9631096874
2460807.966557048,1.0033506518089585,0.00196054927100655,175.48411712646484,1.2605063,2.0160560887078707,-3.8250502709148906,107869.0390625,4.665816445244077,2460807.9632876967
2460807.96673502,1.004886930109185,0.001963284463351763,175.0436233520508,1.2608026,1.032063155747628,-3.348134385222826,107869.0390625,4.8768614309458655,2460807.9634656715
2460807.966913014,1.0029974412050424,0.0019411461872762392,174.50259170532226,1.2610995,1.2462676599000126,-2.999533298941628,107869.0390625,5.760091445060807,2460807.963643669
2460807.967090974,1.00317700130878,0.0019326946732533144,174.52908782958986,1.2613847,1.1720899917922052,-3.549156113689249,107869.0390625,6.400038806264257,2460807.963821632
2460807.9672690267,1.0025658260989914,0.0019413356816891866,174.7451614379883,1.2616843,2.0463727011444384,-3.803107796012524,107869.0390625,5.747992534875194,2460807.9639996877
2460807.9674471486,1.0020035195998749,0.001939750704039619,173.91228103637695,1.2619808,1.1144664748312487,-2.4291836600127428,107869.0390625,5.6115446549440176,2460807.9641778124
2460807.9676262657,1.0029310507886686,0.0019419242532052383,175.29300384521486,1.262277,1.3987715295860563,-3.1385626590680786,107869.0390625,5.50435078460636,2460807.964356933
2460807.9678042145,1.0031596263888707,0.0019534354781720214,175.52386779785155,1.2625777,1.5672892281136752,-3.679844640405434,107869.0390625,4.753927226840991,2460807.9645348843
2460807.967982197,1.0033200263396829,0.0019523380757012424,175.2118927001953,1.262867,1.1370616152086745,-3.5416494241174594,107869.0390625,5.126247155770288,2460807.9647128703
2460807.9681602153,1.0024836869799412,0.0019569418365311246,175.67728958129882,1.2631713,0.8586931086470985,-3.3266223514583504,107869.0390625,4.794240461756049,2460807.964890891
2460807.968338198,1.0026290516829264,0.0019487344206644017,175.94749374389647,1.2634665,1.035258066525525,-2.7828554798658764,107869.0390625,5.0421810617699645,2460807.965068877
2460807.9685163433,1.0041557251801594,0.0019511681432202335,174.66629333496093,1.2637722,2.227542001828502,-4.541121148377842,107869.0390625,5.036650930753761,2460807.9652470252
2460807.9686945234,1.0028931518289526,0.0019465170063558347,174.3748680114746,1.2640705,0.5480042933737285,-2.5999504916000724,107869.0390625,5.390481298271288,2460807.965425208
2460807.968872541,1.0012620133424017,0.0019469355251460212,173.6457077026367,1.2643754,1.412024514027089,-3.7438666603252013,107869.0390625,4.804010428081419,2460807.965603229
2460807.969050536,1.0043971420210855,0.0019385635562752662,173.71565170288085,1.2646789,1.2858109152940556,-4.130930588401589,107869.0390625,5.583520800788548,2460807.9657812268
2460807.96922838,1.0039391230095283,0.0019504081578039698,174.69355850219728,1.2649837,1.3588535195685758,-4.166829055530154,107869.0390625,4.891651980095818,2460807.965959074
2460807.969406676,1.0000361635228248,0.0019377460567920667,175.14382934570312,1.2652842,1.6386968943723321,-4.211134828695249,107869.0390625,5.809960031906399,2460807.966137373
2460807.9695857465,1.0053104909690083,0.001953563593131689,173.9011016845703,1.2655916,1.0761354390397695,-3.514761928311967,107869.0390625,5.09957788540505,2460807.9663164467
2460807.969763707,1.0044204132421877,0.0019698384549846656,172.94209976196288,1.2658953,1.0328808555628042,-3.962193487378596,107869.0390625,4.642857770933659,2460807.96649441
2460807.969941678,1.0072667239146313,0.0019689343205364774,172.7697540283203,1.2662063,1.5094980017841417,-3.7338121652743204,107869.0390625,4.468069060502818,2460807.966672384
2460807.970123492,1.0035427783638562,0.001963123315713687,170.6654151916504,1.2665188,1.6903450985146236,-3.405813014153151,107869.0390625,4.709980240295029,2460807.966854201
2460807.9703013594,1.0006471650800552,0.001952026938622167,170.9894905090332,1.2668298,0.8795081423713832,-3.678792630045202,107869.0390625,5.0197509238707685,2460807.9670320717
2460807.970479204,1.002835306070571,0.0019644373442742366,170.1341339111328,1.2671296,1.5292683994497973,-4.144847634264921,107869.0390625,4.357277283220426,2460807.967209919
2460807.9706574995,1.0001017380851396,0.0019588703714457623,171.573388671875,1.2674445,1.9172874103727877,-4.066823057153965,107869.0390625,4.692661121293541,2460807.967388218
2460807.9708365244,1.0032436727259475,0.0019503974886190853,170.36609115600587,1.267761,1.6168109107459823,-4.251071256582435,107869.0390625,5.224019800206778,2460807.9675672455
2460807.971014461,0.9999402007711302,0.001958518302406528,171.40994110107422,1.2680643,1.4276461763222852,-4.096048185999815,107869.0390625,4.961848351810437,2460807.9677451854
2460807.9712148975,1.0018953215819182,0.00196068390462539,171.46255950927736,1.2684159,0.4734874643941081,-3.3770607466279774,107869.0390625,4.790424016329318,2460807.967945625
2460807.971394107,1.0051532692494247,0.0019647418860502543,172.14871520996093,1.2687324,1.2325194635078673,-3.829448556681698,107869.0390625,4.746057379885402,2460807.968124838
2460807.9715734906,1.0028461852910573,0.0019533356041238855,173.4260597229004,1.2690473,1.6681829284624963,-4.204128084872831,107869.0390625,4.861466842509565,2460807.9683042243
2460807.97175152,1.0059687718668169,0.0019411642740011907,172.94332427978514,1.2693606,1.0949178738561762,-4.126671384038834,107869.0390625,5.641302212803493,2460807.968482257
2460807.971930082,1.0010013645659839,0.0019574708982073954,172.98275833129884,1.2696828,0.4865172804294664,-3.4649484208823687,107869.0390625,4.523719545600391,2460807.9686608217
2460807.972108736,1.0024193296048314,0.0019674929180694915,173.57180786132812,1.27,0.4359100188988718,-2.336787640035638,107869.0390625,4.1660655413002114,2460807.968839479
2460807.972286685,1.0054192035626859,0.0019636312900344556,175.090234375,1.2703145,2.1511161552975686,-4.218290066556657,107869.0390625,4.744481910002844,2460807.9690174307
2460807.972464772,1.0049338000322414,0.001971512537776148,175.41392822265624,1.2706355,0.21945406690608932,-2.8048308353599825,107869.0390625,4.1120084926324845,2460807.969195521
2460807.972645614,1.0036765599831643,0.001968366627116964,176.3431640625,1.2709579,1.5169412857474949,-3.7369784456995445,107869.0390625,4.715034055390436,2460807.9693763657
2460807.9728230992,1.0021442847636195,0.0019712660397978193,177.61588363647462,1.2712828,0.20182521428424496,-1.7252818389846922,107869.0390625,4.124027074031735,2460807.9695538543
2460807.9730011867,1.0047849783175555,0.001965134431567721,177.56569747924806,1.2715939,1.390608179309985,-4.444240284913886,107869.0390625,4.3507652790696545,2460807.9697319446
2460807.973181542,1.003355336322371,0.0019699094502419845,176.30410537719726,1.271918,0.5720086796179519,-1.6503165152700046,107869.0390625,3.9991635792139704,2460807.969912303
2460807.973359595,1.004516516113317,0.0019606778984687916,175.78989486694337,1.2722442,1.752018048051116,-3.989491761169166,107869.0390625,4.424099380701419,2460807.970090359
2460807.973537682,1.0039556664422702,0.001949207125360128,175.95331649780275,1.2725666,1.6346250814930867,-4.202353974854327,107869.0390625,5.024761999753255,2460807.9702684493
2460807.9737178525,1.0052088510717276,0.0019458812226030386,176.6621421813965,1.2728951,1.63809638472349,-3.99327927382613,107869.0390625,5.325976224577651,2460807.9704486225
2460807.973895824,1.004963603954452,0.0019569699752549274,177.38982086181642,1.2732209,1.6098311085503323,-4.630183091164931,107869.0390625,4.835774907700688,2460807.9706265973
2460807.974077326,1.006975047472674,0.0019585996885008077,177.07031021118163,1.2735528,1.5211606930856765,-3.685832305775547,107869.0390625,4.632952109261728,2460807.970808102
2460807.974255401,1.0027413450130784,0.0019639975626064847,177.31491317749024,1.2738757,0.9960020129815924,-3.8531620842392207,107869.0390625,3.9783353822397034,2460807.9709861805
2460807.974433512,1.0049705836161769,0.001961648175143227,176.20755157470703,1.2742011,1.836478520933809,-4.214191725031002,107869.0390625,4.258088510415081,2460807.971164294
2460807.9746117033,1.0033122859403112,0.0019593329463622597,175.90161666870117,1.2745319,1.4258491517569372,-3.8668381439397,107869.0390625,4.430975922309157,2460807.9713424887
2460807.974789478,1.0022627702145332,0.0019528463914113051,175.81157455444335,1.2748641,1.2536373604530973,-4.231519108582856,107869.0390625,4.83354433842563,2460807.971520266
2460807.9749675533,1.0043842805326721,0.001962366138791367,174.89757537841797,1.2751838,1.3910576147661489,-4.213326631175411,107869.0390625,4.286852112227147,2460807.9716983447
2460807.9751466596,1.0056147934610706,0.001963516354704169,175.63629226684571,1.2755165,1.116168441238137,-3.692096995213643,107869.0390625,4.3906954767383795,2460807.971877454
2460807.9753247695,1.0040893463017018,0.001962284162272087,175.33009719848633,1.2758498,0.41751945645934574,-3.763729857569431,107869.0390625,4.748703967401676,2460807.972055567
2460807.975502938,1.003601806065623,0.0019521370683830005,175.1979248046875,1.2761847,1.529037231125624,-3.9791898667972814,107869.0390625,5.052859053980209,2460807.9722337383
2460807.9756807475,1.0025550982291498,0.0019529889622444487,174.99286956787108,1.2765212,1.153301210331217,-3.8735549285353787,107869.0390625,5.086669554337638,2460807.972411551
2460807.9758599577,1.0066740427726677,0.0019603319450074877,175.52444381713866,1.2768456,1.0602432034428728,-3.8295859303930655,107869.0390625,4.502946879394925,2460807.972590764
2460807.9760379638,1.0026518713905936,0.0019599081296576846,175.34638748168945,1.2771835,0.6477464585699068,-3.8054564258205335,107869.0390625,4.523108749786871,2460807.9727687733
2460807.976216109,1.007053169870025,0.0019661706494899173,174.83879165649415,1.2775225,1.3391948066690154,-4.0988341993932185,107869.0390625,4.258206699874694,2460807.9729469214
2460807.9763941495,1.0050885314147338,0.0019601061158248654,175.4469223022461,1.2778567,1.8312221099571055,-3.998509644809741,107869.0390625,4.767957075993126,2460807.973124965
2460807.9765721215,1.0058662540086074,0.001969470050689912,175.47144927978516,1.2781904,1.1797834687309272,-4.205779704757741,107869.0390625,4.030037096410072,2460807.97330294
2460807.9767501503,1.0042309223531687,0.0019708337986353527,174.81637954711914,1.2785282,0.48501076842341645,-2.529003904536597,107869.0390625,3.8935758713745816,2460807.973480972
2460807.976929164,1.00199805101515,0.0019667926878687287,176.17410278320312,1.2788713,1.8968814009337,-4.143223016006615,107869.0390625,4.311903464925505,2460807.9736599885
2460807.977107332,1.0052240432249324,0.001970666921597128,178.7385223388672,1.2792042,0.6900727079416363,-3.6764794956223934,107869.0390625,4.1957751993074535,2460807.97383816
2460807.9772852575,1.005716796739307,0.001969035038344672,179.2844436645508,1.2795475,0.5763237883659844,-3.6515298060926646,107869.0390625,4.429313249131888,2460807.974016088
2460807.9774631714,1.0019588418393712,0.001961149177621445,178.0106285095215,1.2798852,1.2723083266758253,-4.421103935676537,107869.0390625,4.952398655638866,2460807.9741940047
2460807.977641212,1.0016850679208167,0.0019656833215225193,177.02367782592773,1.2802297,0.93992670665332,-4.507178081725289,107869.0390625,4.629763343435131,2460807.9743720484
2460807.977819288,1.0029727645827,0.0019559087179594667,177.24355087280273,1.2805765,1.3931924116012475,-4.200638428260564,107869.0390625,5.067525600269437,2460807.9745501275
2460807.9779973053,1.0027356049435723,0.0019666627046588,178.1614112854004,1.280917,1.1481370359552487,-4.144717819036407,107869.0390625,4.5195626592962554,2460807.974728148
2460807.9781778115,1.003153922826066,0.0019703075742125305,176.69914627075195,1.2812716,1.2876425117458412,-3.8518795352847763,107869.0390625,4.16855376828199,2460807.9749086574
2460807.9783568364,1.0015622477427353,0.001957311390468913,175.82311248779297,1.2816063,1.471684648431659,-4.322663039134181,107869.0390625,4.720608501806933,2460807.975087685
2460807.978537192,1.0039504335428888,0.001965982074805466,175.61466522216796,1.2819579,1.26130822334444,-3.562061764526529,107869.0390625,4.648991864741973,2460807.975268044
2460807.9787150826,1.0042281094560142,0.001963224326791734,176.19110336303712,1.2823058,1.3315442272430467,-4.286112761840732,107869.0390625,4.659309987965684,2460807.9754459374
2460807.978893158,1.0026597814680143,0.00196708553628325,176.08854904174805,1.2826544,0.5037142756099052,-3.932145779040612,107869.0390625,4.678097398760271,2460807.975624016
2460807.9790710723,1.0043100799956306,0.0019689492838786157,176.71710281372071,1.2830078,-0.15709526262599383,-2.2084749542789917,107869.0390625,4.144781496673703,2460807.975801933
2460807.9792491705,1.00417069199808,0.0019716326720488936,176.42251052856446,1.2833586,0.4990167451933379,-3.3470984180779095,107869.0390625,3.938776400261269,2460807.9759800346
2460807.9794272697,1.0027269782213488,0.0019692541179359016,176.67693328857422,1.2836981,0.8404096373336538,-1.858829836398212,107869.0390625,4.088611189424133,2460807.9761581365
2460807.9796063057,1.0040969468388738,0.001957154944533317,178.4148078918457,1.2840512,1.0884110427505405,-3.9693079126136297,107869.0390625,4.557077973563871,2460807.976337176
2460807.9797844975,1.0034474686416814,0.0019500043908585154,180.35023727416993,1.2844036,1.4437497748453216,-4.171499457416548,107869.0390625,5.1172959753415626,2460807.9765153704
2460807.979962446,1.0034261815218966,0.0019509849992911435,180.70339889526366,1.2847591,1.216431637479118,-4.514076621269257,107869.0390625,5.0640780915986685,2460807.976693322
2460807.980143577,1.0043347240663254,0.001954537614744653,180.02569198608398,1.2851168,0.5323894842581929,-3.9711969647449488,107869.0390625,4.876655957399369,2460807.976874456
2460807.980321537,1.0027328618890257,0.0019600479253575687,180.18729705810546,1.2854705,2.0093113099268876,-4.870000150850583,107869.0390625,4.3966483253100055,2460807.977052419
2460807.98049893,1.005176903489812,0.0019600195862733106,180.42453994750977,1.2858215,1.254267137329976,-3.7923967763253765,107869.0390625,4.755609047246411,2460807.977229815
2460807.980676739,1.0016122468826743,0.001959719435179828,182.02205581665038,1.2861802,1.3177758595686067,-4.497987258791605,107869.0390625,4.330543034242831,2460807.9774076273
2460807.9808545834,1.0037091464803827,0.001956723158367473,183.57242431640626,1.2865399,1.366541502699638,-4.52805200834061,107869.0390625,4.574560093860862,2460807.9775854745
2460807.981032578,1.0058371413686706,0.00196143599970138,181.96991958618165,1.2869005,1.3248357643922124,-4.098605226620216,107869.0390625,4.366677042216356,2460807.977763472
2460807.981210619,1.0013123223833615,0.0019594279053577945,181.73703384399414,1.2872468,1.0313309269496773,-3.67399938369567,107869.0390625,4.372088931166537,2460807.9779415163
2460807.9813885326,1.0016959469794526,0.0019525326807108665,180.8071418762207,1.2876058,1.4355072762529006,-4.157955695570199,107869.0390625,4.804874306322611,2460807.978119433
2460807.981572465,1.001943985974012,0.0019335625217785318,179.4909294128418,1.2879823,1.4921103477041442,-4.631740179854326,107869.0390625,5.533617260020373,2460807.978303368
2460807.9817538736,1.0014535476329862,0.0019447695256868183,179.02422561645508,1.2883521,0.3575704492076583,-3.6024400023475995,107869.0390625,4.983473834081841,2460807.97848478
2460807.981931973,1.0025331680394927,0.001945289211978061,180.82841796875,1.288708,1.4472413145382346,-4.419282304267806,107869.0390625,5.301031639115319,2460807.978662882
2460807.982110083,1.006789421889575,0.0019488232297760345,180.17680587768555,1.2890785,0.7113232897499596,-3.417280736134076,107869.0390625,4.902428103977926,2460807.9788409956
2460807.982287881,1.0053996263117697,0.00195162803202348,180.38476638793946,1.2894325,0.23046801108655568,-3.886415532119195,107869.0390625,4.8731527240339725,2460807.9790187962
2460807.982467322,1.0023402396812233,0.0019568207332698443,180.70033798217773,1.289801,1.5865005282499922,-4.041574159117852,107869.0390625,4.830559084051748,2460807.9791982407
2460807.982645236,1.0047580652583064,0.001958579467836092,179.91613540649413,1.2901657,1.6868552932013496,-4.1425678414857385,107869.0390625,4.714788193274338,2460807.9793761573
2460807.9828228834,1.0043560506363325,0.001961680753049075,181.62938995361327,1.2905311,0.9077347492442718,-4.749775134110169,107869.0390625,4.624339059660172,2460807.979553808
2460807.983001017,1.0023684135405821,0.001955688715332385,179.89658432006837,1.2909007,0.6605704484899003,-3.7008699551361484,107869.0390625,4.830540723120271,2460807.9797319444
2460807.9831789886,1.0097116707437297,0.001962988603027068,180.48142852783204,1.2912656,1.7533609200978806,-4.924808354226003,107869.0390625,4.472786029243081,2460807.979909919
2460807.9833568214,1.003600215518208,0.0019670287637188325,180.73926544189453,1.2916309,0.9661788801124167,-3.881689363839755,107869.0390625,4.157109428559689,2460807.980087755
2460807.9835349545,1.0029416755672185,0.001959563333097059,182.6074676513672,1.2920024,1.913477543244777,-4.427885639968495,107869.0390625,4.511054256267135,2460807.980265891
2460807.9837128916,1.0006726296985293,0.0019642578230407155,182.72637939453125,1.2923761,1.2855379472653972,-3.919030700556595,107869.0390625,4.388074163039161,2460807.980443831
2460807.9838908976,1.002312881214866,0.0019638316916500797,182.24815292358397,1.292745,0.7697908480015976,-4.060581256645349,107869.0390625,4.42097089061778,2460807.9806218403
2460807.9840689157,1.004838631370829,0.0019677975245374763,181.47522430419923,1.2931167,0.11695482657981636,-2.5625728483851082,107869.0390625,4.364691959737255,2460807.9807998613
2460807.9842468984,1.0050214871404526,0.001972823335513705,181.7018180847168,1.2934903,-0.34149805812712863,-2.051657695394142,107869.0390625,4.126879559594833,2460807.9809778472
2460807.9844261548,1.0044284172312627,0.0019684755774875998,182.07183151245118,1.2938658,1.0043920442686216,-4.941106603583346,107869.0390625,3.9492077054701866,2460807.9811571063
2460807.9846041957,1.0033261095842998,0.001971423270846204,180.22075729370118,1.2942318,0.47637184659618653,-2.2390489633412267,107869.0390625,3.7709508667939113,2460807.9813351505
2460807.9847820285,1.0020724087124742,0.0019714073516536937,180.00772247314453,1.2946113,0.9447006452667448,-2.4601427096265223,107869.0390625,3.9166003397875553,2460807.981512986
2460807.984960104,1.0048374855474702,0.0019697020666032583,179.82492141723634,1.2949901,1.0217629492321023,-2.14011116386943,107869.0390625,4.084907968813311,2460807.981691065
2460807.9851383073,1.0022013455536014,0.0019665982019931518,178.92189102172853,1.2953645,0.533633791495936,-2.881696798989516,107869.0390625,4.05910562251363,2460807.981869271
2460807.9853166025,1.0048273408474955,0.001968380203117753,179.31465911865234,1.2957401,-0.025764342712791658,-2.398968409069228,107869.0390625,3.989360304760837,2460807.9820475695
2460807.9854962407,1.002987971949872,0.0019629315346290773,180.48774261474608,1.2961228,-0.014921356175729875,-2.563016900963038,107869.0390625,4.511250217992258,2460807.9822272104
2460807.9856746057,1.0067214403238607,0.001971036030635378,182.69923706054686,1.2965075,0.8046954506098221,-3.866247577331004,107869.0390625,4.031466128179291,2460807.9824055787
2460807.9858537694,1.0046805265739682,0.0019613238164023403,183.69439544677735,1.2968914,1.2993451685083541,-4.28642536490364,107869.0390625,4.578415626569754,2460807.982584745
2460807.986032065,1.004215126388062,0.0019617039211244887,186.86966094970703,1.2972762,0.4904263372401554,-3.968849181822404,107869.0390625,4.51480902130268,2460807.982763044
2460807.9862111015,1.0066089891790055,0.001952524453813004,189.80292282104492,1.2976478,1.2884941950048854,-4.06451749671177,107869.0390625,5.005889623932485,2460807.9829420834
2460807.9863891886,1.0025842346557048,0.001955665542260674,192.3647720336914,1.2980356,1.0011646815222643,-4.572278811307736,107869.0390625,4.454963479369974,2460807.9831201737
2460807.986567612,1.0020777134119094,0.001954472128552676,192.3468444824219,1.2984177,0.7165850817450177,-4.009444016254609,107869.0390625,4.494216461790783,2460807.9832985997
2460807.9867450157,1.007402234963944,0.0019567535394643303,191.59113616943358,1.2988004,2.240697227688884,-4.323715098491196,107869.0390625,4.826508441826386,2460807.983476007
2460807.9869231842,1.0023530039385304,0.001948973341389704,193.86871261596679,1.2991921,0.7876787647571988,-4.4368687191066405,107869.0390625,5.120875802072868,2460807.983654178
2460807.987101167,1.0033687451788145,0.001953628668807657,194.53277206420898,1.2995808,1.2551047389968586,-4.3798507595923954,107869.0390625,4.630317736731749,2460807.983832164
2460807.9872791735,1.0027744961931118,0.0019521887270328065,194.9154022216797,1.2999605,0.6245089761901016,-4.461333440724823,107869.0390625,4.906512961160909,2460807.9840101735
2460807.9874570756,1.0023202990588418,0.001961269172446762,195.7759925842285,1.3003497,1.271966969360403,-4.163585702930865,107869.0390625,4.225230258410079,2460807.984188079
2460807.987636077,1.0035959510035248,0.0019534830287018055,196.4658531188965,1.3007348,1.4136911076418655,-4.815708899351627,107869.0390625,4.674499289985182,2460807.9843670833
2460807.9878142914,1.0042260037332624,0.001956549495716894,196.64209365844727,1.3011298,1.3473230778613765,-4.216966157171758,107869.0390625,4.806486291042773,2460807.9845453007
2460807.9879947747,1.0042881073445715,0.0019609086832464854,196.4739990234375,1.3015256,1.41322541877287,-4.060543206909346,107869.0390625,4.5536384080749155,2460807.984725787
2460807.9881726652,1.000711180138191,0.0019540705919964,196.648934173584,1.3019151,2.0572452842113536,-4.926400959194266,107869.0390625,5.012049157093245,2460807.9849036806
2460807.988350718,1.005571915600753,0.001954431936498029,196.94357528686524,1.302307,1.2294672126011406,-3.8700151229445248,107869.0390625,4.449832033506462,2460807.985081736
2460807.9885286544,1.0051495124556042,0.0019497999487637853,196.9831802368164,1.3027051,0.8227107672494104,-4.564283086088421,107869.0390625,4.992454534933563,2460807.985259676
2460807.9887080723,1.000291574480624,0.0019403451678383899,197.91652297973633,1.3031026,0.984002753966407,-4.8458284772470455,107869.0390625,5.226937741095297,2460807.985439097
2460807.9888872597,1.0015591482484318,0.0019539770040235918,200.5738525390625,1.303504,1.4982065692496984,-4.28533821750341,107869.0390625,4.590842773344282,2460807.985618287
2460807.989066504,1.002748145503214,0.001953766627053404,200.77793807983397,1.3038961,1.5654668578820181,-4.61401220763326,107869.0390625,5.044539316125381,2460807.9857975347
2460807.9892455754,1.0058130139962482,0.0019616655938743746,201.27363128662108,1.3042923,0.34970317742714074,-3.990867808520698,107869.0390625,4.7258200465465565,2460807.985976609
2460807.9894235698,1.0058128900748313,0.0019665423277777086,204.04119949340821,1.304698,0.3243984933439794,-2.711970399445649,107869.0390625,4.05763717694896,2460807.9861546066
2460807.989601553,1.0030902836241735,0.0019668049604646067,204.96931991577148,1.3050855,1.1824037731502801,-5.11877548544796,107869.0390625,4.520896230041205,2460807.9863325926
2460807.989779605,1.0075612520248725,0.0019724440383850233,203.84543685913087,1.3054854,0.5436602235329602,-2.7405845477217166,107869.0390625,3.885613140835317,2460807.986510648
2460807.9899587575,1.0029738592109723,0.001965978001684853,203.07124862670898,1.3058924,1.0957965433577517,-4.269898295827859,107869.0390625,4.485445935446193,2460807.986689803
2460807.990136868,1.004749986347508,0.0019700964286687756,201.32692642211913,1.3062881,0.5877846462982043,-2.41846828367058,107869.0390625,4.0963549741632495,2460807.986867917
2460807.9903149204,1.0069461876727817,0.0019742798999143035,201.11422424316407,1.3066951,0.911888210708661,-4.113753953061673,107869.0390625,3.749088798672985,2460807.987045972
2460807.990492822,1.0036572915983781,0.0019604617390362932,202.31817550659179,1.3071016,1.6037444977385138,-4.6836224061964815,107869.0390625,4.539121520636703,2460807.987223877
2460807.990670887,1.0038519632716776,0.001968632313157406,203.39319381713867,1.3075025,1.1839820597631687,-4.733403359493016,107869.0390625,3.8902600031694736,2460807.9874019446
2460807.9908501194,1.0053804549955938,0.0019672584160093805,202.79923248291016,1.3079066,2.168401541582683,-4.721998316617951,107869.0390625,4.4260172661691355,2460807.9875811804
2460807.991030418,1.005906171244453,0.0019662834895912266,201.60259628295898,1.3083185,1.3328900810616355,-4.779082679992749,107869.0390625,4.920801094521488,2460807.9877614817
2460807.991208424,1.005383685680842,0.00196901867659258,200.22423706054687,1.3087285,0.4472074599943048,-2.9933965808658733,107869.0390625,4.061049374574453,2460807.987939491
2460807.9913863605,1.0043224226585532,0.001970082992102444,195.8656784057617,1.3091394,0.12473519016976505,-2.5281937009545414,107869.0390625,3.996642318172341,2460807.9881174304
2460807.9915644825,1.0043016857599483,0.0019667466255022113,195.206396484375,1.3095338,1.0927082870448597,-4.445538230829225,107869.0390625,4.377138977370282,2460807.9882955556
2460807.9917425932,1.006101678630881,0.0019697117562463584,196.8148391723633,1.3099483,-0.4744414833997463,-2.7172493679838055,107869.0390625,4.04201299967259,2460807.988473669
2460807.9919202286,1.0026784446262638,0.001965490508176369,197.19638366699218,1.3103644,0.8120715878053809,-4.429384160009761,107869.0390625,4.238537849373001,2460807.9886513078
2460807.9920984437,1.0023440855997345,0.001968240068605221,198.69397888183593,1.31077,0.28258470152669735,-2.8935497055255732,107869.0390625,4.363926009270098,2460807.9888295257
2460807.99227866,1.0044461493523051,0.001965280046003094,200.8694808959961,1.311178,1.0672687049656402,-4.086514144001955,107869.0390625,4.568494771471265,2460807.9890097454
2460807.992457882,1.0051660849822421,0.0019490594905230527,202.16528091430663,1.3115967,0.3747976362121277,-4.864110256525351,107869.0390625,5.2997364496739525,2460807.98918897
2460807.992635853,1.0067077892207377,0.0019526645249222962,200.02673263549804,1.3120129,2.236455864558825,-4.428712662158986,107869.0390625,5.508495686637792,2460807.9893669444
2460807.9928139057,1.0076225313004379,0.0019513507575836114,197.32339401245116,1.3124325,1.0712780040232195,-4.6494174992669475,107869.0390625,5.061887869437332,2460807.989545
2460807.992994412,1.0027721484918626,0.0019451887270545956,197.84662933349608,1.3128538,1.2330548769397645,-4.429403293302817,107869.0390625,5.19482491701036,2460807.989725509
2460807.993172001,1.005206778426829,0.001960615663558292,200.68525619506835,1.3132653,0.9601777678786324,-4.261735630824674,107869.0390625,4.775136149933554,2460807.9899031017
2460807.9933499037,1.0077743268153339,0.0019611049584507298,201.82497787475586,1.313678,1.4849263198204479,-4.430124892165206,107869.0390625,4.541851577382126,2460807.990081007
2460807.9935303284,1.0030763756942407,0.0019626378054671666,202.3379280090332,1.3140997,0.8525711522516997,-4.721918021369088,107869.0390625,4.148539441597171,2460807.990261435
2460807.993708312,1.0051279437200862,0.0019608085700654177,202.25804748535157,1.314527,2.2454723267865533,-4.624029902172182,107869.0390625,4.474597636761267,2460807.9904394215
2460807.99388626,1.009730636970657,0.0019521755650172901,201.09722290039062,1.3149371,0.9411035096304062,-4.829695507727896,107869.0390625,4.673141735801642,2460807.9906173726
2460807.9940655627,1.0048905136040185,0.001965946121362705,201.4513298034668,1.3153638,0.9372204987274116,-3.889594803255818,107869.0390625,4.123861331326965,2460807.9907966782
2460807.994243615,1.0040124051575896,0.0019629801370668284,201.42853240966798,1.3157907,1.7839135891518851,-4.665018507963623,107869.0390625,4.17275953132406,2460807.9909747336
2460807.994421668,1.0030931371337188,0.001956090855065547,201.31140899658203,1.3162117,1.7554167061620778,-4.8729529484811325,107869.0390625,4.6358246942717525,2460807.9911527894
2460807.994600831,1.009151486172452,0.0019574459396023603,203.54091567993163,1.3166405,1.0842470909597899,-4.302601252264726,107869.0390625,4.754940290612899,2460807.991331956
2460807.9947799603,1.0062619950662226,0.0019468357889584089,203.41558990478515,1.317064,1.7369516988216365,-4.185202631939963,107869.0390625,5.032675266610971,2460807.991511088
2460807.9949591467,1.0034545482622037,0.0019477156162241807,201.2731719970703,1.3174939,1.0027535827732426,-4.247398974404915,107869.0390625,5.363386950092555,2460807.9916902776
2460807.995139445,1.0067987090369792,0.0019517166499579868,200.79189224243163,1.3179232,0.22818666622273542,-3.8917716214190143,107869.0390625,5.096259729564207,2460807.991870579
2460807.995317428,1.0044412241573166,0.001956827142142014,202.14321823120116,1.3183479,0.7710504592890405,-4.075115259451074,107869.0390625,4.729949903959416,2460807.992048565
2460807.9954954693,1.0060752377698392,0.0019567458026382993,201.13792190551757,1.3187805,1.1142414568122208,-4.944656261428632,107869.0390625,4.676482823940333,2460807.992226609
2460807.9956735214,1.004454707199509,0.001969130360770315,202.474560546875,1.3192137,0.0026936450964733074,-2.693718081283887,107869.0390625,4.013189868920623,2460807.9924046644
2460807.995853634,1.0066833491858067,0.001956689135117384,203.54148483276367,1.3196412,1.5425219310845069,-4.787952405400328,107869.0390625,4.779422397984857,2460807.9925847803
2460807.996031721,1.0056435722677104,0.0019607192786471827,203.67264251708986,1.320066,1.3318094968900986,-4.548453594821748,107869.0390625,4.511097812485179,2460807.99276287
2460807.996210873,1.0037033696328486,0.0019489104584441638,204.21460876464843,1.3205018,0.9051277147554517,-4.024695629455307,107869.0390625,4.825114294408319,2460807.9929420254
2460807.996389979,1.0081202872607622,0.0019510482078065703,202.90332260131837,1.3209403,1.3850348123372338,-4.673287603157383,107869.0390625,5.797241873507223,2460807.993121134
2460807.9965680083,1.0009161259415817,0.001959495310742698,203.33229141235353,1.3213794,1.8234206089821605,-5.743213986875322,107869.0390625,4.905843582989262,2460807.9932991667
2460807.9967460497,1.0067689226578458,0.001959297098687059,203.18666458129883,1.3218049,0.3133509738716831,-4.09977243291539,107869.0390625,5.049293199047414,2460807.993477211
2460807.9969239975,1.003502177843404,0.0019491214219391965,204.23440399169922,1.3222477,1.6005831359047575,-5.504829853469505,107869.0390625,5.413805404489608,2460807.993655162
2460807.9971020967,1.0051745031168704,0.0019631145513738946,203.66491470336913,1.3226879,2.0861813511861738,-4.519546529057098,107869.0390625,4.633259022257776,2460807.993833264
2460807.9972798713,1.0081910942759722,0.00196186679785716,200.97741012573243,1.323112,2.1056299515466432,-4.817061819411207,107869.0390625,4.670561110248406,2460807.9940110417
2460807.9974581553,1.0064511362974087,0.0019663573673186635,201.46000061035156,1.3235587,0.8516819802573637,-4.30845284634287,107869.0390625,5.0657357092759865,2460807.9941893285
2460807.9976363005,1.0048215658180906,0.0019677495293027977,200.49957199096679,1.3239868,1.2079902582523194,-4.29119517138185,107869.0390625,4.315726853059304,2460807.994367477
2460807.997814411,1.0027169830830251,0.001964144289645527,201.40066528320312,1.3244309,0.7375014782727501,-5.137939373248901,107869.0390625,4.255561675846005,2460807.99454559
2460807.9979922897,1.008293105165102,0.0019507336032960484,202.25973892211914,1.3248782,2.5566641528735063,-4.901787856800089,107869.0390625,5.317581587526495,2460807.9947234723
2460807.9981702385,1.0081893726305058,0.0019592891763130457,203.10441665649415,1.32531,1.486306905217345,-5.03926696980011,107869.0390625,4.890502231316015,2460807.994901424
2460807.9983482906,1.0070562125024047,0.0019415669365372655,201.92252731323242,1.3257571,0.6239786550453722,-4.452719834853312,107869.0390625,5.499924499815511,2460807.995079479
2460807.9985262738,1.008051668529637,0.0019486629822906539,202.06069946289062,1.3262033,1.2159719708178047,-4.104699744536796,107869.0390625,5.435820628299556,2460807.995257465
2460807.9987044185,1.0018691250667537,0.0019453785264657976,203.24570922851564,1.3266512,1.3490846063714597,-5.130112696882687,107869.0390625,6.086459779981044,2460807.995435613
2460807.998882344,1.0083936197014753,0.0019634653666705483,202.55621871948242,1.3270835,0.8942730089252932,-4.597765626357476,107869.0390625,4.3991890749792955,2460807.9956135415
2460807.999060258,1.0082492444836653,0.0019469936103032538,202.1945053100586,1.3275387,0.3751911283078994,-4.247053578573931,107869.0390625,5.0541668995804185,2460807.9957914585
2460807.9992382755,1.006705030847107,0.0019551060902712157,201.44257659912108,1.3279755,0.8446295031221895,-4.900248578361823,107869.0390625,4.820386636528076,2460807.995969479
2460807.9994163164,1.005810153040687,0.0019561395835378872,199.95013427734375,1.328427,0.5265825458559604,-4.151220435492869,107869.0390625,4.826597289812032,2460807.996147523
2460807.9995944384,1.007193456677406,0.0019539579042800806,200.65901718139648,1.3288796,1.8012092073611474,-5.350817040718961,107869.0390625,4.761054453777194,2460807.996325648
2460807.9997723172,1.0033765899068572,0.00195300106811299,199.68173446655274,1.3293353,1.498646428790717,-4.709564030680381,107869.0390625,5.024301722845512,2460807.99650353
2460807.999951516,1.0040208685466578,0.001946625591855635,199.82006072998047,1.3297836,1.8073947498162495,-4.583660021800717,107869.0390625,5.186368702715568,2460807.9966827314
2460808.000129707,1.0025073051474918,0.0019469383401071391,198.39191284179688,1.3302325,1.2680854324641937,-4.30642225872397,107869.0390625,5.3598887852468025,2460807.996860926
2460808.0003075856,1.005617100975732,0.0019465216633633396,196.97011947631836,1.3306832,1.2542369041339938,-5.233950169651904,107869.0390625,5.257121093753326,2460807.9970388077
2460808.0004855692,1.0045469176249837,0.0019535028699958325,195.97033767700196,1.3311475,0.8904816928106412,-4.213750431050105,107869.0390625,4.994416392900407,2460807.997216794
2460808.0006637485,1.0045898015752468,0.001954447333246986,195.36268768310546,1.331589,0.9763306445434151,-4.0677739315201284,107869.0390625,5.033665405348919,2460807.9973949767
2460808.0008419286,1.0022168389659027,0.001954289390380195,195.74381408691406,1.3320488,1.0027988174555098,-3.9649596849880973,107869.0390625,4.965959775125357,2460807.9975731596
2460808.0010211617,1.0048937531386117,0.0019454382446614114,194.8051414489746,1.3325103,2.3857620225824854,-5.322980994100228,107869.0390625,5.339868845785261,2460807.997752396
2460808.001199052,1.0066387186241605,0.0019363843484376494,192.5599838256836,1.3329662,1.7695701619795219,-5.348180453444447,107869.0390625,5.745090494862692,2460807.9979302892
2460808.001377035,1.0067961515586121,0.001936255310561139,192.61709213256836,1.3334226,1.0546292975440084,-4.298379888504755,107869.0390625,6.281143324683866,2460807.9981082752
2460808.0015550302,1.0040295026580366,0.0019589515626865545,192.13622970581054,1.3338894,1.288176015125669,-4.7073525982783275,107869.0390625,4.404451951472185,2460807.9982862733
2460808.0017352235,1.0097100036093685,0.001962090733449833,190.91207046508788,1.3343579,-0.5994350173814704,-2.8316983544638847,107869.0390625,4.474350964832157,2460807.99846647
2460808.0019132183,1.0057674503922858,0.0019582990492847518,190.6013053894043,1.3348032,1.5892057216372117,-4.736909453184085,107869.0390625,4.767154086379835,2460807.9986444674
2460808.002091317,1.0044051044584728,0.0019616963907674785,190.75885238647462,1.3352698,1.1868224152583804,-4.122315932570256,107869.0390625,4.487428303789705,2460807.9988225694
2460808.0022696243,1.0045247265663921,0.001965829378847778,190.08991394042968,1.3357359,1.1809535729495586,-4.504817809048553,107869.0390625,4.625887634219294,2460807.9990008795
2460808.002448533,1.0029173154765152,0.001960514022766717,189.97746734619142,1.3362056,1.2307064171805324,-5.281037713223463,107869.0390625,4.588881169028293,2460807.9991797917
2460808.0026280675,1.0084490334396186,0.0019651766790089527,189.19309616088867,1.3366709,0.8459170248276704,-3.8779093982489905,107869.0390625,4.586615260775572,2460807.9993593288
2460808.002805807,1.0073867528083718,0.0019637945268682717,191.25240097045898,1.3371367,1.8716991949328776,-5.566720030288652,107869.0390625,4.241321379955444,2460807.9995370717
2460808.002983721,1.0053869153545572,0.001971032631440482,191.07655563354493,1.3376049,1.5194367747115145,-3.9978341468175604,107869.0390625,4.0723277610157425,2460807.9997149883
2460808.0031628036,1.0072508511563738,0.00196044440602699,192.6348403930664,1.3380772,1.2609500590981106,-5.028465023274526,107869.0390625,4.767161453735714,2460807.999894074
2460808.0033409717,1.0084066062576404,0.0019557282662590303,192.4181640625,1.3385452,2.3160573219353657,-4.775951736727459,107869.0390625,4.964744675547509,2460808.0000722455
2460808.00351914,1.0046324574728516,0.0019702294814384885,191.88816299438477,1.3390156,-0.758647259722452,-2.4957502789805637,107869.0390625,3.8991315038754064,2460808.000250417
2460808.0036970996,1.00458830957775,0.001955848430106262,190.06206359863282,1.339489,2.270236718767429,-4.838186919240857,107869.0390625,5.057248005377941,2460808.0004283795
2460808.0038751177,1.0066495102001394,0.001959889451270773,189.48351821899413,1.3399548,0.42965667356971343,-4.422445841391153,107869.0390625,4.791773616869643,2460808.0006064004
2460808.004053031,1.007134789151604,0.001966651355663755,189.0043586730957,1.340422,1.0446608408080087,-4.825059444682493,107869.0390625,4.364846019741569,2460808.000784317
2460808.004232288,1.0055970507128607,0.0019713419086759636,188.69082412719726,1.3409,0.03646793340060907,-2.8791033099741097,107869.0390625,3.846770840149075,2460808.0009635766
2460808.004410294,1.0066321892112815,0.0019647482631462137,188.9781578063965,1.3413777,1.7885657993618218,-5.41892550971143,107869.0390625,4.556380738898417,2460808.001141586
2460808.0045883926,1.0064409483600205,0.001965570863169029,189.72585906982422,1.341858,0.9377972140257675,-4.757049765833239,107869.0390625,4.263651811835374,2460808.0013196873
2460808.004767556,1.0077195361006033,0.0019631098244660733,187.7772247314453,1.3423352,1.1283913352863058,-4.513860626011128,107869.0390625,4.606012700121238,2460808.0014988543
2460808.0049454933,1.0052052530986635,0.001959433008470285,186.71797409057618,1.3428129,1.4120307727348063,-5.405169104500447,107869.0390625,5.062171432782478,2460808.001676794
2460808.0051270407,1.0105509988055752,0.0019552614041495196,185.515291595459,1.3432943,1.6159706201837625,-4.066852941200382,107869.0390625,5.168986171298753,2460808.001858345
2460808.0053049778,1.0084156055649844,0.001954383525505292,186.70092010498047,1.3437792,0.4289372329864132,-5.491961792098418,107869.0390625,4.839894959860932,2460808.0020362847
2460808.005483065,1.0043967243717022,0.0019476464719835427,187.48700103759765,1.3442592,1.2351725115188779,-5.037707540601532,107869.0390625,5.745255519479745,2460808.002214375
2460808.0056610247,1.0076655732705535,0.0019484728143993632,185.96283874511718,1.3447345,1.6762528085909991,-4.436270536332936,107869.0390625,5.228812560084566,2460808.002392338
2460808.005838892,1.0086412749277518,0.001945890990595455,186.2744483947754,1.3452101,1.8438636631386185,-4.692021378393602,107869.0390625,5.024311512833219,2460808.002570208
2460808.00601816,1.0034828558108286,0.001944365164617431,187.6383316040039,1.3457034,1.9813499018188812,-5.325345225322012,107869.0390625,5.116421763524154,2460808.0027494794
2460808.0061961664,1.0053085766902161,0.0019529074797229795,187.957470703125,1.3461897,1.3075349551167974,-4.759527919330955,107869.0390625,5.107832134963629,2460808.0029274886
2460808.006374207,1.0088973643134516,0.0019492746936491938,188.16533584594725,1.3466803,2.0065134913729366,-4.361552093592254,107869.0390625,5.048430687043877,2460808.0031055324
2460808.0065522827,1.0020883342737608,0.0019387818145709273,187.43354110717775,1.3471532,0.5862567099348283,-4.862440992631025,107869.0390625,5.531603509028583,2460808.003283611
2460808.0067326035,1.0070808695620328,0.001953173145848625,189.63903045654297,1.3476541,2.133021831615108,-4.840911463912931,107869.0390625,4.94690027824584,2460808.003463935
2460808.006913122,1.003307084595668,0.00193416376061827,186.8734115600586,1.3481558,2.038921210827682,-4.608074263339735,107869.0390625,5.513406746217897,2460808.003644456
2460808.00709129,1.004150774721186,0.0019420492116011615,184.82054061889647,1.3486318,0.7783427422558087,-4.876340893093003,107869.0390625,5.5612094351539465,2460808.0038226275
2460808.0072692037,1.0067538470104858,0.0019452830803468096,186.4239486694336,1.3491272,1.8204599801220485,-4.751947126879451,107869.0390625,5.316803755607854,2460808.004000544
2460808.0074484595,1.00902012078765,0.0019198987750942067,188.57562332153321,1.3496237,2.1424095582185707,-4.4732810563891015,107869.0390625,6.632952955614965,2460808.004179803
2460808.007626489,1.005489025880942,0.0019533128647303876,189.4232536315918,1.3501039,0.47734562272748976,-5.027081636503155,107869.0390625,4.901934410272433,2460808.0043578357
2460808.0078045414,1.007166265374954,0.0019387346021054815,190.25422897338868,1.3506041,1.0545582894705665,-4.552850377004681,107869.0390625,5.68513996197428,2460808.004535891
2460808.007982443,1.0065292675892046,0.0019416180140919782,190.0821617126465,1.351105,2.0287475216207023,-3.9980506075914817,107869.0390625,5.883140432465634,2460808.004713796
2460808.0081604845,1.0096320446257383,0.0019498068744271918,190.39393005371093,1.3515944,0.7612477874908671,-5.191932023755577,107869.0390625,5.572903932481172,2460808.0048918403
2460808.008338421,1.0092132800375706,0.0019377817442515271,189.5781379699707,1.3520893,0.40422601856006574,-3.8363887045683773,107869.0390625,6.295279090216384,2460808.00506978
2460808.008517724,1.0064903366110542,0.0019540925940547413,190.53009414672852,1.3525852,1.22135180935107,-4.838572979889195,107869.0390625,4.88108917934984,2460808.005249086
2460808.0086967717,1.0075537845430533,0.0019431656903587022,190.37941513061523,1.3530879,1.4746635877460057,-4.279470860303917,107869.0390625,5.2674593769714635,2460808.005428137
2460808.008875021,1.0090767568839982,0.001961658218480329,190.23419876098632,1.3535919,1.7712180277204441,-5.419577370621863,107869.0390625,4.42764943064186,2460808.0056063887
2460808.009054358,1.0057280184596753,0.001966934127840244,189.85482864379884,1.3540943,-0.754110376898112,-3.0266609326132503,107869.0390625,4.061181788450638,2460808.0057857293
2460808.009234286,1.0100517118855654,0.0019529473337807695,188.55682144165038,1.3546063,1.4563552312828876,-5.892513055903389,107869.0390625,5.093619657159749,2460808.00596566
2460808.009412778,1.0072079404397696,0.0019665357898616754,188.50308380126953,1.3550957,-0.23976238062183503,-2.8536497451114506,107869.0390625,3.9894171472468307,2460808.0061441553
2460808.0095906914,1.0062767293832842,0.001961405711503807,187.11184997558593,1.3556048,1.2642317395247378,-4.97270940331219,107869.0390625,4.926914261121154,2460808.006322072
2460808.009770978,1.0072634548022612,0.001958960042216622,186.8458396911621,1.3561136,1.510668450495267,-4.563803889577639,107869.0390625,5.186765922400066,2460808.006502361
2460808.0099489954,1.0069302970894052,0.0019522322649439302,187.2785842895508,1.3566232,1.7912684615029788,-5.8059050794176725,107869.0390625,4.987067633124241,2460808.006680382
2460808.010127129,1.0069569447302251,0.001948366728621876,189.66582183837892,1.3571257,1.2733160991014763,-4.492911247692523,107869.0390625,5.430090114839864,2460808.0068585183
2460808.0103050657,1.009865461311144,0.0019376486481504265,191.2710304260254,1.3576272,2.2171382557950516,-4.9514827118886275,107869.0390625,5.85981574760595,2460808.0070364582
2460808.010483084,1.0065256183437337,0.0019477825903117018,189.94968185424804,1.3581396,0.2449503202249128,-4.251397550133541,107869.0390625,5.474896311488514,2460808.007214479
2460808.010662317,1.0108610955515451,0.0019281517652614,188.31863555908203,1.3586537,0.8274968153095966,-4.883112391695409,107869.0390625,5.048830174049754,2460808.0073937154
2460808.0108403345,1.009111245099947,0.0019556358762139138,186.0664321899414,1.3591665,0.2674036677053079,-4.213372328477792,107869.0390625,4.77939811336402,2460808.007571736
2460808.0110182017,1.0078457268538676,0.0019521024885165194,186.25112762451172,1.359669,1.5977057798306475,-4.203565348216849,107869.0390625,5.2744394759527715,2460808.0077496064
2460808.0111962776,1.0085643718011617,0.001949304101424565,183.00262145996095,1.3601768,1.0363747594148676,-4.207329161124892,107869.0390625,5.268796060508112,2460808.007927685
2460808.0113744573,1.0105809887585644,0.0019540996511158903,184.3264129638672,1.3606967,1.0812213246131617,-4.851296625639538,107869.0390625,5.084893621817084,2460808.008105868
2460808.01155251,1.0051545321611175,0.00195790789022312,183.5951721191406,1.3612057,1.8683043785081566,-4.263422074923956,107869.0390625,4.789087446574416,2460808.0082839234
2460808.0117303194,1.0111662726950994,0.0019434539460067572,185.309375,1.3617186,0.8515025076260232,-5.465071176131011,107869.0390625,5.76862538271928,2460808.008461736
2460808.0119085107,1.0072983712293948,0.0019281898938856995,183.68298950195313,1.3622361,1.795909827599019,-4.629944339138426,107869.0390625,6.448330761915557,2460808.0086399307
2460808.012086575,1.0118008027981,0.001913102363715847,184.04796981811523,1.362758,1.273263993807987,-4.192311661263082,107869.0390625,6.883280398579865,2460808.0088179978
2460808.0122645926,1.0063274830359354,0.0019394118725752896,184.49053192138672,1.3632711,1.2405209715341396,-4.2598856607441205,107869.0390625,5.489236700585666,2460808.0089960187
2460808.012442726,1.0081314447958512,0.001949286397903858,184.31348266601563,1.3637852,0.8497359018688698,-4.244248596362205,107869.0390625,5.015888041716907,2460808.009174155
2460808.0126205934,1.0076859104376346,0.001948544239006179,183.49576416015626,1.3643151,1.373589099701508,-4.634273211073486,107869.0390625,5.113170824100152,2460808.0093520256
2460808.0127998847,1.0099884988879184,0.0019299436066659852,184.23083267211913,1.3648423,1.11993555862115,-3.8921160598729476,107869.0390625,6.077144042310919,2460808.0095313196
2460808.012977925,1.009650274035216,0.001926705706697552,186.1719192504883,1.3653485,0.6175218404706673,-4.623417840224834,107869.0390625,6.052394072791224,2460808.0097093633
2460808.013155978,1.006583362898307,0.001920441646902547,184.67036972045898,1.3658769,1.1767915049011537,-4.4706541085836,107869.0390625,6.309917496611905,2460808.009887419
2460808.013335037,1.0056661791897397,0.0019345093924569795,183.33906021118165,1.3664076,1.0350205114530635,-4.694818464130281,107869.0390625,5.5057455655195415,2460808.0100664813
2460808.013515428,1.0081729746310932,0.0019387115529965085,184.0033172607422,1.3669423,2.16990796331562,-5.199558126784612,107869.0390625,5.855877675858871,2460808.010246875
2460808.0136933527,1.0086238895339361,0.001944527551376604,185.61199417114258,1.3674602,1.4899124034036735,-4.55988536973876,107869.0390625,5.592178909181955,2460808.010424803
2460808.0138714747,1.0107074891902184,0.0019330440742394762,186.83001403808595,1.3679942,2.062356196465333,-3.8707192339183516,107869.0390625,5.996902271702714,2460808.010602928
2460808.0140495505,1.0095656544505878,0.0019285497435142396,188.86675949096679,1.3685236,1.9237661462446203,-5.848138082508812,107869.0390625,5.840067803490933,2460808.010781007
2460808.0144055863,1.0092554961437947,0.0019314063822564666,183.72771301269532,1.3695731,1.433360435663667,-3.738789048880256,107869.0390625,5.833786369447344,2460808.0111370487
2460808.0145837544,1.0046313531720066,0.0019291301037665035,183.22993850708008,1.3701027,2.068333715105332,-4.406486653095541,107869.0390625,6.359013175189065,2460808.01131522
2460808.014761425,1.0102703999008615,0.0019410655861707097,183.74977493286133,1.3706337,1.002381150212144,-5.406068885148234,107869.0390625,5.393397020874031,2460808.0114928936
2460808.0149393617,1.0071131121552983,0.0019420713911370577,182.77710723876953,1.371172,2.4499662415866186,-4.907246956567749,107869.0390625,5.322967388068889,2460808.0116708335
2460808.0151174143,1.0094922575150433,0.0019361579763603378,183.5960319519043,1.3717125,1.7444536376060946,-4.528831177394985,107869.0390625,5.580721774063137,2460808.011848889
2460808.015295467,1.0057162624131564,0.0019429015302025576,182.56619110107422,1.3722305,1.6938513150810564,-4.735481422013817,107869.0390625,5.342798768918266,2460808.0120269447
2460808.0154733923,1.008885591060632,0.0019507623077143293,184.44531707763673,1.3727696,1.0484534001872305,-5.069284701615081,107869.0390625,5.365849375751612,2460808.012204873
2460808.015651352,1.009871574202941,0.0019368394840260413,185.97321166992188,1.3733118,0.3097959389065062,-4.59366535593675,107869.0390625,5.773647740770282,2460808.0123828356
2460808.015829497,1.009242090582953,0.001962415085758444,186.36777420043944,1.3738545,0.9191558102268481,-5.070362579978457,107869.0390625,5.345817627475541,2460808.0125609837
2460808.0160075496,1.0077456736729564,0.0019594431166700876,186.16421966552736,1.3743977,1.1589583864955335,-4.919200470409246,107869.0390625,4.770923332606565,2460808.0127390395
2460808.0161859263,1.0051400084270412,0.001957964267643067,184.7925163269043,1.3749224,2.237884518551507,-4.192922512585903,107869.0390625,4.515875812868564,2460808.012917419
2460808.016363724,1.0080810292766473,0.0019619681736241026,185.56182937622071,1.3754673,1.3002844505023432,-5.3072356083141345,107869.0390625,4.260250267537295,2460808.01309522
2460808.0165416603,1.0080940011239854,0.0019521661770057228,181.8900131225586,1.3760085,0.14037394741516368,-5.15826306333978,107869.0390625,5.036392167294522,2460808.0132731595
2460808.016721345,1.0068799023355721,0.0019603842610676557,182.26927642822267,1.3765544,2.0364117194133047,-4.610420522709609,107869.0390625,4.69218777703677,2460808.013452847
2460808.0168990735,1.0085821244866904,0.0019435081844107933,183.9169075012207,1.3771035,1.0360950108863312,-4.366852717809746,107869.0390625,5.354681726273742,2460808.0136305788
2460808.017076964,1.010219037504056,0.0019497722908205864,183.44319610595704,1.3776542,1.2277993356454207,-4.3955946539021875,107869.0390625,4.918693496886969,2460808.013808472
2460808.0172549123,1.0054107199907723,0.0019586128309503404,182.64468154907226,1.3782039,2.5422112193597792,-4.808256811112658,107869.0390625,4.689969431347532,2460808.0139864236
2460808.0174329304,1.006222291507425,0.001956036787964964,181.03664627075196,1.3787349,2.0336549912963098,-4.818018706675392,107869.0390625,4.537977079887222,2460808.0141644445
2460808.017610948,1.007975487879485,0.0019427981754565726,179.41890487670898,1.3792912,1.4133106260988688,-5.34494635586921,107869.0390625,6.188374723317584,2460808.0143424654
2460808.0177915585,1.0103295306317577,0.001943674583059024,179.55871505737304,1.3798472,2.445265094749366,-4.78870189024921,107869.0390625,6.405363910202471,2460808.0145230787
2460808.017969553,1.0071814593405735,0.0019476984418853765,182.6664695739746,1.3804039,0.847967273764991,-4.547839774801288,107869.0390625,4.982196118342182,2460808.0147010763
2460808.0181477093,1.0073187393077632,0.0019466149686234585,183.26042633056642,1.3809498,1.6871412991586414,-4.609375019054935,107869.0390625,4.989507498795723,2460808.014879236
2460808.0183255537,1.0090018275241737,0.0019309365950962117,180.8619468688965,1.381497,1.4775244718420943,-4.872570782108926,107869.0390625,6.238824969319883,2460808.015057083
2460808.0185037334,1.0080621557466798,0.0019420361569595142,181.74156036376954,1.3820561,0.8696912385605979,-4.98914002614423,107869.0390625,5.360237036057325,2460808.015235266
2460808.0186818093,1.0072233516518567,0.0019263696498532247,180.410888671875,1.3826172,1.5385704001401674,-4.485397414173698,107869.0390625,5.850812396384405,2460808.015413345
2460808.0188597227,1.0070478049073848,0.0019455276754536078,182.57514724731445,1.3831573,1.0118168288790819,-4.166995268593544,107869.0390625,5.52468483792818,2460808.0155912614
2460808.0190377757,1.0042415446125577,0.0019206476759601066,182.96106338500977,1.383725,1.6392159411630574,-5.440518903860478,107869.0390625,6.102127059463412,2460808.0157693173
2460808.019215654,1.008490157279249,0.0019342338295967759,183.7325897216797,1.3842797,1.3205041264706747,-4.343328371695402,107869.0390625,5.420775119795958,2460808.015947199
2460808.019571609,1.0069949692155955,0.0019273880639507775,183.70051116943358,1.3854062,2.090884294116502,-5.1115591950718215,107869.0390625,5.855310228427123,2460808.0163031598
2460808.0197498007,1.0057647486337946,0.0019439169381414102,183.2887161254883,1.3859592,1.3748061724471257,-4.407032747625545,107869.0390625,5.203181890478862,2460808.0164813544
2460808.0199277718,1.0097946451235709,0.0019528016120784815,182.58805389404296,1.3865122,0.896122675111844,-4.780067539080492,107869.0390625,4.697484194130335,2460808.0166593287
2460808.0201058476,1.0053907928027317,0.0019404490513445464,183.26140594482422,1.3870807,1.1916433447534571,-4.804316520377441,107869.0390625,5.098470199598819,2460808.0168374074
2460808.020283923,1.0081802300908063,0.0019437270795159185,183.93122253417968,1.3876447,0.4760026086832865,-5.050893240352906,107869.0390625,5.279571672062181,2460808.017015486
2460808.020461767,1.0069300224986724,0.0019394748050446755,183.01385421752929,1.3882125,0.993705643104479,-4.963638219059137,107869.0390625,5.5623759470808025,2460808.0171933332
2460808.020639669,1.0084144520903764,0.001932301908390244,183.09747619628905,1.3887887,1.5003168994302525,-4.42776483699251,107869.0390625,5.733324001432224,2460808.017371238
2460808.0208177217,1.0075817384276726,0.001946738799294516,184.11470413208008,1.3893373,0.6511849445291056,-4.90469455423905,107869.0390625,5.119814248447545,2460808.017549294
2460808.0209956816,1.0087904783501496,0.0019445790841466034,182.87181854248047,1.389908,1.7484297016114552,-4.774515371886199,107869.0390625,5.773124627568886,2460808.0177272568
2460808.021173734,1.0076780302408614,0.001941083107241624,184.40516891479493,1.3904834,0.7985678546520959,-3.9522126189984883,107869.0390625,5.170217485165355,2460808.0179053126
2460808.0213516364,1.0084971232106659,0.001939745388421853,182.6106918334961,1.3910494,1.6966198930939027,-5.351277509830046,107869.0390625,5.06863191071973,2460808.0180832176
2460808.0215297467,1.0087471311270877,0.0019289046369620087,183.05706787109375,1.3916206,1.7257227535015125,-5.213735136817422,107869.0390625,6.033779625787099,2460808.018261331
2460808.021707811,1.0078147819797987,0.0019522443126070784,183.15788345336915,1.3922012,1.3385760224713417,-5.495245895748669,107869.0390625,4.96733665334491,2460808.018439398
2460808.0218858747,1.0095660146179248,0.0019532762959408837,184.41883239746093,1.3927745,1.4750261301367913,-4.700980067120007,107869.0390625,4.7770989194829845,2460808.018617465
2460808.0220639505,1.0073710052865903,0.001952019494616729,184.86054382324218,1.3933456,1.2189913015777774,-4.474818366200284,107869.0390625,4.554933673454702,2460808.018795544
2460808.0222419337,1.0088205325171025,0.0019517503656081,185.00967559814453,1.3939148,0.8707831110917852,-4.2730487387624905,107869.0390625,5.045042613129144,2460808.0189735303
2460808.022419836,1.010621631264025,0.0019327507541976585,184.48296051025392,1.3944945,1.9495777769360993,-4.7987289055879865,107869.0390625,5.743499768505093,2460808.0191514352
2460808.022597923,1.0076939798903484,0.0019392972511102459,185.04960708618165,1.3950778,0.8035251961088334,-4.584636539178427,107869.0390625,5.488299908035254,2460808.0193295255
2460808.02277601,1.0068926443435815,0.0019577976655549938,184.06209182739258,1.3956629,1.4387017710026386,-4.492403265894796,107869.0390625,4.487394722390137,2460808.019507616
2460808.022954074,1.0047628231339885,0.0019530894088275403,184.46185607910155,1.3962298,1.421465989044312,-5.141640077148618,107869.0390625,4.667882488976923,2460808.019685683
2460808.0231323,1.0072102154735167,0.0019514351062506687,184.56964035034179,1.3968182,1.2144620250147056,-5.492273729469691,107869.0390625,4.420866450286819,2460808.019863912
2460808.0233100173,1.0068486552723543,0.0019434867751724674,184.3735580444336,1.3973993,1.1168803432621395,-4.952157707327153,107869.0390625,6.11038238355303,2460808.020041632
2460808.023489111,1.0078007487129987,0.0019513218828983597,184.16827011108398,1.3979762,0.9782342325206316,-5.062110239438197,107869.0390625,4.953900751563214,2460808.020220729
2460808.0236768164,1.0084735804456082,0.0019519733197967037,183.95095291137696,1.3986119,0.6069685576932592,-4.689000728525215,107869.0390625,4.816789037134604,2460808.0204084376
2460808.023854568,1.0046641742389844,0.0019505458019809492,181.94709014892578,1.3991782,1.0326417716817284,-4.886430447235635,107869.0390625,4.643982562214421,2460808.020586192
2460808.0240335693,1.008295692484912,0.0019550760659436534,181.7676773071289,1.3997711,0.7014252102139445,-4.603386190944289,107869.0390625,4.481088309201903,2460808.0207651965
2460808.024211634,1.006896440782644,0.0019586113824238854,181.06553344726564,1.4003622,1.170895084889184,-4.094581430436347,107869.0390625,4.41012846464563,2460808.020943264
2460808.0243918966,1.0050543910757408,0.0019509688147623014,180.3647476196289,1.4009615,0.695408661217031,-5.076366879491367,107869.0390625,4.876069255632428,2460808.02112353
2460808.024569926,1.0064740111056252,0.0019563331427181942,179.9296012878418,1.4015585,1.1605837141634636,-5.32875045532876,107869.0390625,4.761484886603065,2460808.0213015624
2460808.024749136,1.0076078035774043,0.0019588941910496905,180.24293060302733,1.4021457,0.9190793278431405,-4.744680298568866,107869.0390625,4.247765529062009,2460808.0214807754
2460808.0249272,1.007337311570947,0.0019538696724709184,181.93855743408204,1.4027384,1.2736242987876534,-5.245746154712093,107869.0390625,4.863772628919076,2460808.0216588425
2460808.025105299,1.0079291620727675,0.0019347002579999154,182.6861373901367,1.4033341,1.423112958974093,-5.193675777596548,107869.0390625,5.680153827464217,2460808.0218369444
2460808.0252830503,1.0077082949360547,0.0019337279171349803,180.527108001709,1.4039171,0.6705777525667457,-4.465642237167504,107869.0390625,5.313842550116081,2460808.022014699
2460808.0254611494,1.007610704571078,0.0019023012716154546,180.0337692260742,1.4045179,1.9607998725233629,-5.617135625842149,107869.0390625,6.739416472870911,2460808.022192801
2460808.0256414586,1.0053040912089592,0.001947612866546436,180.94500198364258,1.4051204,0.34488510282811247,-4.93415595440421,107869.0390625,5.09503543414057,2460808.0223731133
2460808.0258194306,1.007223333242469,0.00194741957512861,180.9645751953125,1.4057222,1.866043601205975,-5.120577534686164,107869.0390625,5.154240165586499,2460808.022551088
2460808.0259986287,1.0095365596919212,0.0019461828902816853,180.87660598754883,1.4063238,0.743026120542402,-4.785439635508225,107869.0390625,4.898082362859822,2460808.0227302895
2460808.026176623,1.0064936474845518,0.0019309242745715269,181.7970397949219,1.4069306,1.5168321234464792,-4.625049339856659,107869.0390625,6.038428150926859,2460808.022908287
2460808.0263546063,1.005135257243064,0.0019330459788723746,181.02790145874025,1.4075299,0.7133927066898967,-4.88542012323429,107869.0390625,5.321324460816017,2460808.023086273
2460808.0265358067,1.009195003813843,0.0019283557908108785,181.52072296142578,1.4081522,0.6911062147815015,-5.176136543866143,107869.0390625,5.768154995253177,2460808.023267477
2460808.0267142644,1.008608096951115,0.0019383601428379013,180.82530364990234,1.4087376,1.1916858799149856,-5.320382630810543,107869.0390625,5.527532479796968,2460808.0234459373
2460808.0268936018,1.009792123997172,0.0019441380300977984,178.44204177856446,1.4093482,1.3431026628477076,-4.952612152003999,107869.0390625,5.121705658263798,2460808.023625278
2460808.027071307,1.007199673379175,0.0019201651633403373,178.46960067749023,1.4099608,1.260003327745443,-5.6179937053197415,107869.0390625,5.658534017709831,2460808.023802986
2460808.027250656,1.0055515262977497,0.001925098919130768,177.83488540649415,1.4105721,1.1252804615689478,-4.72710956719176,107869.0390625,5.8530728434689365,2460808.023982338
2460808.027429206,1.0075685422527563,0.0019322266440342526,177.73230667114257,1.4111819,0.5543200603195608,-4.596810017028521,107869.0390625,5.490703793670689,2460808.0241608913
2460808.0276069227,1.0081190840421173,0.0019434694977055154,177.67754516601562,1.4117957,1.968263763560976,-4.852375404386489,107869.0390625,5.475158632113636,2460808.024338611
2460808.027784894,1.0086539078227592,0.0019281908819605983,178.15377197265624,1.4124093,2.6993155443272063,-4.6139402134626835,107869.0390625,5.831111847385423,2460808.0245165857
2460808.0279635373,1.0077374082277037,0.0019497359872044507,178.40039520263673,1.4130015,0.9471319549549688,-5.282265398998499,107869.0390625,4.9584459157296905,2460808.0246952316
2460808.028141902,1.0107038671458797,0.001957162770739524,178.86019134521484,1.4136213,1.1833443325390902,-5.756299153316457,107869.0390625,4.423918960818465,2460808.0248735994
2460808.028321031,1.0043120319758028,0.0019418597614266513,176.64968185424806,1.4142434,1.344976275440141,-4.64939377637516,107869.0390625,4.965450758471591,2460808.0250527314
2460808.028498794,1.0085690886533212,0.001956293717248559,177.2538284301758,1.4148659,2.1254182756363145,-5.78623492275349,107869.0390625,4.7196534923182,2460808.0252304976
2460808.028676962,1.0054287694760133,0.0019524973508885397,177.20705490112306,1.415463,0.8994596640250264,-5.246224293605853,107869.0390625,4.731253738609979,2460808.025408669
2460808.0288549224,1.007134487069615,0.0019574804909487436,177.25393600463866,1.4160871,1.353836119222067,-5.618399668122591,107869.0390625,4.628153148246766,2460808.025586632
2460808.0290335994,1.007388103643489,0.001955756248936603,175.31964187622071,1.4167108,0.9135178676375435,-4.686531046246639,107869.0390625,4.61429469244682,2460808.0257653124
2460808.029211097,1.0097168391579519,0.0019546168038340663,174.7029052734375,1.4173348,1.1652644925107951,-5.106529977614596,107869.0390625,4.477848563102863,2460808.0259428127
2460808.0293891258,1.0051357926522175,0.0019575866154254965,175.7929946899414,1.4179356,0.4815104997392893,-4.752259212979088,107869.0390625,4.366006056508727,2460808.0261208448
2460808.029567086,1.0124220842804128,0.0019554104442188235,175.88684158325196,1.4185606,1.9955217304567696,-4.783563605668544,107869.0390625,4.963185255954929,2460808.026298808
2460808.0297450228,1.008764024358749,0.0019238310545184407,175.2599021911621,1.4191844,1.9257847398391459,-4.764607956247332,107869.0390625,6.2840533354925165,2460808.026476748
2460808.029923087,1.0063758966140577,0.0019531861274115626,175.05695114135742,1.4198076,1.346371231493375,-5.212409235928316,107869.0390625,4.952476799790924,2460808.026654815
2460808.0301011163,1.0085877673339745,0.001952660147823578,173.72269592285156,1.4204375,1.4378322673775203,-5.7862712730924075,107869.0390625,4.666458816425804,2460808.0268328474
2460808.030279319,1.0068799763315974,0.0019394462407122228,174.21773223876954,1.4210717,0.8221314148747005,-4.831783593509138,107869.0390625,5.335444479518385,2460808.027011053
2460808.030457198,1.0087722338398362,0.001934607913405912,173.9158737182617,1.4216818,2.294655676349072,-5.309381549504441,107869.0390625,5.378240614987217,2460808.0271889353
2460808.0306353546,1.0088901269970956,0.001955921569116463,173.73776473999024,1.4223193,0.799906653091327,-4.876335972347405,107869.0390625,4.58435925020812,2460808.027367095
2460808.0308134304,1.0107792823766173,0.0019586796296050223,173.84929885864258,1.4229505,1.2720266286637423,-4.3909100910533985,107869.0390625,4.227076149208767,2460808.0275451737
2460808.030991448,1.0099374146623472,0.0019577218016768624,173.48501434326172,1.4235828,1.0655712658531646,-5.091173362053564,107869.0390625,4.42486136908154,2460808.0277231946
2460808.0311693503,1.0105378323855458,0.0019499958748089557,173.8999382019043,1.4242105,1.2953199556609012,-5.475336824196633,107869.0390625,4.9779119160654135,2460808.0279010995
2460808.031349625,1.0075568749241213,0.001945749143247324,173.52217636108398,1.4248391,1.5797106708509967,-5.306113460003544,107869.0390625,5.310055329993095,2460808.0280813775
2460808.031527666,1.0097696592638454,0.0019485375548101251,174.31250534057617,1.4254768,1.2209198479211218,-4.39632589079972,107869.0390625,4.833859808056828,2460808.0282594212
2460808.0317068873,1.0066623284949003,0.001940255731739099,174.77748641967773,1.4261148,1.0937409021148083,-5.103487492446477,107869.0390625,5.228274747437646,2460808.028438646
2460808.0318847774,1.007749958880524,0.0019392215642761688,175.4089141845703,1.4267576,0.9726472196486187,-4.89870139383258,107869.0390625,5.366157220353057,2460808.028616539
2460808.0320627377,1.0077568276794258,0.0019447372554152636,176.32507400512696,1.4274007,0.5213030428285493,-5.064076403520561,107869.0390625,5.191752212477175,2460808.0287945024
2460808.0322408015,1.006302027707973,0.0019540435101862113,176.6813117980957,1.4280411,1.155641570066143,-5.672725854425903,107869.0390625,4.493524662455709,2460808.0289725694
2460808.0324188313,1.0088245750881424,0.001936188819706342,176.87613906860352,1.428681,2.494515056446566,-4.693539255151205,107869.0390625,5.577028658284666,2460808.029150602
2460808.0326004596,1.0070336837694716,0.0019392387046039746,176.0867889404297,1.4293232,-0.11645829523723783,-5.360837767247106,107869.0390625,5.164884339069428,2460808.0293322336
2460808.03277835,1.006860512484103,0.0019303995658665626,175.646484375,1.4299742,0.748863808658884,-4.416698976852501,107869.0390625,5.604838166760254,2460808.0295101274
2460808.032956391,1.0118988213528806,0.0019468339326666013,175.67978286743164,1.430608,0.18152846537231215,-4.596955574102439,107869.0390625,5.014619776841533,2460808.029688171
2460808.03313464,1.0074164638554464,0.0019510241842613087,176.57202529907227,1.4312559,0.6499575730614926,-4.842697595719901,107869.0390625,4.598236070417286,2460808.0298664235
2460808.033312531,1.0086798485346078,0.001945912492061391,177.67365570068358,1.4319017,1.9693522696535206,-5.756559127810439,107869.0390625,4.8499663281604635,2460808.0300443172
2460808.033490479,1.0078990998531356,0.0019346615568693706,178.5248031616211,1.4325579,0.6890925401758727,-5.074078751293497,107869.0390625,5.36833144808992,2460808.0302222683
2460808.033668416,1.0060209295536664,0.001933573003160028,178.7724754333496,1.4331861,2.056889261526409,-5.583312332120492,107869.0390625,5.512529594762785,2460808.030400208
2460808.0338464337,1.0121192798092713,0.0019158489613023987,179.79715728759766,1.4338412,1.3152398341535974,-5.029479351836765,107869.0390625,6.604795076626693,2460808.030578229
2460808.0340243247,1.0102046735110852,0.0019192448709396842,177.1536605834961,1.4344962,1.636787845861137,-4.930508514358513,107869.0390625,5.976007489638727,2460808.030756123
2460808.0342023536,1.00648609588501,0.0019451186526825972,180.84157638549806,1.4351445,0.48101700863581887,-4.551481197149794,107869.0390625,4.795434299868853,2460808.030934155
2460808.0343811237,1.0104657514166624,0.0019283325375382646,172.6301467895508,1.435791,1.3567396797144222,-5.163661305698182,107869.0390625,5.637192216318937,2460808.0311129284
2460808.034558401,1.01147375875923,0.0019505568748144817,171.800537109375,1.4364491,0.7333117139851265,-4.660677959879631,107869.0390625,4.518102976781909,2460808.0312902085
2460808.034736488,1.0047805678619575,0.0019545594230284684,181.86481552124025,1.4371111,1.1255025538552663,-4.8747136608687205,107869.0390625,4.367515014276973,2460808.0314682988
2460808.0349148763,1.005136520577385,0.0019478876592236884,181.85971603393554,1.4377728,0.6153932793051291,-5.170863813020413,107869.0390625,5.0280567408057895,2460808.03164669
2460808.035092489,1.0079608719689608,0.001948993642293329,168.84514617919922,1.4384248,0.8219139828244931,-4.8306748890419335,107869.0390625,4.817125953301371,2460808.0318243057
2460808.0352709466,1.0093877415380135,0.001946698993899365,167.51707229614257,1.4390795,2.309889583594428,-4.729652617283908,107869.0390625,4.421675877184181,2460808.032002766
2460808.0354490797,1.0064419335974912,0.0019487079629667235,172.92517852783203,1.4397457,1.3581941919600857,-5.0367082232129246,107869.0390625,4.832870076137549,2460808.0321809025
2460808.0356266233,1.0065135784086923,0.001957978022087991,173.11346664428712,1.4404099,-0.873416311238036,-3.4416870481749817,107869.0390625,4.410027111544198,2460808.032358449
2460808.0358057753,1.0080685898280708,0.0019605451774340654,173.86331024169922,1.4410747,0.6239620634745241,-3.365348170681926,107869.0390625,3.787384519796291,2460808.032537604
2460808.0359839085,1.0115923013139776,0.0019556204673540746,176.11549606323243,1.4417323,1.202431614867537,-5.410577964037718,107869.0390625,4.236885997763421,2460808.0327157406
2460808.0361617645,1.0097401863637143,0.001957804415889167,173.7295799255371,1.442391,-0.037460864295728896,-3.3532240772233766,107869.0390625,4.1888909952585625,2460808.0328935995
2460808.03633984,1.0071021026825124,0.0019580752835655344,171.3761428833008,1.443064,0.4754145032371347,-3.511295193290753,107869.0390625,4.220560351487743,2460808.033071678
2460808.0365180084,1.0103821544495,0.0019451705364760302,172.2237808227539,1.4437257,0.4334167383751725,-5.0961334012673545,107869.0390625,5.439224550377374,2460808.0332498495
2460808.036695899,1.0094864841498203,0.0019540897869040103,171.2377052307129,1.4443944,1.791832399823216,-5.394687148833202,107869.0390625,4.2817218380450335,2460808.0334277432
2460808.036873766,1.0096774904261874,0.0019420230673998463,179.85754776000977,1.4450743,1.6992509844286596,-6.071896371322351,107869.0390625,5.288725915410909,2460808.0336056133
2460808.037051819,1.004941976336641,0.001959661740267631,180.97893295288085,1.4457333,-0.13426641725918628,-5.1185199454040795,107869.0390625,4.416601347009893,2460808.033783669
2460808.0372298947,1.0065954175345475,0.001961352113077345,171.58272018432618,1.4463985,-0.1972733375218161,-3.0720592823820514,107869.0390625,3.733777536140866,2460808.033961748
2460808.0374078774,1.0104686310248432,0.00195335825242344,169.62120208740234,1.4470844,2.6137794459483645,-5.214630764829085,107869.0390625,4.377584340846952,2460808.0341397338
2460808.037586184,1.0075121133894565,0.0019427326859446572,171.62799377441405,1.4477539,1.4568519019885304,-4.507911719412694,107869.0390625,5.329427010410018,2460808.034318044
2460808.037763925,1.0083278138640952,0.0019560144925818324,174.1232437133789,1.448425,0.9139898658648593,-5.846857919029816,107869.0390625,4.261712989982202,2460808.034495787
2460808.0379423127,1.0093639954327456,0.001948491185090838,174.59961318969727,1.4491,0.6705405444224818,-5.449178087535078,107869.0390625,4.765059546013136,2460808.0346741783
2460808.0381668573,1.0091752459301548,0.0019311278386546307,176.66473312377929,1.4499684,1.0273520083426106,-5.323531366140625,107869.0390625,5.597064890469663,2460808.0348987267
2460808.038345072,1.0096553310871275,0.0019394853487447296,178.45897827148437,1.4506532,1.022676184440514,-4.093626420569263,107869.0390625,5.407262078316458,2460808.0350769446
