BJD_TDB,Flux,Flux_Err,Bkg(ADU),Airmass,Dx(pix),Dy(pix),Peak(ADU),FWHM(pix),GJD_UTC
2460807.849803729,0.9913780805571524,0.0024837526079063478,111.26456756591797,1.2194161,-0.0796859542366606,-0.5755280676086578,111057.4296875,4.091877667969962,2460807.8465324305
2460807.8499102434,0.9965043015995039,0.002494576764259384,109.07690238952637,1.2193221,0.44449001520007825,1.258346777250478,111057.4296875,3.5051372019632416,2460807.846638947
2460807.8500227877,0.9900669569071543,0.0024997254261731375,108.74215927124024,1.2192215,-0.5417282515445405,-0.5526687604257647,111057.4296875,3.382624053682642,2460807.846751493
2460807.8501293715,0.9949446065261831,0.0024999857252139494,108.67550392150879,1.2191272,-0.9815343001645813,0.05633795579324428,111057.4296875,3.5571773051286986,2460807.8468580786
2460807.850235944,0.9966354506887521,0.002482612817747134,108.7805679321289,1.2190346,0.3611220967435601,-0.419043235649273,111057.4296875,3.9916928962106275,2460807.8469646527
2460807.8503426323,0.99461397981967,0.002478977166927588,108.38211708068847,1.2189424,1.0731357911965504,-1.8482368105323108,111057.4296875,4.557049018706187,2460807.8470713426
2460807.8504492505,0.9939419626403503,0.002495008131164929,107.65283737182617,1.2188473,-0.44160460041936356,1.192000871882253,111057.4296875,3.330651034369939,2460807.847177963
2460807.850556876,0.9940131075169483,0.0024969838187591954,106.8743335723877,1.2187523,-0.3155083551997495,-0.4204066284446519,111057.4296875,3.496634929439709,2460807.84728559
2460807.850665879,0.993972298720104,0.0024932785127541024,106.12029266357422,1.2186602,-0.08864815588406358,-0.01215126740696867,111057.4296875,3.582103138283368,2460807.847394595
2460807.8507723706,0.988782077406546,0.002500396310710531,105.35213775634766,1.2185685,-0.16220820716278173,0.48147623717336124,111057.4296875,3.1831187017424,2460807.847501088
2460807.8508826233,0.9933056559440966,0.002507528148916955,104.6299949645996,1.2184741,-0.007206370220328258,-0.03411229612763548,111057.4296875,3.4757030974197183,2460807.8476113426
2460807.8509891494,0.9956132961184242,0.0024898740030641054,104.20747108459473,1.21838,-0.17734557533219128,0.21016525273106065,111057.4296875,3.8072284151132,2460807.8477178705
2460807.8510956983,0.9945544956314281,0.002479005713480281,103.86895751953125,1.2182897,0.11763905370980311,1.0131171876723413,111057.4296875,3.9075020336696644,2460807.8478244212
2460807.851202363,0.9944332669077204,0.002483149513767894,103.20329246520996,1.2181995,0.7473427829289444,-0.7595179566685114,111057.4296875,3.716792394981816,2460807.847931088
2460807.8513088897,0.9991643201356372,0.002488357611829462,102.70063400268555,1.2181062,0.3011041449772927,0.4817391702107291,111057.4296875,3.6422088172695757,2460807.848037616
2460807.8514154963,0.9935845934535247,0.0024828510715225404,102.11709060668946,1.218016,1.1986028011633796,-0.5926126045559253,111057.4296875,3.5959003280595603,2460807.8481442244
2460807.851522115,0.9945443636341451,0.002476306978175076,101.81808357238769,1.2179265,0.6699477417033379,1.3381002730997182,111057.4296875,4.052389172487119,2460807.848250845
2460807.851628699,0.99872347571113,0.002483524847378723,101.12329483032227,1.217834,0.32991438164534537,-0.9232014001394386,111057.4296875,3.7855771548631125,2460807.8483574307
2460807.8517367183,0.9963236663918271,0.002477841684296452,100.968212890625,1.2177437,0.9659104960948706,-0.9462133230283293,111057.4296875,3.8199147313506976,2460807.8484654515
2460807.851843117,0.9947673780589611,0.0024804450545674885,100.35243301391601,1.2176536,0.6354551090754391,0.40369069732411406,111057.4296875,3.9871971434803584,2460807.848571852
2460807.8519497355,0.9991838114070072,0.002485251475193401,99.72422523498535,1.2175643,1.1696725303393916,-1.5719547531202287,111057.4296875,3.903068741506834,2460807.8486784725
2460807.8520563077,0.9950717627226536,0.002481954574028591,99.33867645263672,1.2174765,0.19656859222889164,1.4799616110406435,111057.4296875,3.6837669303204748,2460807.8487850465
2460807.8521629265,0.9931040855188079,0.002482808340622054,99.30537910461426,1.2173866,-0.6472895903727678,0.11961003646495678,111057.4296875,3.788042658219769,2460807.8488916666
2460807.8522714083,0.9947933241272634,0.002480868798295495,98.70414505004882,1.2172954,0.24883579722549506,1.135966104012164,111057.4296875,3.8467999141616827,2460807.8490001503
2460807.852380909,0.9967120449804014,0.0025094893099073695,98.47024345397949,1.2172039,1.10471803718084,-0.2419512092866134,111057.4296875,2.8553253169330426,2460807.849109653
2460807.8524877126,0.9954306350665685,0.0025079919373192663,98.06690940856933,1.2171157,-0.48676566788649367,0.281133965800195,111057.4296875,3.017962953910168,2460807.8492164584
2460807.85259447,0.9920230438664768,0.002503588233642034,97.68853225708008,1.2170282,-0.3074102043251316,-0.601597482144936,111057.4296875,3.0869725334972187,2460807.8493232178
2460807.8527008225,0.99305253696904,0.0025003618311113572,97.2166316986084,1.2169387,0.8985331603126033,-0.34123764606168844,111057.4296875,3.294984405872226,2460807.8494295715
2460807.8528074874,0.9910799354484632,0.0025014326665842948,96.98518180847168,1.2168553,0.6293769514885963,1.502542815358586,111057.4296875,3.0081945539087327,2460807.8495362382
2460807.8529144763,0.9947889820738754,0.0025056251017818018,96.80610389709473,1.2167653,-0.2952345369713934,0.8357473967712001,111057.4296875,3.1736533945054552,2460807.849643229
2460807.8530218243,0.9936592005759178,0.0025065616565056095,96.44383277893067,1.2166761,0.10426306194642268,0.8355182794047576,111057.4296875,3.2276276253774534,2460807.849750579
2460807.853130688,0.9902033863833147,0.0025021803399420963,96.1700496673584,1.2165872,0.04304279423267458,0.8862103759570972,111057.4296875,2.808798614087867,2460807.8498594444
2460807.853237249,0.9946422081703893,0.002488303276015875,96.09306335449219,1.2165018,0.954703301780224,-1.5741042228001083,111057.4296875,3.9080035827081865,2460807.849966007
2460807.853343983,0.9970450314628749,0.0025042618106408013,95.65257911682129,1.2164159,0.12424361688472008,1.0685395219842082,111057.4296875,3.1087677870786736,2460807.850072743
2460807.8534937724,0.992311042757666,0.002508180817907347,95.36458206176758,1.2162926,-0.40681558220992886,1.3711841379325724,111057.4296875,2.7591329740130055,2460807.8502225345
2460807.8536004145,0.9912359089433184,0.002508668317905328,95.28023147583008,1.2162108,0.3800665296555511,0.41972778350700957,111057.4296875,2.88785313574765,2460807.8503291784
2460807.8537070327,0.992465517283306,0.002507346615890376,95.35068397521972,1.2161235,0.34277040789989044,0.3176571684037899,111057.4296875,2.8199983920607403,2460807.8504357985
2460807.853813663,0.990360029470237,0.002502367976041542,95.06238899230956,1.2160379,1.3040493636092925,0.9639160335757765,111057.4296875,2.956250995656156,2460807.8505424308
2460807.85392145,0.9951726164178145,0.0024964303135954456,94.81610145568848,1.2159531,0.09170646452384436,0.5528609465639911,111057.4296875,3.460835769611854,2460807.8506502197
2460807.8540280117,0.9944771246937003,0.0025038467310788083,94.64745483398437,1.2158672,0.9724174612997801,0.33393659695553984,111057.4296875,2.9261736103326403,2460807.8507567826
2460807.85413463,0.9952575235089948,0.0025058165693571804,94.49121894836426,1.2157817,0.13534005156144607,0.7446132685164222,111057.4296875,2.961608280903338,2460807.8508634027
2460807.8542411793,0.9984324288181229,0.0025078106865957196,94.1012638092041,1.2156998,0.1378432882089098,0.8585184823771514,111057.4296875,2.8547715737489714,2460807.850969954
2460807.854347809,0.9936210686353064,0.002499783553889069,94.0561019897461,1.215615,-0.25592035629422033,0.8212756380959568,111057.4296875,3.0735979181909157,2460807.8510765857
2460807.8544543358,0.9930637569908267,0.0025046312451774146,93.75590476989746,1.215532,-0.042142207678327735,0.2976505249571607,111057.4296875,3.040906242284245,2460807.8511831136
2460807.854561012,0.9948247536385156,0.002501868699900193,93.54292221069336,1.2154459,0.003251177615140673,0.02851997315016117,111057.4296875,3.1654651917550916,2460807.8512897915
2460807.854667584,0.9939857960838419,0.0025022513466937857,93.19928169250488,1.2153665,-0.06660218255872351,0.9266473509684982,111057.4296875,2.9572602455677286,2460807.8513963656
2460807.8547742604,0.9887673117435454,0.002496122470720635,92.8824535369873,1.2152819,1.1721496564911316,0.6601837176952702,111057.4296875,3.2186243184025813,2460807.851503044
2460807.8548807637,0.9889839969486518,0.002492429383726669,92.96645774841309,1.2151975,-0.38997849326676365,0.03558643189795796,111057.4296875,3.602710202362801,2460807.8516095486
2460807.8549873824,0.9904749316152297,0.0025018068363992655,93.02308006286621,1.2151158,0.3468006431993437,0.7004676675035317,111057.4296875,3.3694350660752623,2460807.851716169
2460807.8550940007,0.992498181188097,0.0025053370483415875,93.30292167663575,1.2150345,0.3991088898841683,1.5317703298853105,111057.4296875,3.036086810366084,2460807.8518227893
2460807.8552004225,0.9926381176559302,0.002502659355938752,92.75938529968262,1.2149504,0.6836242348427816,0.3028189382229432,111057.4296875,3.0822800866491145,2460807.851929213
2460807.855346809,0.9950843280241966,0.0025026258947489603,92.92266082763672,1.2148403,0.5088195276404579,0.6059384687017466,111057.4296875,2.9129151215088633,2460807.852075602
2460807.8554535895,0.9913992014311122,0.002502646130185912,92.7368782043457,1.214759,-0.042769648101320376,0.19966968934755358,111057.4296875,3.0856414966038526,2460807.852182384
2460807.8555599656,0.9932054966096616,0.0025022859259001095,92.68521041870117,1.2146776,0.8887881547736004,0.6789820707885138,111057.4296875,2.8496664024601324,2460807.8522887616
2460807.8556665494,0.9951433386863087,0.0025009442945227076,92.5738739013672,1.2145965,0.6458634786465949,0.96883335939384,111057.4296875,3.0067050553526693,2460807.8523953473
2460807.8557732836,0.9931534333015546,0.0024859198579204817,92.56870880126954,1.2145141,-0.005179775711931568,-0.19044952867654805,111057.4296875,3.4919714151715486,2460807.8525020834
2460807.855880967,0.9923046304025583,0.0024695688054339,92.5041114807129,1.2144319,0.41055727917228757,1.1860729314287732,111057.4296875,3.8325546257833047,2460807.8526097685
2460807.855987597,0.9915440846512441,0.0024738188712273798,92.43775062561035,1.2143551,1.5124255343589281,-0.6525028433532952,111057.4296875,3.7597944136753374,2460807.8527164003
2460807.856096531,0.9905370084115089,0.0024663171987358277,92.464115524292,1.2142729,1.4946766064775767,-0.34112870345318425,111057.4296875,4.211307477329147,2460807.8528253357
2460807.856203184,0.9923820768116367,0.0024881336336748053,92.28670120239258,1.2141911,0.6549464714294296,0.8613403176408196,111057.4296875,3.548822261331619,2460807.8529319908
2460807.8563096174,0.9924694642810595,0.002482230808172868,92.21383018493653,1.2141123,0.5072344261345002,0.8122063018435254,111057.4296875,3.939720034674007,2460807.853038426
2460807.85641737,0.9957898610763243,0.0024700322488900657,92.07815475463867,1.214034,1.3834307061493047,-0.780923690432781,111057.4296875,3.824853024546512,2460807.8531461805
2460807.856523989,0.9912978739843703,0.0024707438189281367,91.99090957641602,1.2139529,0.3758276831325857,-0.30634121002866327,111057.4296875,4.038855289208337,2460807.853252801
2460807.856630573,0.9943863489276014,0.0024693265130895977,91.58358421325684,1.2138738,0.07547429924132858,0.7624512322689085,111057.4296875,4.655555685539813,2460807.853359387
2460807.8567370987,0.9912943479988067,0.002465214488295196,91.51502571105956,1.2137946,2.234458364172052,-0.7377050989146572,111057.4296875,3.8391895605472453,2460807.8534659143
2460807.8568436825,0.9936119331082691,0.0024824141115431506,91.94723930358887,1.2137189,0.7998709376445748,0.3032817076141346,111057.4296875,3.270904370160438,2460807.8535725
2460807.8569515743,0.9934275633584732,0.0024692117398594352,91.72913818359375,1.2136387,-0.14041026413089877,0.3279119788373527,111057.4296875,3.981896345044827,2460807.8536803937
2460807.8570581814,0.9951166658316344,0.0024735914464780557,91.41795196533204,1.213561,0.5795791955299564,-0.4145514231027596,111057.4296875,3.654449200919898,2460807.853787002
2460807.8571646614,0.9947392677007991,0.0024878954891562922,91.3961799621582,1.2134828,0.5111432074931662,-0.3550984742892975,111057.4296875,3.106292419460825,2460807.853893484
2460807.8572713146,0.9928586518287217,0.002456985524092816,91.20067024230957,1.2134059,1.767321284968935,0.46808946150393343,111057.4296875,4.160787397845478,2460807.854000139
2460807.8573778286,0.9922531972425496,0.002451887909846312,91.21238212585449,1.2133307,0.6687180363992931,-0.6771863747640257,111057.4296875,4.5940272399106705,2460807.854106655
2460807.8574844827,0.9891969397262951,0.0024751089713433098,90.9710792541504,1.2132522,0.9911141923493346,1.1289193251136302,111057.4296875,3.719307474247838,2460807.8542133104
2460807.8575910083,0.9965840025350325,0.0024697968530797564,90.86985206604004,1.2131736,1.2396256088118405,-1.4768004345875796,111057.4296875,3.921197372409682,2460807.854319838
2460807.8576975577,0.9911735676138258,0.002452093768379732,90.88093070983886,1.2131014,0.7595207050675779,-0.3630488525477031,111057.4296875,4.380663771645783,2460807.854426389
2460807.857804303,0.9948967568391203,0.0024648891140686036,90.44345474243164,1.2130236,1.2978783692430456,-1.27863770591644,111057.4296875,3.6256327920841107,2460807.8545331364
2460807.8579108175,0.9890168914529706,0.0024521178346289577,90.43903121948242,1.2129455,1.264623644312716,0.11727188235368771,111057.4296875,4.065324898506292,2460807.8546396527
2460807.8580173673,0.9912795156489322,0.0024808243003285233,90.24351119995117,1.2128732,0.6793681857676402,-0.6819532102413474,111057.4296875,3.335317971940803,2460807.854746204
2460807.858123847,0.9913985765726555,0.0024853686546427722,90.15165557861329,1.2127962,0.8063795522748226,0.8453046403936598,111057.4296875,3.2219243754050746,2460807.8548526852
2460807.8582304423,0.992559007176013,0.0024773870293952733,90.1533031463623,1.2127197,0.8728799172620026,0.812101831448081,111057.4296875,3.5318085091347475,2460807.8549592826
2460807.858337084,0.9925912855719378,0.002472919257438905,90.17863616943359,1.2126483,1.0154641311345163,-0.8178580698530047,111057.4296875,3.5346850309200204,2460807.855065926
2460807.8584436565,0.9909549249295159,0.0024665491960674042,89.93613090515137,1.2125709,0.7433692546939298,0.5222125056118163,111057.4296875,3.9409799050460514,2460807.8551725
2460807.858550252,0.9924218370902761,0.002464698100172645,89.83442497253418,1.2124951,0.30267777116076033,-0.5407648057487806,111057.4296875,4.072554629577741,2460807.8552790973
2460807.858656789,0.9956869647568983,0.0024965850087674203,89.66652221679688,1.2124245,0.3814845546043346,1.534724743795491,111057.4296875,2.9792436259143154,2460807.8553856364
2460807.858763454,0.9923197183710367,0.0024714368485162183,89.67707176208496,1.2123488,0.28771447121218324,0.9847494818845755,111057.4296875,3.6810525160569116,2460807.855492303
2460807.858871068,0.9946245422760036,0.002482535851677355,89.67173461914062,1.2122746,1.4288253802991384,-0.8132726906472013,111057.4296875,3.473485572066132,2460807.855599919
2460807.858977664,0.99382940228574,0.0024996468023937937,89.47505264282226,1.2122012,0.7627352838199382,0.5061108655598053,111057.4296875,2.7881496305972497,2460807.855706516
2460807.859084097,0.9937333831626857,0.0025012340242361966,89.31325836181641,1.2121284,-0.22392125490550183,0.6535963929956827,111057.4296875,2.707642893103099,2460807.8558129515
2460807.859190681,0.9923927623364425,0.002499618595384564,89.34005279541016,1.2120556,1.3532193440139648,0.616272265771867,111057.4296875,2.9825143035296664,2460807.855919537
2460807.8592974846,0.993040145901198,0.002501199714276188,89.19169158935547,1.2119828,0.5213850959794796,-0.274247924837991,111057.4296875,3.053373992055324,2460807.8560263426
2460807.859405226,0.9960860081177837,0.0025035573506653275,89.0859992980957,1.2119101,0.5637803149691332,0.10732528527738205,111057.4296875,2.780163904373771,2460807.8561340855
2460807.859512921,0.993557147601022,0.002500795972852918,88.93463401794433,1.211838,-0.3516838319548156,0.7231679075398612,111057.4296875,2.612918986961503,2460807.856241782
2460807.859619366,0.9947233122881489,0.0025007171785736506,89.05071182250977,1.2117644,0.8246646516518601,0.20652260739914002,111057.4296875,2.9984481595116947,2460807.856348229
2460807.8597259037,0.9955959869434052,0.002500102586483171,89.07800903320313,1.2116932,1.1762389938812086,-0.03602738404194762,111057.4296875,2.835814005945362,2460807.8564547687
2460807.8598326724,0.996947460812094,0.0025023645149145446,88.91660919189454,1.2116204,0.013062964723664923,0.12389063994362318,111057.4296875,2.6945355275206464,2460807.856561539
2460807.8599402173,0.9933590275046419,0.0024979022900566065,89.01039276123046,1.2115495,1.2874497014786617,0.3864777680743706,111057.4296875,3.0607385215355793,2460807.8566690856
2460807.8600467895,0.9986057049871604,0.002496841490114409,89.25422897338868,1.2114782,0.539308186300289,0.27471760438230364,111057.4296875,3.1428324130393817,2460807.8567756596
2460807.8601534083,0.9948350832738387,0.002497395042743167,89.1024356842041,1.2114077,0.46456534608133304,-0.40231237966607525,111057.4296875,2.999378241873511,2460807.85688228
2460807.860259969,0.9923621041628965,0.002491732006850015,88.8854808807373,1.2113375,0.7870783055142075,0.1362618540949835,111057.4296875,3.2356175732651327,2460807.8569888426
2460807.8603665647,0.9895433147267049,0.002485591372314766,88.78907318115235,1.2112653,0.9402088462279287,-0.9567513252278856,111057.4296875,3.572986214323917,2460807.85709544
2460807.86047316,0.9896772432797535,0.002493256375493824,88.76403846740723,1.2111986,0.021230330982914002,0.1101365058479018,111057.4296875,3.38586301920876,2460807.8572020372
2460807.8605796164,0.9941617915562381,0.002497377279857022,88.57557945251465,1.2111275,0.14905382624319993,0.25822371169577857,111057.4296875,2.9155811096912183,2460807.8573084953
2460807.860686235,0.995764297510441,0.0024969158366800626,88.67815208435059,1.2110566,0.5438446799053255,0.5827712034728197,111057.4296875,3.1084276608590304,2460807.857415116
2460807.8607928767,0.996071059840073,0.002501899918448938,88.57143211364746,1.2109882,0.4369108942461494,0.6002269752533266,111057.4296875,2.682207487009289,2460807.8575217593
2460807.860899461,0.9895365473774702,0.002493300977000089,88.72218627929688,1.2109201,0.20078261483074777,-0.12816028035848412,111057.4296875,3.4013362232561057,2460807.857628345
2460807.8610061374,0.9927743890140129,0.002490785473543684,88.7106101989746,1.2108499,0.7453443888035834,-0.638240941542312,111057.4296875,3.3283759124286303,2460807.8577350234
2460807.8611125476,0.9960142285579727,0.0024976990256368285,88.72152328491211,1.2107802,0.8501863752517216,0.7772745826135522,111057.4296875,3.2636355825534817,2460807.8578414354
2460807.861248332,0.9960055969532567,0.002499971276781938,88.68140296936035,1.2106958,0.5356765842184752,-0.4965481666606341,111057.4296875,2.907830027863472,2460807.857977222
2460807.8613549857,0.9911238849677018,0.0024893413874375867,88.8197998046875,1.2106257,0.39485288018352105,-0.23396788259546583,111057.4296875,3.3398001313912027,2460807.8580838772
2460807.861461535,0.9959235271619854,0.0024889336429736795,88.6395107269287,1.2105603,1.0641302287155572,-0.5837979184285195,111057.4296875,3.403802510957527,2460807.8581904285
2460807.861568049,0.9960099308183099,0.0024967952413367505,88.45080490112305,1.2104908,0.06633938517083252,1.1490452712032915,111057.4296875,3.1020296460013883,2460807.8582969443
2460807.861674552,0.9946789224185747,0.002496322573933121,88.4243667602539,1.2104247,0.7013093195755195,-0.6727433231572532,111057.4296875,3.3297312216890473,2460807.858403449
2460807.861781229,0.992757623365743,0.002492433873057776,88.41350555419922,1.2103583,0.3244463444574778,0.2572808631883288,111057.4296875,3.466640455151195,2460807.8585101273
2460807.8618880557,0.9929124646117466,0.002498162367165318,88.5305793762207,1.2102923,0.5195223597615325,0.9450899404645856,111057.4296875,3.0247510857610105,2460807.858616956
2460807.8619954265,0.9954922154472162,0.0024953933313802794,88.4991668701172,1.2102229,-0.3712075236357138,-0.7442808563796017,111057.4296875,3.180134658027185,2460807.8587243287
2460807.862102045,0.9904797389114751,0.002490429720281045,88.7415885925293,1.2101589,0.3645429665901129,0.2202764310144693,111057.4296875,3.2780503290924887,2460807.8588309493
2460807.8622086286,0.9972451698717372,0.002489152263143208,88.57880401611328,1.2100917,1.264069322369121,-0.026357224027684648,111057.4296875,3.340700378551956,2460807.8589375345
2460807.8623167407,0.993480972348163,0.0024933498090473653,88.65409545898437,1.2100242,0.27005271603380276,-0.03175370119784174,111057.4296875,3.111874260042395,2460807.859045648
2460807.862425408,0.9975516837879845,0.0024810311549568567,88.93581123352051,1.2099562,1.1286620963273641,-1.2656792905330165,111057.4296875,3.6436869819110633,2460807.859154317
2460807.86253198,0.9932688704351467,0.0024650359533262968,88.98892135620117,1.2098936,1.3512027017145596,-0.3717917883261666,111057.4296875,4.2261714675880295,2460807.859260891
2460807.8626385177,0.9952694505492141,0.0024725703611072855,88.88665161132812,1.2098268,0.8321230936448789,-0.8226750882408296,111057.4296875,4.2148214157894435,2460807.8593674307
2460807.86274509,0.992994529202254,0.002466390196893475,88.82119407653809,1.2097606,0.7964220658636089,0.6925072067437872,111057.4296875,3.5358713727582214,2460807.8594740047
2460807.8628529124,1.0014846143791436,0.002467735617416541,88.94731826782227,1.2096969,1.3593337170896298,-1.8702918621951021,111057.4296875,4.331240906105819,2460807.8595818286
2460807.8629593807,0.9948701900285742,0.002450161957715843,89.07192611694336,1.2096332,1.4888174006277946,-2.0548378517003347,111057.4296875,4.478073673643998,2460807.859688299
2460807.8630660456,0.9955859185962638,0.0024625696535577634,89.13686027526856,1.2095676,1.5375684537980123,0.16322599244494868,111057.4296875,4.1789473132894095,2460807.8597949655
2460807.86317249,0.9963332797707983,0.002452175220449759,89.04011840820313,1.2095047,1.712576483144129,-1.0985055021832366,111057.4296875,4.853993378094049,2460807.859901412
2460807.863279074,0.9955084997237423,0.002454143419942521,89.21454010009765,1.209442,1.0225556611665898,-1.201699155234072,111057.4296875,4.961099748548862,2460807.8600079976
2460807.86338567,0.9956654278871896,0.0024641881826667467,89.24447441101074,1.2093773,0.8098439010857115,-1.0886643145483692,111057.4296875,4.348920386963247,2460807.860114595
2460807.8634923114,0.994606197652321,0.002463790682859902,89.21300582885742,1.2093161,1.3267564888562433,-2.5426874374397546,111057.4296875,4.00655830210395,2460807.8602212383
2460807.863601187,0.9905194151794375,0.002456567405120677,89.33542747497559,1.209251,1.4714051631737044,-1.9428338225242519,111057.4296875,4.769011185677897,2460807.8603301155
2460807.863707713,0.995368840134274,0.002471678667003528,89.39836769104004,1.2091871,1.2559180511106591,-0.6377640765253118,111057.4296875,4.514858541565711,2460807.8604366435
2460807.863814436,0.9935048805701426,0.0024545497376400756,89.52066345214844,1.2091249,1.486458008740197,-0.7488472910481173,111057.4296875,4.388070338369867,2460807.860543368
2460807.863921008,0.9899723909461218,0.0024577440208251905,89.37857704162597,1.2090636,1.2476907546720553,-0.4821963429012611,111057.4296875,4.290789189707371,2460807.860649942
2460807.864027546,0.994260321068605,0.002483951846588108,89.07070884704589,1.2090012,0.23828376817065317,0.02399710947253486,111057.4296875,3.862779744119628,2460807.8607564815
2460807.8641341873,0.9940450232079329,0.0024716692019798765,89.0724006652832,1.2089395,2.141064641692088,-0.30169703530196706,111057.4296875,4.117561341817854,2460807.860863125
2460807.8642405747,0.9951244682876652,0.0024703750909653888,88.99334983825683,1.2088762,2.097951297801977,-0.8463433874400089,111057.4296875,4.000366433469096,2460807.860969514
2460807.86434717,0.9952610455715338,0.0024745989107485926,88.89885559082032,1.2088176,0.9100751879892973,-0.42616786594633327,111057.4296875,3.5676402326261267,2460807.861076111
2460807.8644538466,0.9919900154076176,0.0024678004619087114,88.51129531860352,1.2087543,-0.01899880598345347,0.22076839185163358,111057.4296875,3.5744560932108818,2460807.8611827893
2460807.86456028,0.9947829005389056,0.0024761283600523262,88.4437026977539,1.208696,0.7952393786621411,-0.8438970999204399,111057.4296875,3.8581911042852925,2460807.8612892246
2460807.86466691,0.9957496943875969,0.002470407492663581,88.60558776855468,1.2086345,1.2886597220840696,-1.768452045461097,111057.4296875,3.806294247820571,2460807.8613958564
2460807.8647735175,0.9966946018762685,0.0024554785728089588,88.78924179077148,1.2085727,1.262981102694542,-0.5420826325714531,111057.4296875,4.423503478194795,2460807.8615024653
2460807.8648800086,0.992372208600652,0.0024672475295421724,88.74101104736329,1.2085155,1.3815750681279446,-0.9604999921733409,111057.4296875,3.9219985220198694,2460807.8616089583
2460807.864986569,0.9942601628219138,0.0024883344735618564,88.63374404907226,1.2084541,0.7108643902553546,0.7233231776237555,111057.4296875,3.0896027661806604,2460807.8617155207
2460807.865093188,0.9957298742043134,0.002470539325660166,89.02036170959472,1.2083949,0.6992850917723442,-1.7131439954904366,111057.4296875,3.948062111384126,2460807.8618221413
2460807.865199563,0.995469926686615,0.0024815614909101257,88.84476814270019,1.2083359,0.6523889829219834,0.22433540984091643,111057.4296875,3.431891188156249,2460807.8619285184
2460807.8653095616,0.9904580077307371,0.002468441052499715,88.9891918182373,1.2082752,0.4377856013126512,0.5874867216802544,111057.4296875,3.8028226590626946,2460807.8620385183
2460807.8654162036,0.9963525357212996,0.002448977179522281,89.04600372314454,1.2082152,0.5560251812311389,-0.6190086528153912,111057.4296875,4.926789482944386,2460807.862145162
2460807.8655229495,0.9924146024527128,0.0024863720067059406,88.69715309143066,1.2081575,1.3174159571617574,0.04999471367279371,111057.4296875,3.2686148842950984,2460807.86225191
2460807.8656292553,0.9956175197912822,0.0024980923841153285,88.63780288696289,1.2080997,0.8069697256297694,-0.0982116827870394,111057.4296875,2.8927904662436728,2460807.8623582176
2460807.86573592,0.9977489719007283,0.002494773173187809,88.67274971008301,1.2080399,0.35244947461848153,0.15625815806413523,111057.4296875,3.299691925430208,2460807.8624648843
2460807.8658424695,0.9946826408739637,0.002489261083729305,88.77137756347656,1.207985,0.8560178794079129,0.171004271208824,111057.4296875,3.489127009925054,2460807.862571435
2460807.8659491227,0.9976339214842014,0.0024974549717534525,88.85810012817383,1.2079256,0.7960565759385767,0.22042722114762178,111057.4296875,2.9327053661811857,2460807.86267809
2460807.866055718,0.9908692974220298,0.002495639649348313,88.76455841064453,1.2078699,0.8675239015927841,0.37644161833515083,111057.4296875,3.0361213787156793,2460807.8627846874
2460807.866162302,0.9954441131266409,0.0024976982605993854,88.8163906097412,1.2078114,0.7915150482771995,0.346258184704347,111057.4296875,3.1388231979645247,2460807.862891273
2460807.8662690367,0.9961844012103392,0.0024858005231920715,88.70883064270019,1.2077531,1.0632330043820573,-0.5913459517888577,111057.4296875,3.820120153832859,2460807.862998009
2460807.8663754584,0.9925754556359649,0.0024890748136552026,88.80967750549317,1.2076989,1.0514437495312048,0.09247367850869352,111057.4296875,3.4687784189395554,2460807.863104433
2460807.8664820306,0.9953567635644344,0.0024923347215453826,88.36979675292969,1.2076413,0.5364194124964793,-0.9117670384181403,111057.4296875,3.243118045028268,2460807.863211007
2460807.866588672,0.9931923714554602,0.0024952769509749453,88.4991008758545,1.2075838,0.9423376564400767,-0.357107758813465,111057.4296875,2.9098858658316167,2460807.8633176503
2460807.866695291,0.9939207556946464,0.002476560942237562,88.36650085449219,1.207529,1.4870152188770807,-0.2621978809371944,111057.4296875,4.9285435929814705,2460807.863424271
2460807.866804271,0.9919815656156123,0.0024817060926053645,88.33692855834961,1.2074707,0.41232259883517525,0.028134970582346583,111057.4296875,3.7155843435007885,2460807.8635332524
2460807.8669108776,0.9944071022527151,0.002488664504277583,88.01008186340331,1.2074173,0.4368685533560461,0.28314572461089,111057.4296875,3.271912668696008,2460807.863639861
2460807.867017427,0.9918668272483547,0.0024895477049447826,88.02889213562011,1.2073601,0.7738115609621246,-0.14592592552526498,111057.4296875,3.855946606833612,2460807.863746412
2460807.867124381,0.9956970329799022,0.002496519136453754,88.17131996154785,1.2073076,0.23381230818416926,0.1845039476127237,111057.4296875,2.978571747879672,2460807.863853368
2460807.867231833,0.9959578509744638,0.002474423443029974,87.93652381896973,1.2072519,0.9586810509995949,-0.7289740146856444,111057.4296875,4.196568257453388,2460807.8639608216
2460807.867338417,0.9938984892843356,0.0024821052495676123,87.90843200683594,1.2071961,1.1709412672026749,0.39962430722116216,111057.4296875,3.617144030690479,2460807.8640674073
2460807.8674450475,0.9936273272348353,0.0024879835900954352,87.6217113494873,1.2071425,0.5744830728112635,0.1383776368065939,111057.4296875,3.359552263855637,2460807.8641740396
2460807.867551631,0.9920492266653291,0.002481501028322798,87.83727912902832,1.207089,1.873904157658015,-2.009260479693381,111057.4296875,3.856832226748783,2460807.864280625
2460807.8676581685,0.9940450501079955,0.0024813225078618834,87.69685592651368,1.207034,0.23188017477884135,0.28509988923214674,111057.4296875,3.585152251329948,2460807.8643871644
2460807.86776488,1.0013450982792946,0.002493032176723613,87.76742820739746,1.2069827,1.206659237335453,1.119340881089361,111057.4296875,3.4956701977054676,2460807.864493877
2460807.8678715564,0.9917242774589968,0.0024933479356527427,87.4820613861084,1.2069283,0.8049738614037444,0.2247199575111429,111057.4296875,3.0252364710961634,2460807.8646005555
2460807.8679779205,0.9935547973836594,0.0024907579250777064,87.63615837097169,1.2068741,0.7413225361818214,0.40588494614907344,111057.4296875,3.432380898189424,2460807.8647069214
2460807.8680845504,0.9976813566947313,0.0024951193357949904,87.3711009979248,1.2068219,0.6537326278819374,0.11640477869553081,111057.4296875,3.3669346133990063,2460807.864813553
2460807.868191215,0.9916034825266739,0.0024864587667264588,87.38764915466308,1.20677,0.08467886701392499,-0.702345758463398,111057.4296875,3.3682959643399357,2460807.86492022
2460807.8682977534,0.9931799209586636,0.002474598222535478,87.49023208618163,1.2067164,1.4227587259604142,-0.9791232440458679,111057.4296875,3.8553913500283055,2460807.8650267594
2460807.8684043484,0.9944497071701798,0.0024799671032544723,87.37043991088868,1.2066634,0.433423882767335,0.774716117017136,111057.4296875,4.18680261784266,2460807.8651333563
2460807.868511187,0.9890892551064093,0.0024843147707686404,87.56806602478028,1.2066141,0.2960488897527381,-0.32661666472609574,111057.4296875,3.8863751406176976,2460807.8652401967
2460807.8686187197,0.9905659271877923,0.002475984246897717,87.68511810302735,1.2065614,1.2478863200329104,-0.6799202484154941,111057.4296875,3.561106393879996,2460807.8653477314
2460807.868725258,0.9972656640641783,0.0024953851685836,87.46417846679688,1.206509,0.29701080636303473,0.34802437907461486,111057.4296875,3.0512523873476045,2460807.865454271
2460807.8688318646,0.9919875962760341,0.002487749177776594,87.77668495178223,1.2064568,0.3892259382354779,-0.1951928740431552,111057.4296875,3.34681806539022,2460807.8655608795
2460807.868939571,0.993407031820581,0.002471731050681386,87.8425163269043,1.2064066,1.4594007750890776,0.4333287517995179,111057.4296875,3.932570925139373,2460807.865668588
2460807.869046097,0.9942222770618951,0.0024755630812788127,87.9176025390625,1.2063562,0.03755181479030708,-0.018461067708169465,111057.4296875,4.046625406228712,2460807.865775116
2460807.869152808,0.9926950431818995,0.00246910025901175,88.02686882019043,1.2063052,0.6586514878258481,-1.0859224162957493,111057.4296875,4.027165306682651,2460807.8658818286
2460807.869259485,0.998891328243335,0.0024857477253941405,87.8371467590332,1.206256,0.49261445279088933,-0.6335096037055545,111057.4296875,3.6512859869559313,2460807.865988507
2460807.869365988,0.9920884714273599,0.002459588656017218,87.93979072570801,1.2062073,1.2223798856092893,-1.0457920031692005,111057.4296875,4.1637373171577465,2460807.8660950116
2460807.869473463,0.9957607580655221,0.0024801842857981146,87.99441566467286,1.2061553,0.43211896562488594,0.8270917730102489,111057.4296875,3.9540402115294335,2460807.8662024885
2460807.869580498,0.9925731922344961,0.0024838836141325626,87.831294631958,1.2061071,1.806134565685536,-0.8082685089587731,111057.4296875,3.643027346991316,2460807.8663095254
2460807.8696870357,0.9950186727384102,0.0024782783401588846,88.31674842834472,1.206057,1.2539123670624244,-1.8473627037942886,111057.4296875,3.550328418378215,2460807.866416065
2460807.869793643,0.998987609762268,0.0024539030646235803,88.32690200805663,1.206007,1.4049738748569398,-0.04890277917088275,111057.4296875,4.552350609818763,2460807.8665226735
2460807.8699020552,0.9954168195785279,0.0024719147141423433,88.3945499420166,1.2059571,1.5812406464078486,-1.320549862439133,111057.4296875,3.663780130046258,2460807.866631088
2460807.87000916,0.993714921654524,0.0024684140935107395,88.31770248413086,1.2059112,0.3154570802383822,0.0703913654542222,111057.4296875,4.13790519208166,2460807.8667381946
2460807.8701156047,0.9926161678141971,0.0024724870502859358,88.261478805542,1.2058615,0.6191188595946325,0.2626299543990644,111057.4296875,3.942751606573509,2460807.866844641
2460807.870223323,0.9920395052720518,0.002481202580150252,88.41085968017578,1.2058123,0.3813108192325091,-0.013444420260374627,111057.4296875,3.4012343150410347,2460807.866952361
2460807.870329965,0.9947143523518058,0.0024749617314038606,88.30515098571777,1.2057648,0.8300843611477768,-0.052449056711264846,111057.4296875,3.855222549279933,2460807.8670590045
2460807.8704365026,0.9951116765134367,0.002472166992417579,88.21197357177735,1.2057175,0.8032356645296282,0.3260444257429838,111057.4296875,3.8688488065359965,2460807.867165544
2460807.8705437346,0.9933923958673548,0.0024560420351440217,88.15169181823731,1.2056688,0.6902996984638307,0.4289267401218333,111057.4296875,4.286506120024753,2460807.867272778
2460807.870650839,0.9939080401681222,0.0024810171848325038,88.25019226074218,1.205624,1.1903362485216171,-0.47058267741156434,111057.4296875,3.678276396925184,2460807.8673798842
2460807.870757446,0.993013030682852,0.0024953804469697114,88.21776580810547,1.2055758,1.0904929421857057,0.5678273068683952,111057.4296875,3.11929475512771,2460807.867486493
2460807.8708639955,0.9889918175825525,0.0024878267349041448,88.37435035705566,1.2055284,0.876434985885832,0.22918803070979843,111057.4296875,3.372724382639186,2460807.867593044
2460807.870970637,0.9944502309913617,0.002484432242901417,88.25996437072754,1.2054839,0.4986721158794184,-0.8631122598712361,111057.4296875,3.43194573303246,2460807.8676996874
2460807.8710772092,0.9959345784778965,0.002476632954829358,88.43104095458985,1.2054369,1.22601765933236,-0.1839553736701734,111057.4296875,3.4932797060070055,2460807.8678062614
2460807.8711836776,0.9940011873846835,0.002477736426812747,88.30121955871581,1.2053905,1.1376400071789008,0.3037320432043444,111057.4296875,3.255548153049899,2460807.8679127316
2460807.871290227,0.9932824484549564,0.0024741650773597466,88.3553913116455,1.2053448,0.7827336297408587,-0.31472490691380856,111057.4296875,3.6153681977246164,2460807.8680192824
2460807.871396799,0.9946714176497803,0.0024708588756732265,88.41483192443847,1.2052986,1.3901375142661003,0.30874645725015065,111057.4296875,3.7286329309451287,2460807.8681258564
2460807.871504529,0.9921620610512513,0.002482918170904672,88.35924911499023,1.2052538,0.8285982746537448,0.27548483241516575,111057.4296875,3.4294391382883016,2460807.868233588
2460807.8716111355,0.9956207774851599,0.002477262916419199,88.4483486175537,1.2052092,1.2479763259403804,-0.4891876100139821,111057.4296875,3.7345338431679367,2460807.8683401966
2460807.871717766,0.9955197592367766,0.0024725826483454443,88.56775856018066,1.2051641,0.8994007508338631,-1.0712372289462415,111057.4296875,3.9651490349790706,2460807.868446829
2460807.871824281,0.9909808222452957,0.00248293261393849,88.74334869384765,1.2051206,0.6848975322326479,-0.03511809735250364,111057.4296875,3.735326961363436,2460807.868553345
2460807.8719309107,0.9940939185564446,0.0024598224418547173,88.5556266784668,1.2050757,2.0559996515743055,-0.6872817291338116,111057.4296875,4.242185451350571,2460807.868659977
2460807.8720373902,0.9952554622392594,0.0024879324207458774,88.52084312438964,1.2050314,0.030186999031880886,0.47622565754210255,111057.4296875,3.6730553043595937,2460807.8687664582
2460807.8721464276,0.9936744519333595,0.0024942697416704897,88.64451293945312,1.2049882,1.3557110885849486,0.1755998017899632,111057.4296875,3.0832361110601227,2460807.8688754975
2460807.8722528727,0.9923820534804488,0.0024884825491888474,88.65180053710938,1.2049435,0.9142292489687645,-0.340604709368204,111057.4296875,3.830778432939754,2460807.8689819444
2460807.8723594453,0.9940792020172871,0.0024939209336948625,88.85474319458008,1.2048995,0.7737984649546609,0.18711731481008273,111057.4296875,3.5655221862068482,2460807.8690885184
2460807.872466029,0.999390999993031,0.002501461479372814,88.93783454895019,1.2048586,0.7857842615555832,0.466994149873755,111057.4296875,3.059521061683436,2460807.869195104
2460807.872572659,0.993047849587614,0.002491613154729242,88.79012260437011,1.204815,1.1838096345252085,0.25839094829948295,111057.4296875,3.267969855120639,2460807.869301736
2460807.872680377,0.9962149286384145,0.0024976463900692712,89.03580322265626,1.2047714,0.9602056005080903,0.12696736216040547,111057.4296875,3.3333886059636404,2460807.869409456
2460807.87278835,0.9968703640107061,0.002494902371274343,89.0190559387207,1.2047279,1.01352990890966,-0.16500085060334613,111057.4296875,3.3100123147993443,2460807.8695174307
2460807.8728947723,0.9929280013672842,0.00249493326558494,89.26855506896973,1.2046881,0.685369198147236,0.006164466789586765,111057.4296875,3.1714682143757056,2460807.8696238543
2460807.8730013445,0.9923364073233212,0.0024962693333343425,89.39045639038086,1.2046453,0.6142530595638253,0.1476894255517808,111057.4296875,2.9622061003732063,2460807.8697304283
2460807.8731079167,0.9934207942146318,0.0024928297816010653,89.59178466796875,1.204603,1.611217348549862,0.052825356330673284,111057.4296875,3.324144502827837,2460807.8698370024
2460807.8732156,0.9934017288348286,0.002494634977654601,89.43701782226563,1.2045617,0.9482832126361339,0.10615367413990902,111057.4296875,3.247894436493303,2460807.8699446875
2460807.873324603,0.9953872849511953,0.0024939196338150684,89.66667900085449,1.2045187,0.6098091014866223,-0.6304021602993292,111057.4296875,3.5386020492593766,2460807.8700536923
2460807.8734310134,0.9902293355539071,0.00248881676622743,89.59223136901855,1.2044799,0.40023135903214485,0.09579481743097822,111057.4296875,3.501838224769886,2460807.8701601042
2460807.8735378864,0.9935513245687657,0.002485256918153303,89.41647071838379,1.2044382,2.0060128523257217,0.7665193247771,111057.4296875,3.6610563599561075,2460807.870266979
2460807.873644262,0.9942009484820175,0.0024843146972025115,89.70752754211426,1.2043972,0.5450305895416603,0.16279409470986295,111057.4296875,3.7671003084072665,2460807.8703733566
2460807.8737508343,0.9937542272422272,0.002496618382732507,90.02809219360351,1.2043591,0.30788925202032824,-0.2321156649533951,111057.4296875,3.277117514148671,2460807.8704799307
2460807.873857395,0.9944766330511887,0.00249788362129024,90.07145156860352,1.2043183,1.122989090630016,0.10229365792779818,111057.4296875,3.1262163928127866,2460807.870586493
2460807.8739641756,0.993994532637008,0.002503572532412352,90.35860862731934,1.2042786,0.59746779149626,1.0557369241981045,111057.4296875,2.9790720186599864,2460807.8706932752
2460807.874070528,0.9926879277685292,0.002499916409361333,90.33261451721191,1.2042394,1.2083515769612068,-0.2669222152837144,111057.4296875,2.864518274831907,2460807.8707996295
2460807.8741771234,0.9957848654017196,0.002500619054708416,90.38597602844239,1.2041994,1.0023518764453399,0.06437017135732027,111057.4296875,3.3394578924824003,2460807.870906227
2460807.874284795,0.9964526274297358,0.002503629053989061,90.70624313354492,1.2041597,0.24366910361066996,0.06782264981467542,111057.4296875,2.781856552781638,2460807.8710139003
2460807.874391402,0.9973071589607423,0.0025008711359741434,90.5327220916748,1.204123,0.7249119298565075,-0.11752178915036218,111057.4296875,3.346224722248108,2460807.871120509
2460807.8744979287,0.9941977153759778,0.002502738576359335,90.87970924377441,1.2040841,0.33575616946231207,0.3123103751066822,111057.4296875,3.2630401085267784,2460807.871227037
2460807.8746046163,0.9952571020823858,0.00250263977993597,91.03443794250488,1.2040459,1.0697982273875553,-0.0036498388265611774,111057.4296875,3.1169083376128848,2460807.8713337267
2460807.8747123578,0.9952542413128775,0.002498889088044133,91.04833068847657,1.2040067,1.0312344782932577,0.28573079978128557,111057.4296875,3.0668966379857183,2460807.87144147
2460807.8748189416,0.9944242783767708,0.0025004149616415583,91.20635375976562,1.2039682,0.6733225377403622,0.018847514072086617,111057.4296875,2.8442293279084536,2460807.8715480557
2460807.8749253633,0.9919152760682762,0.002494354953236212,91.44367332458496,1.2039322,0.5290715371155743,0.28739731271703256,111057.4296875,3.0706724234655742,2460807.8716544793
2460807.8750318894,0.9970214915493198,0.002497579884653762,91.32274627685547,1.2038939,0.5891406352164511,-0.06269336217544282,111057.4296875,3.3677324780737714,2460807.871761007
2460807.875139712,0.9947061676299872,0.0024994374074852636,91.49782257080078,1.2038562,1.632331637057803,-0.31886863144852945,111057.4296875,3.1035464878361543,2460807.871868831
2460807.875253136,0.9948786432983875,0.0024982100017019435,91.74012260437011,1.2038186,1.3259641063169436,0.1457527331767792,111057.4296875,3.426822625060533,2460807.871982257
2460807.8753596963,0.9946504263414636,0.002496657251166943,91.65597534179688,1.2037813,0.7800481490868245,0.11595538738978153,111057.4296875,3.2317906810559003,2460807.8720888193
2460807.8754662224,0.9913553032938666,0.0024919342365363234,91.7689266204834,1.2037439,0.22666233854685333,0.5955582393516368,111057.4296875,3.6866966235999854,2460807.872195347
2460807.875572702,0.9918129409481349,0.00247848259470917,91.85477981567382,1.2037097,1.1677880447193827,-0.5119768578670776,111057.4296875,4.215583974921121,2460807.8723018286
2460807.8756792517,0.9905693729077242,0.0024748490619294653,91.96354446411132,1.2036732,1.1085650154636992,1.0625597007060452,111057.4296875,3.7949088840509124,2460807.87240838
2460807.87578587,0.9933405761803014,0.002484372972831221,92.21973915100098,1.2036366,0.6648984339463873,-0.7320736558689604,111057.4296875,3.7183968818352504,2460807.872515
2460807.8758923844,0.9952209719215721,0.0024686522628394043,92.27402992248535,1.2036027,0.49787231160096607,0.6950642601413735,111057.4296875,3.848360942276354,2460807.872621516
2460807.8760003685,0.9933853136983732,0.002483369260964592,92.02634735107422,1.2035673,1.5193616787416022,-0.578063068074307,111057.4296875,3.4032944795498277,2460807.872729502
2460807.876107867,0.9947832347942498,0.0024614262452096,92.07123222351075,1.2035316,1.4439069537865261,-1.1262398960778206,111057.4296875,4.466968215361633,2460807.8728370024
2460807.8762179697,0.9903406050316885,0.0024807076912822922,92.06834144592285,1.2034961,0.85839831556156,-2.04040366971092,111057.4296875,3.9724006841391764,2460807.8729471066
2460807.876324507,0.9990109994946831,0.002478595592195622,91.94639091491699,1.203461,1.0663571721583132,0.23203719556886948,111057.4296875,3.575678922159669,2460807.8730536457
2460807.876431114,0.9943506302651107,0.002491591821055177,92.21695137023926,1.2034259,0.5800906736919462,0.21678921743912988,111057.4296875,3.401443352339067,2460807.8731602547
2460807.876537825,0.9956429626463181,0.0024652082103710977,92.51210975646973,1.2033937,1.491091738581625,-1.7092967018278524,111057.4296875,3.9088786500457573,2460807.8732669675
2460807.8766443855,0.9945564222365293,0.0024794171750407903,92.57071380615234,1.2033591,0.5880967045155511,-0.4599577244680973,111057.4296875,3.7441953139171225,2460807.87337353
2460807.8767507733,0.999412474552689,0.0024771425422409183,92.92587661743164,1.2033257,1.6216224578305554,0.3378330167521455,111057.4296875,3.7074941527744993,2460807.873479919
2460807.8768619867,0.9922161886368085,0.002473484133708986,93.37283401489258,1.2032906,1.3226150739571003,-0.043284899014089946,111057.4296875,4.053966602498895,2460807.8735911343
2460807.8769709086,0.9922051877250679,0.0024918469660315627,93.30964889526368,1.2032581,1.367759172305539,0.47151310463107654,111057.4296875,3.124859053271362,2460807.873700058
2460807.877077608,0.9919119635162478,0.0024965538485741353,93.44511413574219,1.2032248,0.2933135222977104,0.6235869530577658,111057.4296875,3.321315179338851,2460807.8738067592
2460807.877184018,0.9920676289243298,0.002501669928950871,93.64114189147949,1.2031921,0.972164197278037,-0.6332881660593371,111057.4296875,3.267249026691197,2460807.8739131712
2460807.877290648,0.9900644646167996,0.002494100903775986,93.55404014587403,1.2031604,0.9229413596215126,-0.22244661698573606,111057.4296875,3.311457820051013,2460807.874019803
2460807.877397082,0.9928068697663577,0.002486971677090084,93.74213447570801,1.2031277,1.1273967226596902,-0.28207470305444177,111057.4296875,3.5236222960920562,2460807.8741262383
2460807.877504846,0.9919792100126985,0.002474045144441422,93.77192993164063,1.2030954,0.9490206663233285,-1.5207041024608117,111057.4296875,4.302049347214663,2460807.8742340044
2460807.8776137335,0.9911287920544894,0.002479333154357869,93.83311614990234,1.2030632,0.7478513846815598,0.3203155208424773,111057.4296875,3.836678600383176,2460807.8743428937
2460807.8777212547,0.9968554064866488,0.002486183139138209,93.91400756835938,1.2030306,0.5543093222995854,0.03718218723606407,111057.4296875,3.6346797852542467,2460807.874450417
2460807.8778279657,0.9932057049837069,0.0024847408858219852,94.01562156677247,1.2030011,1.208921903011633,-0.2991687512816357,111057.4296875,3.5409049832878012,2460807.8745571296
2460807.877934596,0.9923271913183939,0.0024730406567906576,94.11377983093261,1.2029689,0.7900424384740034,-0.38646442884743715,111057.4296875,4.413775710289025,2460807.8746637614
2460807.878041099,0.9925261704388157,0.0024807296699472098,94.07071304321289,1.2029399,2.170162531848042,0.5950994626347942,111057.4296875,3.6919610882748666,2460807.874770266
2460807.878147741,0.9911994452181568,0.0024853184003030128,94.03494300842286,1.2029087,1.3679066140833593,0.828831857885749,111057.4296875,3.614647804102058,2460807.87487691
2460807.8782543014,0.9926019665819104,0.002486194868433942,94.19535636901855,1.202878,0.6673216657870318,0.016802610278818356,111057.4296875,3.7007984789736246,2460807.8749834723
2460807.8783608503,0.9929351210217743,0.0024803506384256982,94.60005264282226,1.2028496,1.3766372147536279,-0.30159362349595453,111057.4296875,3.6889301719577947,2460807.875090023
2460807.8784674113,0.994669079004039,0.002482577317951811,94.35044479370117,1.2028191,0.21608097514129213,0.11314422272346314,111057.4296875,3.738424324415204,2460807.8751965854
2460807.8785740994,0.9953423585857314,0.0024891163365566788,94.6124267578125,1.2027893,0.16843103971351142,-1.0979436156856766,111057.4296875,3.253287370038602,2460807.8753032754
2460807.8786805444,0.9914452154440343,0.002500781309985853,94.47273025512695,1.2027604,0.742726312379282,0.011905464611286469,111057.4296875,2.8606490562805518,2460807.8754097223
2460807.878787047,0.9940207610001843,0.002501123111838709,94.67935371398926,1.2027322,1.0240957343846173,-0.4891874456669341,111057.4296875,3.210758574379629,2460807.875516227
2460807.878893596,0.9951278561718285,0.0025017124578674806,94.556591796875,1.2027029,0.5665990943262692,0.3693364279108168,111057.4296875,3.2822066066277578,2460807.8756227777
2460807.8790001688,0.9888999178423364,0.00249614341685978,94.8093105316162,1.2026737,0.6542244224753956,-0.25427003621161615,111057.4296875,3.2123445073234587,2460807.875729352
2460807.8791090907,0.9957905748007364,0.002492283760608365,94.7468505859375,1.2026458,1.3417785073571622,0.0412997964253818,111057.4296875,3.4919666324020984,2460807.8758382755
2460807.879215651,0.9939674584587419,0.002499199952808739,95.0835620880127,1.2026178,0.6503841762724738,0.19843724103288543,111057.4296875,3.2120721307816367,2460807.875944838
2460807.8793222117,0.9940940205893255,0.0025005597040318552,94.83768005371094,1.2025891,0.9675078207764088,-0.006854239457183242,111057.4296875,3.113253293848464,2460807.8760514003
2460807.8794287727,0.9977614012919325,0.0025031926142267727,94.91949424743652,1.2025627,0.9050352223241592,0.07505230676931393,111057.4296875,2.971409491931957,2460807.876157963
2460807.8795354264,0.9959856391648676,0.0025059864973725372,95.06363677978516,1.2025356,0.6066423089586493,1.1482450832062638,111057.4296875,2.8239174154284097,2460807.8762646182
2460807.8796443827,0.9921915225655215,0.002501357882329505,95.19731101989746,1.2025068,1.3302253873756205,0.208596268071695,111057.4296875,3.002072114403821,2460807.8763735765
2460807.8797509894,0.9938889359598897,0.0024995628869777776,95.47286605834961,1.2024805,0.6182032227157722,-0.2254495224902698,111057.4296875,3.285284719422628,2460807.876480185
2460807.879857527,0.996843501124073,0.0025019686571995598,95.61739997863769,1.202454,0.9407535405120373,-0.8834024525397631,111057.4296875,3.2001232243927675,2460807.8765867245
2460807.879964238,0.9912908003584721,0.0024961010320947836,95.78210792541503,1.2024271,0.7073399807767845,-0.00895850016292344,111057.4296875,3.212528851154906,2460807.8766934373
2460807.8800707413,0.9946139562712073,0.0025044912634872994,95.41199073791503,1.2024024,0.2579984615509546,-0.21063421873357946,111057.4296875,2.919177111555736,2460807.876799942
2460807.880177198,0.9979249859780843,0.002505568801581728,95.58377380371094,1.2023761,0.9865902778749833,0.2308768796437992,111057.4296875,2.9671231694215727,2460807.8769064005
2460807.8802849273,0.9939698789878779,0.002499652817484809,95.65395812988281,1.2023499,0.08915456221044302,-0.36499134875305705,111057.4296875,3.291557691466395,2460807.8770141318
2460807.8803914883,0.9948792903978619,0.002500138461132487,95.73956756591797,1.202324,0.9289696511645431,0.9586582572394587,111057.4296875,3.1396912560525876,2460807.8771206946
2460807.8804981415,0.9947242568415996,0.0025024775589452615,95.56132316589355,1.2022983,1.6715620869365444,-0.05051351916353846,111057.4296875,3.4660711654316474,2460807.8772273497
2460807.880604957,0.9903339184142924,0.0024993987908561604,95.89083862304688,1.2022747,0.5628579836805505,-0.010066606018427607,111057.4296875,2.9495295377655593,2460807.877334167
2460807.880711321,0.995622562910237,0.0025040220037480226,96.02416496276855,1.2022497,1.0564442652692794,-0.1980997255743976,111057.4296875,3.065848638339012,2460807.877440532
2460807.8808181593,0.9910854061854524,0.0024984548150241946,96.13784523010254,1.2022244,1.3770725216493303,-0.23591521700831306,111057.4296875,3.251531110170444,2460807.8775473726
2460807.8809351483,0.992513680837929,0.002497983650744405,96.21890449523926,1.2021982,0.63261471210834,0.9882258729348209,111057.4296875,3.3657590581448287,2460807.8776643635
2460807.8810418476,0.995238194284685,0.002503399575284292,96.33839721679688,1.2021747,0.8469666010015292,-0.2733372121950755,111057.4296875,2.988056917253446,2460807.8777710646
2460807.881148339,0.9954055648417277,0.0025041858215964197,96.37872009277343,1.2021509,0.5193867266859079,-0.38466517548819634,111057.4296875,3.048512673427341,2460807.8778775577
2460807.8812549,0.9951878896372209,0.002490233634230461,96.38033828735351,1.2021269,0.853632396272414,-0.194639567255299,111057.4296875,3.592959817494217,2460807.8779841205
2460807.8813614952,0.9937472291435532,0.002503263239471394,96.23628387451171,1.2021046,0.1970272972301455,0.0016716876256916203,111057.4296875,3.1705690156806745,2460807.8780907174
2460807.8814681023,0.9946358006315872,0.0025043489651101064,96.30344924926757,1.2020811,0.5348018569244875,0.42883867889581756,111057.4296875,2.743499822856489,2460807.8781973263
2460807.881574744,0.9902377610580059,0.0024973246016904613,96.27357635498046,1.2020579,0.3366725389707546,0.38904031736862005,111057.4296875,3.1383911316646556,2460807.8783039697
2460807.881681154,0.996461185326312,0.0024968422569953018,96.0811653137207,1.2020361,0.709083044448473,-0.6529553319795715,111057.4296875,3.4286980098148034,2460807.8784103817
2460807.881787669,0.994030357488248,0.0024915143950290353,96.37752761840821,1.2020141,0.9408964380114221,-0.29318566755381853,111057.4296875,3.7201246156558443,2460807.878516898
2460807.881894322,0.995366558290999,0.002503509848258878,96.23350257873535,1.2019915,0.8814054083478052,-0.06917585112086916,111057.4296875,3.1108451438187124,2460807.878623553
2460807.882000779,0.9964661354104941,0.002505064352775133,96.46718482971191,1.2019694,1.4484791128863466,-0.35043621976943384,111057.4296875,2.9648342118838613,2460807.8787300116
2460807.8821143415,0.9911470105952603,0.0024919466059895794,96.44560661315919,1.2019471,0.5613132659311524,0.06276187189082048,111057.4296875,3.6824729293172704,2460807.878843576
2460807.8822209253,0.9978283151549391,0.002490808467666436,96.44231834411622,1.2019257,0.9448928776359975,-0.42763163423976086,111057.4296875,3.8835280791042894,2460807.878950162
2460807.8823274975,0.9925082182971945,0.002483377787768996,96.4432819366455,1.2019039,0.22207210697792995,0.19569492560099028,111057.4296875,3.688160952225623,2460807.879056736
2460807.8824340818,0.9950366694957598,0.0024900091520484125,96.48370742797852,1.2018834,0.5410965559567862,-0.23775819180883678,111057.4296875,3.515152855131151,2460807.8791633216
2460807.882540469,0.9980582827134009,0.0024845621708760733,96.51357650756836,1.201863,1.442235770430894,-0.314958811189692,111057.4296875,3.5691241059280934,2460807.8792697107
2460807.8826470296,0.991444844229558,0.0024738351802449637,96.63978729248046,1.2018421,0.3941763587745946,-0.5068269241221455,111057.4296875,3.5896185856244163,2460807.879376273
2460807.882753671,0.9928966567156171,0.0024862807557858137,96.38484153747558,1.2018227,1.02308804140597,-0.2794758902049123,111057.4296875,3.424631645843712,2460807.8794829166
2460807.8828603127,0.9939879897058908,0.0024880717522900325,96.64837646484375,1.2018025,0.9605296828979857,-0.2247486740793183,111057.4296875,3.5343293769586004,2460807.87958956
2460807.882968078,0.9882084066262664,0.0024796007228101865,96.60947914123535,1.2017822,0.761397522814799,-0.10230669049083044,111057.4296875,3.874828373057325,2460807.8796973266
2460807.8830746384,0.9934178839845311,0.002490046390930084,96.7526969909668,1.2017625,0.1393183433246591,0.298792795098997,111057.4296875,3.231950188698619,2460807.879803889
2460807.8831814188,0.9943022367555165,0.002484840229908262,96.78963699340821,1.2017437,0.5346293759786008,-1.3579383238689533,111057.4296875,3.6164945230182965,2460807.879910671
2460807.8832878405,0.9967383490615785,0.002487662624730163,97.00529823303222,1.2017246,1.482990194946279,-0.3750894878518525,111057.4296875,3.71714534514787,2460807.880017095
2460807.8833944937,0.9912502740534396,0.0024798531934492464,96.9787670135498,1.2017059,0.0022505327640381283,0.2429341715146318,111057.4296875,3.7601345890837656,2460807.88012375
2460807.883502999,0.9917490853351931,0.002479255182312994,97.0905548095703,1.2016869,0.13949957634328147,-0.09445154529813966,111057.4296875,4.204108464440254,2460807.880232257
2460807.883609757,0.9984200110227669,0.002479574357322324,97.09873580932617,1.2016689,0.31320804556251075,-0.2957827172781694,111057.4296875,4.145188131553488,2460807.880339016
2460807.8837163984,0.9954556460890517,0.0024807394581310275,97.32451286315919,1.2016501,0.755359476691284,0.169656743481104,111057.4296875,3.6899989486261293,2460807.8804456596
2460807.8838228667,0.990929788953202,0.0024753473222564127,97.71600112915038,1.2016333,1.630014482599381,-0.5401294061306171,111057.4296875,4.704466049486598,2460807.88055213
2460807.88392952,0.9939264978391182,0.002473658851892842,97.93555870056153,1.2016151,0.8099381828803625,0.35927545093784136,111057.4296875,4.057777983353127,2460807.880658785
2460807.8840360115,0.9915524966445312,0.0024814344177040795,98.16212882995606,1.2015974,0.5786917299449704,-0.767565309670314,111057.4296875,4.148722097335544,2460807.880765278
2460807.8841424678,0.9926748687055557,0.002469538057959453,98.1469669342041,1.2015812,-0.08615898101375268,-0.315201562693187,111057.4296875,4.512065200539224,2460807.880871736
2460807.8842490055,0.9944559141396689,0.002482502415991259,98.19323997497558,1.2015641,0.3729267820416947,0.01912557591305928,111057.4296875,3.6827617432149435,2460807.8809782756
2460807.884355612,0.9950012414795834,0.0024754951697415753,98.21327323913575,1.2015473,1.7420410339563488,0.35987287140662255,111057.4296875,3.931655823397283,2460807.881084884
2460807.8844622425,0.991119746861697,0.002481431085957051,98.20472984313965,1.201531,0.6763422660860969,-0.1142712382057464,111057.4296875,3.6729109581587434,2460807.8811915163
2460807.8845686875,0.9959482119873022,0.0024893055357378714,98.5120174407959,1.2015143,0.35746826835070206,0.0032597195511934233,111057.4296875,3.6739186488335607,2460807.8812979627
2460807.8846753757,0.991132874136052,0.002477557895030743,98.75047149658204,1.2014992,1.0184354808135068,-0.16969830726818386,111057.4296875,4.163161797926921,2460807.8814046527
2460807.8847835683,0.9968663950252584,0.002473290077224464,98.62670555114747,1.2014834,1.2915644782631555,-1.5935099738289966,111057.4296875,3.9533355361672577,2460807.8815128473
2460807.8848906267,0.9953645967548371,0.002482522666512388,98.7483299255371,1.2014675,0.9088368984376681,-0.5587518066974426,111057.4296875,3.770299712681776,2460807.8816199074
2460807.8850042243,0.993859796906793,0.002493717441117723,98.58986930847168,1.2014518,1.1531065222264087,0.5202251901884608,111057.4296875,3.3455345392707363,2460807.881733507
2460807.8851107964,0.9894725959439714,0.002486867000911459,99.18180274963379,1.2014357,0.23078819423825092,-1.5390302066417323,111057.4296875,3.6801010643477756,2460807.881840081
2460807.885217276,0.9910643722094842,0.0024844367288648864,99.41346244812011,1.2014214,0.648236203535824,0.25175635634439564,111057.4296875,3.320891716081621,2460807.8819465623
2460807.8853238486,0.9931158003897886,0.0024987234377294868,99.70347023010254,1.2014076,0.17397072732071844,-0.11308036989661784,111057.4296875,3.274064443589043,2460807.8820531364
2460807.8854304324,0.9971014152216569,0.0025040438231880287,99.71612815856933,1.201393,0.9099506087635979,-0.35675296214243346,111057.4296875,3.1946788443026044,2460807.882159722
2460807.885537028,0.9996748194559095,0.002490911082187347,102.07138404846191,1.2013788,0.48609000357500864,-0.7142286226809571,111057.4296875,3.312029786483016,2460807.8822663194
2460807.8856436466,0.9964934639117813,0.0024512751307426495,109.49366035461426,1.2013648,1.1958510348850901,0.5691325229490374,111057.4296875,3.3568981105381024,2460807.88237294
2460807.885964417,0.9975140990192156,0.0024629689866511937,107.44149742126464,1.2013249,1.1171637868556579,0.371251783190831,111057.4296875,3.190355825846494,2460807.8826937154
2460807.8860734194,0.9922117078242794,0.002442317028863068,109.63861694335938,1.201312,1.0673617501802264,-0.33067564821841683,111057.4296875,3.271455511042689,2460807.8828027197
2460807.8862866103,0.9972097967404591,0.0024943898881542702,98.93761940002442,1.2012868,0.8166694676434594,0.03439664501726738,111057.4296875,3.72433074107204,2460807.8830159144
2460807.8863944677,0.9943666881424543,0.002499110120841029,98.35009651184082,1.2012746,0.5041738067863887,-0.4659745754758286,111057.4296875,3.3170042197067633,2460807.883123773
2460807.8865008545,0.9944371341315363,0.002495128050128189,98.14195137023925,1.201263,0.6853210515593203,-0.2885452382809938,111057.4296875,3.3652072007060077,2460807.883230162
2460807.886607566,0.9931137205824806,0.0024957704793253156,97.9184066772461,1.2012514,0.13704927799391922,0.694478396326955,111057.4296875,3.4453936783972776,2460807.883336875
2460807.8867139183,0.9933727876020703,0.0024901032465980983,97.82302436828613,1.2012397,1.5278670223989146,-0.5900707005713696,111057.4296875,3.64440614120772,2460807.8834432294
2460807.8868205133,0.9935473520139404,0.002489170942028864,97.86907043457032,1.2012285,1.0163089541313708,-0.22546207172734828,111057.4296875,4.102848090829802,2460807.883549826
2460807.886927121,0.9952497372954314,0.0025007038441545487,97.88195343017578,1.2012178,1.211668606274168,0.05774789079016383,111057.4296875,3.316068296111877,2460807.883656435
2460807.8870337857,1.0014675919258735,0.0025066073331535053,97.92842674255371,1.2012068,0.17436244709082002,-0.5475851045529289,111057.4296875,2.902989816354969,2460807.883763102
2460807.887140358,0.9949328268169311,0.0025013528919436492,98.15795783996582,1.2011963,0.8506539043087727,-0.8577172669690869,111057.4296875,3.0723935316380144,2460807.883869676
2460807.8872468257,0.9961561401361233,0.0025012964715981395,97.99974250793457,1.2011856,0.7755820879111818,0.2692894649765846,111057.4296875,3.185286116628992,2460807.8839761456
2460807.8873533867,0.9964937619930585,0.002494462708889626,97.9429718017578,1.2011762,0.9793681524826711,-0.05478511264524286,111057.4296875,3.559570422780392,2460807.8840827085
2460807.8874600055,0.9956313996639395,0.0024928601832253793,97.86706428527832,1.2011664,0.9071246886894351,-0.03965469780908933,111057.4296875,3.5633041608431903,2460807.8841893286
2460807.88756652,0.9932518695821982,0.0024960814449247553,97.9161304473877,1.2011569,0.5800195826179381,0.5722984643426986,111057.4296875,3.357335381793743,2460807.884295845
2460807.8876731964,0.9939735006106114,0.0024831513455037825,98.33594551086426,1.2011475,0.7770622188377689,-1.0555243202868905,111057.4296875,4.1973746818980375,2460807.8844025233
2460807.8877796526,0.9948288863816659,0.0024896445672307117,98.19538803100586,1.2011384,0.5785306750752063,-0.2565520904957333,111057.4296875,3.7569219569169245,2460807.8845089814
2460807.887886294,0.9952646262067005,0.002481242440207493,98.3765941619873,1.2011298,-0.34866968787077485,0.2613731977018921,111057.4296875,4.272143989509632,2460807.884615625
2460807.8879927397,0.9932819160351947,0.0024938816008811485,98.33706130981446,1.201121,1.5931786316768946,-0.4096473962185812,111057.4296875,3.473807509797554,2460807.8847220717
2460807.8880993235,0.9914342362589216,0.0024867741805155064,98.34635696411132,1.2011124,0.9752375413968121,-0.7012148504160531,111057.4296875,3.920470839720681,2460807.8848286574
2460807.888205884,0.9948062131473192,0.0024909544957754186,98.59146995544434,1.2011042,-0.0995041982824582,-0.06199959838944838,111057.4296875,3.4760924993693085,2460807.88493522
2460807.888312445,0.9921694305541475,0.0024934676538920547,98.90851936340331,1.2010965,1.3075623677803054,0.06907570789299308,111057.4296875,3.4992218023500596,2460807.8850417826
2460807.8884190056,0.9973967324120675,0.0024984585661587777,99.02292442321777,1.2010886,0.6573019452845485,0.2346724615557835,111057.4296875,3.3795972838579913,2460807.885148345
2460807.8885256127,0.9960109477007636,0.0024925783942978544,99.16203498840332,1.2010815,-0.08008799786632463,-0.32806727492482785,111057.4296875,3.405141573388575,2460807.8852549535
2460807.888632208,0.9942389124656705,0.002489546267057958,99.65808753967285,1.2010748,1.2696396302719777,-0.8361531723250564,111057.4296875,3.8768581156903554,2460807.885361551
2460807.8887399496,0.99369061492245,0.0024842900689300844,100.2657699584961,1.2010673,1.223854160486208,-0.1045939610539811,111057.4296875,3.8033670957097216,2460807.885469294
2460807.888846846,0.9962729735549102,0.002498373231861909,100.71416091918945,1.2010603,0.17147706331895657,-0.1805849465085935,111057.4296875,3.1925647852008563,2460807.8855761923
2460807.8889542283,0.9972322851498548,0.002488310594012171,102.56384201049805,1.2010538,1.1415559434457025,-0.06656538157189872,111057.4296875,3.620470415459613,2460807.8856835766
2460807.8900468256,0.9958872866596452,0.0024821911071063797,105.98992576599122,1.2010011,0.21221558462316556,-0.13015391647537053,111057.4296875,3.5695207324436007,2460807.886776192
2460807.8901839876,0.9938051293434144,0.0024866046997331524,103.58717308044433,1.2009963,1.498586601838956,-0.15829688506409925,111057.4296875,3.845785931981353,2460807.8869133564
2460807.890290433,0.994424187701084,0.002494153910423268,103.38250198364258,1.2009928,0.4865346227842598,-0.2634739693168271,111057.4296875,3.61698637488321,2460807.8870198033
2460807.890396982,0.9974548188604183,0.0024879308597428648,104.06234207153321,1.2009893,0.674259233562555,-0.893791418434081,111057.4296875,3.716072717701359,2460807.887126354
2460807.8905036007,0.9951941392106352,0.002492017154190353,104.53860778808594,1.2009861,0.9537071015549906,0.644397538966659,111057.4296875,3.6003910634529483,2460807.8872329746
2460807.8906101845,0.9943703582037268,0.0024912440530239417,105.74543685913086,1.2009835,1.0289611669793406,-0.17425362537745148,111057.4296875,3.8145964242948316,2460807.8873395603
2460807.8907168494,0.9907111482611379,0.002479755707697381,108.1815128326416,1.2009807,2.680169219448803,-1.5257592256711334,111057.4296875,4.163256979372333,2460807.887446227
2460807.893609301,0.9990138329132978,0.0025107016519515966,109.20893440246581,1.2010001,0.9318618268249799,-0.5214013393894958,111057.4296875,3.494768628360148,2460807.890338727
2460807.8937170194,0.9946674282695321,0.0025063784551914194,107.91369438171387,1.2010042,0.856154730764314,0.45051512107895214,111057.4296875,3.3903249119262955,2460807.890446447
2460807.8938237424,0.9933043681801411,0.002506027406531324,107.54174194335937,1.2010086,1.1134285443175171,-0.29720519969839726,111057.4296875,3.457185250330227,2460807.8905531713
2460807.893931333,0.9936534718239431,0.002492771227081609,107.16414260864258,1.2010126,1.542630461467353,0.10809566202958014,111057.4296875,4.230389744680039,2460807.8906607637
2460807.89403794,0.9943000570555764,0.0024925935287892316,106.97672386169434,1.2010179,0.7953222843966364,-0.4085874959302334,111057.4296875,4.447373302567968,2460807.8907673727
2460807.894144431,0.9944034023117453,0.002504090769747016,107.14285316467286,1.2010223,0.30699332798802315,0.2145897222467989,111057.4296875,3.5681730243237024,2460807.8908738657
2460807.894250888,0.9962533023137423,0.0025015323616386638,106.79686126708984,1.2010278,1.6312021673522257,0.17144973141747158,111057.4296875,3.559835536632346,2460807.8909803242
2460807.894357472,0.9947668243437874,0.002505378411195758,107.50933151245117,1.2010333,0.6095185628223606,0.04933392462123299,111057.4296875,3.4373387281573318,2460807.89108691
2460807.895000401,0.9978226047188009,0.0024748061537139647,110.19429054260254,1.201071,2.020964617030582,-1.2917443099621324,111057.4296875,4.410698333985844,2460807.8917298494
2460807.895107135,0.9948274871412149,0.00249784088668217,106.02159194946289,1.2010783,1.8207662993294986,0.05873997215859035,111057.4296875,3.881969027775609,2460807.8918365855
2460807.895213511,0.9912629634809305,0.002501235590397556,106.60896186828613,1.2010851,0.5537378191024256,0.0027295843295763256,111057.4296875,3.5533274601906437,2460807.891942963
2460807.895960767,0.9990832952283409,0.002485787661117248,106.44840850830079,1.2011433,0.2313315525453271,0.30437453990489055,111057.4296875,4.243202068891231,2460807.8926902316
2460807.8960684044,0.9945499093451913,0.0024939588871062696,104.07635917663575,1.2011524,0.22116227616461268,-0.26182241415691854,111057.4296875,3.3767320051888654,2460807.8927978706
2460807.8962813867,0.9989384844485336,0.002475454741454236,104.70722122192383,1.2011718,1.1660300584157652,-1.6057265872005768,111057.4296875,4.806011921248017,2460807.8930108566
2460807.896390262,0.995754174832704,0.0024673374365418417,101.24380302429199,1.2011821,0.387976311850416,-2.5441921982764253,111057.4296875,4.405111962820713,2460807.893119734
2460807.8964967765,0.9940454659789397,0.002488720507058814,100.86819152832031,1.2011915,1.113760559827677,1.1217787987771244,111057.4296875,3.731017923088454,2460807.89322625
2460807.896604564,0.9956161896490736,0.002491166146250392,100.65129089355469,1.2012023,1.5820531671507285,-0.662843160046012,111057.4296875,3.7661634269217865,2460807.8933340395
2460807.89671116,0.9917717180199599,0.0024868909365045704,100.35370445251465,1.2012132,-0.5213504737941036,-0.7414262383999775,111057.4296875,3.8538717884390508,2460807.893440637
2460807.896817732,0.9986713343500572,0.0024831139300705483,100.49338493347167,1.2012242,0.7369394453040634,-1.9740818076320008,111057.4296875,4.238006063741817,2460807.893547211
2460807.8969245586,0.9948200272651442,0.0024777268332783066,101.03276329040527,1.201235,0.887659558229064,-0.23656192296326678,111057.4296875,4.258695627260584,2460807.893654039
2460807.8970308993,0.9974633924747937,0.0024820246288281213,101.5314697265625,1.2012463,1.2217240137874568,0.4451760006963149,111057.4296875,4.239019718246365,2460807.8937603817
2460807.8971409095,0.9959808399520667,0.0024732106587445745,104.13842735290527,1.2012583,0.20743232955559707,-1.884757844563249,111057.4296875,3.765380404228755,2460807.8938703937
2460807.8972474006,1.0000702322555886,0.0024582309124733938,101.25134963989258,1.20127,1.3899154643872418,-2.3653124351547627,111057.4296875,5.072496041334426,2460807.8939768868
2460807.8973539616,0.9961212624673508,0.002476945622735639,99.3128044128418,1.2012823,1.0003295485579844,-0.6320079847707238,111057.4296875,4.193833692549782,2460807.894083449
2460807.8974605105,0.9927689573975889,0.0024515510117039912,99.36407241821288,1.201295,2.225909911755874,-3.232296946840746,111057.4296875,5.123555182829469,2460807.89419
2460807.8975683213,0.9926842764066409,0.002457408624758871,99.55048942565918,1.2013069,1.760324303504171,-1.11637975557238,111057.4296875,5.089845771163682,2460807.8942978126
2460807.897676398,0.9913872748213506,0.0024508514391062977,100.2223129272461,1.2013202,0.9979897026682107,-1.6783883027957138,111057.4296875,5.329133208630692,2460807.894405891
2460807.897783792,0.992792606233043,0.0024889453534993273,99.91502990722657,1.2013337,0.24575597653999956,-0.8409696613347499,111057.4296875,3.6581056735266713,2460807.894513287
2460807.8978903876,0.9979061898321738,0.0024806826673277934,99.92386741638184,1.2013461,1.0530754640644902,-0.7831742559605952,111057.4296875,4.167828907939145,2460807.8946198844
2460807.8979968675,0.9975093241603714,0.0024842380586144594,99.9871753692627,1.20136,0.4473941037558052,-0.07611917766116931,111057.4296875,3.761220673315653,2460807.894726366
2460807.898103509,0.9965340281828539,0.0024801563758586544,100.28382873535156,1.2013735,0.9975740491838061,0.8572890438370262,111057.4296875,4.077872578849214,2460807.894833009
2460807.8982112734,0.9936423461191791,0.0024905384894611964,100.33989562988282,1.2013873,1.1103223946341598,-1.246102213084997,111057.4296875,3.8026743539666343,2460807.8949407754
2460807.89831773,0.9958023827147479,0.0024876358662173745,99.94619522094726,1.2014014,0.7231456046651377,0.25160435081551014,111057.4296875,3.6772627443373076,2460807.895047234
2460807.898424395,0.9971526390856932,0.0025019524079406843,99.98495101928711,1.2014162,1.2683791620074567,-0.792000232420141,111057.4296875,3.0682619663280852,2460807.8951539006
2460807.898534393,0.9981947160406974,0.00248492194387382,100.07258491516113,1.2014311,0.5213036927553207,-1.3121536378450573,111057.4296875,4.035239065149993,2460807.8952639005
2460807.8986408846,0.9966356281839908,0.0024843327360890115,99.70111846923828,1.2014459,0.8675423992931814,1.031238468755642,111057.4296875,3.9397833946164136,2460807.8953703935
2460807.8987488686,0.9966247893305973,0.0024891304496460526,99.44410705566406,1.2014621,0.3456586884603205,-0.8836451574546854,111057.4296875,3.6539533477012265,2460807.8954783794
2460807.8988562394,0.9999179602079205,0.0024911688114616338,99.20502891540528,1.2014766,1.4639856240214317,-0.9292893111692052,111057.4296875,3.7267784417947136,2460807.895585752
2460807.898962835,0.9978346141064192,0.0024911695589008532,99.14291687011719,1.2014926,1.7500260056586692,-0.7944178742676407,111057.4296875,3.8636193435738724,2460807.8956923494
2460807.899070507,0.9960438757411136,0.0024825723938420225,99.18722381591797,1.2015091,-0.1426166625227259,-0.31879101183377756,111057.4296875,3.9033374222320742,2460807.8958000233
2460807.8991771135,0.9973219012078983,0.0024878658177500735,98.92346496582032,1.201525,1.270429806037206,0.26940293316729824,111057.4296875,4.044085999979632,2460807.895906632
2460807.8992850985,0.9974285908308823,0.0024988549879727795,98.57438621520996,1.2015411,1.2847389094982522,-0.8088551407477534,111057.4296875,3.2550125440142654,2460807.896014618
2460807.8993915548,0.9985175768795417,0.002496014451073786,98.38502006530761,1.2015576,0.810454432605731,-0.778884754731157,111057.4296875,3.5119845017419036,2460807.8961210763
2460807.8994980343,0.9952959209974988,0.0024838774931544407,98.19278182983399,1.2015744,1.2672396862132334,-0.8289774552639187,111057.4296875,4.218131501771909,2460807.8962275577
2460807.899605822,0.9953035348593201,0.0024757350941295923,97.6862018585205,1.2015917,1.4231503045286968,-0.9425343182394985,111057.4296875,4.515750581714323,2460807.896335347
2460807.899712429,0.9966633053713246,0.0024844786281146064,97.72940521240234,1.2016091,1.0207308559818575,-0.14800984203898573,111057.4296875,3.8945832479413944,2460807.896441956
2460807.8998201815,0.9954603639818184,0.0024827696762884585,98.02779693603516,1.2016269,0.4107304219434309,-0.7088053647442467,111057.4296875,4.036482048520034,2460807.8965497105
2460807.899929127,0.9970647179587312,0.0024893284186845374,98.26518402099609,1.2016448,0.47912261488078756,0.2557933402301672,111057.4296875,3.8310717886471797,2460807.8966586576
2460807.900035641,1.0002514290689746,0.0024857189486062266,98.57175521850586,1.2016627,0.4411272240006275,-1.287837147612924,111057.4296875,3.773429982178638,2460807.8967651734
2460807.9001421095,0.9946779304448662,0.002486372085465282,98.38501930236816,1.201681,1.1571199642250103,0.07898130047893011,111057.4296875,4.013714485079496,2460807.8968716436
2460807.9002486467,0.9970525444323902,0.002490599039956781,98.50707817077637,1.2016997,1.1941330107270138,-0.4299044809281133,111057.4296875,4.013744716630183,2460807.8969781827
2460807.900360034,0.993096968643323,0.00249382434912573,98.21479225158691,1.2017188,0.9178662258265713,-0.4952953462077794,111057.4296875,3.4254859163060507,2460807.8970895717
2460807.900466421,0.9963191073611115,0.0025005272902230333,98.47571296691895,1.201738,1.1943724388667398,0.888320906643654,111057.4296875,3.1893127261523935,2460807.897195961
2460807.9005730283,0.9944383737933371,0.0024989593707052684,98.21828117370606,1.2017562,1.0185782974472581,-0.19370787885232674,111057.4296875,3.2250690097722643,2460807.8973025694
2460807.900679612,0.9962342873944794,0.002496263647399585,98.30676231384277,1.201776,0.7173371807684124,-0.7209361887819186,111057.4296875,3.354460736196982,2460807.897409155
2460807.9007862536,0.9918753826046152,0.002494348158262259,98.4760669708252,1.201795,0.9046244254633955,0.975126476976285,111057.4296875,3.424571020096134,2460807.8975157985
2460807.900894041,0.9923469652303104,0.0024860189919624744,99.20609321594239,1.2018161,0.39611202891773284,-0.6845352439448512,111057.4296875,3.9080745237806727,2460807.897623588
2460807.9010005905,0.9941314823609693,0.002498590881787019,99.16820373535157,1.2018358,1.6162453623165658,0.06683125259375881,111057.4296875,3.444035861451057,2460807.897730139
2460807.9011071855,0.9965660044692893,0.0024616073082364106,99.42814788818359,1.2018565,1.5770240612655833,-3.011222310984032,111057.4296875,4.8524154537401465,2460807.897836736
2460807.90121377,0.9972663070251121,0.0025034572607234794,100.01984558105468,1.2018775,0.6574360991055845,0.48764311905506336,111057.4296875,3.1924202992835196,2460807.8979433216
2460807.9013203075,0.9903433332279444,0.002495784521729274,100.37631912231446,1.2018979,1.4190891953040239,-0.03512623665985663,111057.4296875,3.917362267298246,2460807.898049861
2460807.9014268564,0.998250661660288,0.002498537947641402,99.87906112670899,1.2019188,0.6198532147494921,0.09797631523558534,111057.4296875,3.92996480675004,2460807.898156412
2460807.901533903,0.9976837898458045,0.002495351543594018,99.42008552551269,1.2019402,1.6680961806547312,-0.2707653519396536,111057.4296875,3.6999368541773494,2460807.8982634605
2460807.901641274,0.9985209630900445,0.002485830317476866,99.70029907226562,1.2019622,0.890799050507798,-0.45372161342143535,111057.4296875,4.401218366699766,2460807.898370833
2460807.90174765,0.9941556981995578,0.002484324794497487,99.56059417724609,1.2019831,0.8125847645693249,-0.7994602385158649,111057.4296875,3.9987799949460476,2460807.8984772107
2460807.9018541873,0.9976550322258312,0.002468852921468418,99.4906047821045,1.2020052,1.4192384394482869,-0.146791389509673,111057.4296875,4.53101377136142,2460807.89858375
2460807.9019619403,0.9961956396759879,0.002473054906260297,99.39155349731445,1.2020275,0.08428304429287865,0.6838092691060333,111057.4296875,4.358753924726853,2460807.8986915047
2460807.9020685125,0.9956587718360502,0.002457977066844575,99.63005561828614,1.2020505,1.4566507325103895,-2.811399201636283,111057.4296875,5.122344342426795,2460807.8987980788
2460807.9021751774,0.9906850079611111,0.0024923865743155973,99.15950202941895,1.2020734,0.5068241575905001,-0.09224894368927433,111057.4296875,3.4669621227375433,2460807.8989047455
2460807.902281495,0.9954266213113421,0.002492390364647823,98.58929786682128,1.2020956,1.2647826777496072,-0.10272878770993044,111057.4296875,3.5471437343151377,2460807.899011065
2460807.9023880097,0.9944163877625757,0.002482787875199002,98.31808471679688,1.2021191,1.3511944903849171,0.2776511606391685,111057.4296875,3.6356474844417206,2460807.899117581
2460807.902494617,0.9941027903226601,0.002485481021485508,98.33574829101562,1.2021428,0.5665852153692954,-0.17636326474227448,111057.4296875,3.922912750910486,2460807.89922419
2460807.9026011424,0.9949658722461324,0.00247152398703025,98.578812789917,1.2021655,1.3448423572264674,-0.6608095334502944,111057.4296875,4.368794830450633,2460807.8993307175
2460807.90270768,0.9901909350653381,0.002478799555983304,98.83293876647949,1.20219,0.6829547859106517,-0.7484672548054105,111057.4296875,3.856591533870083,2460807.899437257
2460807.902814264,0.9944895859144456,0.0024695176722978,98.214595413208,1.2022146,1.3103714672519924,-1.085693635811795,111057.4296875,4.470454747392951,2460807.8995438428
2460807.902920825,0.9946795946393376,0.0024729279994825486,97.89872932434082,1.2022389,0.43474700330778326,-0.42717347043165094,111057.4296875,4.039658823646442,2460807.899650405
2460807.903027559,0.9979191206309798,0.002481342077897915,98.44933280944824,1.2022624,1.02627541069306,-0.7432480053228198,111057.4296875,4.032607236568003,2460807.8997571412
2460807.9031341197,0.9959807197116638,0.002480232194418235,98.30074615478516,1.2022875,1.0958293314626062,-0.20226043222534168,111057.4296875,4.174211866663912,2460807.8998637036
2460807.903240553,1.0006421906298961,0.0024629592003755176,98.40333938598633,1.2023132,1.3154559820495932,-1.1997458663238998,111057.4296875,4.88173787391832,2460807.899970139
2460807.90334716,0.9934188217515004,0.0024585252195684164,98.4402862548828,1.2023374,0.8175716888768761,-0.39563418375247444,111057.4296875,4.798979584301943,2460807.900076748
2460807.9034536052,0.9962082229720538,0.0024658154262550713,97.93493919372558,1.2023635,1.0652947256295777,-3.2665436609637313,111057.4296875,4.658258010952468,2460807.9001831943
2460807.9035607446,0.996510713623399,0.002467547006639614,97.68290519714355,1.2023903,0.9436945220038407,0.8628783176474332,111057.4296875,4.59259045025628,2460807.9002903355
2460807.903667942,0.9964107952358989,0.002480081513475934,97.93460845947266,1.2024161,2.1150910099970837,0.5162059771421109,111057.4296875,4.128128584518256,2460807.900397535
2460807.9037746647,0.9962924280028008,0.0024773899542466214,98.2321159362793,1.2024419,1.9640598753904435,0.36941333368880397,111057.4296875,4.085687348545588,2460807.9005042594
2460807.9038822437,0.995998429965428,0.002477290608681316,98.00160598754883,1.2024677,1.411814099470937,1.1045950877534092,111057.4296875,3.9766492299103953,2460807.90061184
2460807.903988897,0.994032009288426,0.00247953547317961,97.73149795532227,1.2024961,1.027975043486077,0.006264973772106468,111057.4296875,3.818649221472894,2460807.9007184952
2460807.9040955505,0.996751535325259,0.0024832188480468664,97.61092567443848,1.2025219,1.011826806050235,0.3584972529447073,111057.4296875,3.8782782763102093,2460807.9008251503
2460807.904202181,0.996735432098008,0.0024707005105168703,97.72605476379394,1.2025497,0.5214725117116571,-1.0964917718453808,111057.4296875,4.174280683446951,2460807.9009317826
2460807.9043098986,0.9958192517933445,0.0024818025056889343,99.08147392272949,1.2025772,1.171852255699706,-0.12123799153044769,111057.4296875,3.8463568489060047,2460807.901039502
2460807.9044165406,0.992099548936144,0.0024621365443065644,99.49326171875,1.2026045,0.7189631491358591,-1.1934062966127197,111057.4296875,4.565000778389896,2460807.901146146
2460807.9045232167,0.9945421602583991,0.002465755819789652,99.48128204345703,1.2026322,0.7038796166779164,-1.3621503045989647,111057.4296875,4.5446148098201995,2460807.901252824
2460807.9046298815,0.997403401960519,0.0024821573699977647,99.79873428344726,1.2026604,0.33550189421532006,0.0860831690558112,111057.4296875,3.8044137505657347,2460807.9013594906
2460807.904736466,1.0008386699073375,0.002486462346158488,100.11472778320312,1.2026892,0.7384707952924745,-0.9180466901301787,111057.4296875,3.727708310289913,2460807.9014660763
2460807.904843177,0.9940005571432574,0.0024468382323266794,101.28000106811524,1.2027178,1.649152048763594,-1.941206906778329,111057.4296875,5.211577532863806,2460807.9015727895
2460807.904949529,0.9970636042008006,0.0024914443161395614,101.60672111511231,1.2027469,1.5774100073975887,0.20021638955024093,111057.4296875,3.7070531238117486,2460807.9016791433
2460807.905056136,0.9938563832409559,0.002483609779202835,102.10638275146485,1.2027766,0.4582437434274707,-1.1746181136800722,111057.4296875,4.118163431528742,2460807.9017857523
2460807.905163079,0.9977447835268769,0.0024769158053836626,101.46669387817383,1.2028045,0.9954476254922046,0.05255663490414816,111057.4296875,4.481424112253888,2460807.901892697
2460807.905270473,1.0003165864609298,0.002486700435103549,99.80867652893066,1.2028347,1.3440088928479477,-1.0634877570983208,111057.4296875,4.021380036561471,2460807.9020000924
2460807.9053769875,1.0018461004686716,0.0024780421357362995,99.02021446228028,1.2028648,1.229202671890606,-0.4367816466292608,111057.4296875,4.171346610749064,2460807.9021066087
2460807.905483745,0.9967460009209185,0.002495158487944679,98.52749443054199,1.2028956,1.636314922133163,0.16896531017961713,111057.4296875,3.2901527314671686,2460807.902213368
2460807.905590086,0.994077282722894,0.0024937938216108724,97.52968940734863,1.2029244,1.150794090130208,0.0004564871802433334,111057.4296875,3.4271357359442236,2460807.9023197107
2460807.90569807,0.9962424661701862,0.002491418357712717,96.7592929840088,1.2029555,1.0307202202745014,-1.544453589781558,111057.4296875,3.661266788192485,2460807.9024276966
2460807.9058069917,0.9956111518307234,0.0024976162907390884,96.14412422180176,1.2029867,1.6752890402198908,-0.5601578585237621,111057.4296875,3.0897828178830755,2460807.9025366204
2460807.905913379,0.9947018663363425,0.0024818667412544806,95.889603805542,1.2030181,1.3731830194929795,-0.2067482073015246,111057.4296875,4.425328517054917,2460807.902643009
2460807.9060198935,0.9976107203997798,0.0024934050916441824,96.24180335998535,1.2030498,1.0938341053766534,-0.9379896271334421,111057.4296875,3.5310593953818077,2460807.9027495254
2460807.906126616,0.9973138217102534,0.002488287612450795,96.89041137695312,1.2030801,1.0155676919797287,-0.6981437135697645,111057.4296875,3.793952588466163,2460807.90285625
2460807.9062344036,0.9972493446879749,0.0024537951998671653,96.45424690246583,1.2031131,1.1855339823570952,-2.6789953744101225,111057.4296875,5.262426844360634,2460807.9029640392
2460807.9063409413,0.9936665762358686,0.0024746224661239278,97.06042175292968,1.2031447,1.2546836445233982,-0.10350345754276935,111057.4296875,4.334359662439818,2460807.903070579
2460807.906447583,0.9949007656199462,0.0024848747303250706,97.34614562988281,1.2031771,1.7745719824875037,-0.5469449972502426,111057.4296875,3.7700394033166478,2460807.9031772222
2460807.906554179,0.9924907956978976,0.0024936768738390556,96.90392036437989,1.20321,0.6649816183386639,-0.08602083823611374,111057.4296875,3.4003456386585658,2460807.9032838196
2460807.9066607626,0.9988873320281612,0.0024905859929468905,96.7382942199707,1.2032419,0.1447561443597332,-0.48954142438856346,111057.4296875,3.907658812852968,2460807.9033904052
2460807.9067707374,0.9960042380547433,0.0024926753228378985,96.44213485717773,1.203276,1.3191661550960592,-0.9007560701216734,111057.4296875,3.532433471081152,2460807.903500382
2460807.906877356,0.9931507772124167,0.0024773700964045857,96.56426124572754,1.2033095,1.4200308210080008,0.32901200849466916,111057.4296875,4.364274313957266,2460807.9036070025
2460807.9069837662,0.9983740999875552,0.0024923357294522044,96.83627586364746,1.203343,1.2690621930302155,0.434731754046649,111057.4296875,4.1035277168334305,2460807.9037134144
2460807.90709035,0.997219381428157,0.002492482128817505,96.56021614074707,1.2033762,0.788446617554848,-1.025575997142767,111057.4296875,3.7241008594676717,2460807.90382
2460807.907196946,0.9949596106099153,0.0024598597432474584,96.99040374755859,1.2034103,2.0326760436319793,-3.7790985724548354,111057.4296875,4.568486937325664,2460807.9039265974
2460807.9073046753,0.99680430881827,0.0024892358970171084,96.51266479492188,1.2034442,0.64363153501083,0.6507513028555536,111057.4296875,3.8025493245209616,2460807.9040343286
2460807.90741134,0.9996056803208354,0.002485554443015575,96.46595344543456,1.2034792,1.7981805838730553,-0.718360845933724,111057.4296875,3.966603718999398,2460807.9041409953
2460807.9075190234,0.9955705955522881,0.0024435685941373224,96.26439895629883,1.2035141,2.1257104471084904,-1.4753859855681735,111057.4296875,5.4936068481693505,2460807.9042486805
2460807.907625665,0.9945723426300384,0.0024702509577504855,96.41734809875489,1.203547,0.6594570832373952,2.0534284766684032,111057.4296875,4.274643795902148,2460807.904355324
2460807.907732145,0.9984847313457592,0.0024750435242081427,96.82476959228515,1.2035826,0.13036728825399493,-0.9924657933048134,111057.4296875,4.766420935624453,2460807.9044618057
2460807.9078387753,0.996230690404625,0.0024716491620552115,96.37719841003418,1.2036187,1.7265631880074028,-2.6912422318819904,111057.4296875,4.860692095237711,2460807.9045684375
2460807.9079452897,0.9996069567751202,0.0024745539260387496,96.70411338806153,1.2036535,1.552935533995829,-0.30692872502778035,111057.4296875,4.743657738630874,2460807.904674954
2460807.908051862,0.9970653826696726,0.0024920389511075163,95.61012725830078,1.2036892,2.139315911974983,-1.1554887076883518,111057.4296875,3.549932577957037,2460807.904781528
2460807.908158411,0.9939629796160648,0.002489551472514275,95.97984237670899,1.2037256,1.0685967944842236,0.6430582685669236,111057.4296875,3.8879574077165153,2460807.9048880786
2460807.908264983,0.9987296143993829,0.002502784312702949,97.24318428039551,1.2037623,0.39461102112964347,0.16827054205173697,111057.4296875,3.1919224929467958,2460807.9049946526
2460807.9083717405,0.9985272490203303,0.0024895444424597266,97.2787425994873,1.2037971,0.3774312217675794,-0.68010330179558,111057.4296875,3.6345659350880366,2460807.905101412
2460807.9084781627,0.9942055707714902,0.00248241315368784,97.08986434936523,1.2038345,0.9908426688610279,0.08312836499347515,111057.4296875,3.590786345054539,2460807.9052078356
2460807.9085858576,0.9997748604493681,0.0024888573779213692,97.50723266601562,1.2038723,0.8114292432893984,-0.3772082492009543,111057.4296875,3.522685325346468,2460807.9053155323
2460807.9086935874,0.9947541638469664,0.0024681577980186333,97.83170890808105,1.2039101,2.211602455869368,-0.9705395594319258,111057.4296875,4.2579814548248285,2460807.905423264
2460807.908801398,0.9946099564777424,0.0024662127721352236,97.2239601135254,1.2039487,0.585461157530765,-0.8669426218184378,111057.4296875,4.431511052079909,2460807.9055310762
2460807.908907912,0.9986986153800775,0.002468304490726693,97.40335693359376,1.203984,1.2149969086329793,-0.13509553434927674,111057.4296875,5.189093282820021,2460807.9056375925
2460807.9090144034,0.9942497454124285,0.002464265425671773,97.55854072570801,1.2040233,0.7753291989183642,-1.0717640890632891,111057.4296875,4.715599387808604,2460807.9057440856
2460807.9091211613,0.9961883250099706,0.0024663738731036376,97.1614776611328,1.2040619,0.3219868708386969,-0.3525915674120336,111057.4296875,4.629298392423973,2460807.905850845
2460807.909227548,0.9959795710839177,0.0024803735819024114,97.39982261657715,1.2040981,1.910928983956956,-0.0021721853266115612,111057.4296875,3.8726680674903324,2460807.9059572336
2460807.909334109,1.0002954363226102,0.0024558527519074657,97.87773704528809,1.2041373,-0.17848556102890104,-1.3744095735042732,111057.4296875,4.612234846448213,2460807.9060637965
2460807.9094408317,0.995791227222213,0.0024532937173613475,97.99093093872071,1.2041762,1.3348050589084761,-0.19355881030710007,111057.4296875,4.867407518989315,2460807.906170521
2460807.909547265,0.9991768842869139,0.002469349421716278,97.29933433532715,1.2042158,0.5974968572109742,-0.4795903782981467,111057.4296875,4.3212472352638995,2460807.906276956
2460807.9096538494,0.998232557033575,0.002456064163068025,97.09277458190918,1.2042551,2.362539985190473,-2.032841124707689,111057.4296875,5.4412602741290375,2460807.906383542
2460807.9097616253,1.0005970083879678,0.0024431782588995353,97.01510505676269,1.204296,1.878185047170322,-1.364779400815479,111057.4296875,5.007326252464331,2460807.9064913196
2460807.909868186,0.9977525699806529,0.0024383660418670593,97.61520462036133,1.2043338,0.22173589949150438,-1.5376677615551402,111057.4296875,6.079353088794667,2460807.906597882
2460807.9099746654,0.9965194454760629,0.002464733183506561,98.19769058227538,1.2043744,0.7013745759614411,0.37842897774865014,111057.4296875,4.2814787711365065,2460807.9067043634
2460807.9100811915,0.9963401434226715,0.00246291803282204,98.42059173583985,1.2044152,1.3209407655192171,-0.8833666198179223,111057.4296875,4.277744094442195,2460807.9068108913
2460807.910187833,0.9958221997377984,0.0024617718446866437,98.6430763244629,1.2044563,0.41966119687994785,-1.4204493747092488,111057.4296875,4.467997304036405,2460807.906917535
2460807.9102942785,0.9953558006356894,0.002475310382550795,99.46144104003906,1.2044952,2.071393606461314,-0.7127776237720622,111057.4296875,4.615741013994551,2460807.9070239817
2460807.910400885,0.9976894698253586,0.002472745519455014,98.84650459289551,1.2045373,0.746267574788169,-1.5672228652712434,111057.4296875,4.204553299353158,2460807.90713059
2460807.9105074457,0.9945895659340838,0.0024807009638041547,98.99020767211914,1.204579,0.4489812599189695,0.17111056640387468,111057.4296875,3.8519007419709577,2460807.9072371526
2460807.910614203,0.993075324071425,0.0024645808598500432,99.22931289672852,1.2046211,0.7963137970364735,-0.29821693883253114,111057.4296875,4.250527580467265,2460807.907343912
2460807.9107207293,1.0020651565725387,0.002482562263771869,98.58990936279297,1.2046607,0.5471557914062345,-0.3797825839440834,111057.4296875,3.805579623552747,2460807.90745044
2460807.910827267,0.9968282965689386,0.0024810340071269405,98.57870178222656,1.2047036,1.2568116584880056,-0.08668547646425283,111057.4296875,3.985465751338974,2460807.907556979
2460807.910933828,0.9953973213396196,0.0024867870577090384,98.13982810974122,1.2047469,1.1506584932698607,0.18423238701404365,111057.4296875,3.9042467079104286,2460807.907663542
2460807.911040458,0.9958878374812278,0.0024811576136995177,98.44198417663574,1.2047869,0.49614261806199883,-1.48766221350867,111057.4296875,4.045979124378896,2460807.9077701736
2460807.9111470184,0.9936335048157311,0.002449590444561606,99.07744255065919,1.2048303,2.798404734827186,-2.0991449597755394,111057.4296875,5.908381948915115,2460807.907876736
2460807.911253811,0.9968795290028748,0.002453086080342425,99.18838119506836,1.2048742,0.12119709200670777,-0.9614702395420376,111057.4296875,5.125866643383783,2460807.9079835303
2460807.9113601516,0.9988810486696292,0.0024623950959834335,98.10814399719239,1.2049154,2.0744286649548416,-2.1792190850915056,111057.4296875,4.577874219771844,2460807.908089873
2460807.911466666,0.9968846644624265,0.0024497229976652647,98.03439674377441,1.2049596,1.7808958655821534,-2.1321057719485825,111057.4296875,4.912399391183058,2460807.9081963887
2460807.9115731344,0.9974003663012645,0.002443880451345315,98.50086059570313,1.2050028,1.9344562140033077,-2.1111990759651538,111057.4296875,6.18966583304967,2460807.908302859
2460807.9116798686,0.9969030994894242,0.0024725192603832747,98.4153606414795,1.2050461,0.4079529462680091,0.04829394607300671,111057.4296875,4.269934468736527,2460807.908409595
2460807.9117920194,0.9991600872832082,0.0024880434292866528,98.25680999755859,1.2050944,0.8999780357089935,0.3597642543909735,111057.4296875,3.7711431345746647,2460807.9085217477
2460807.911898534,0.9961805087096525,0.002454461051684203,98.86846122741699,1.205137,2.5041921629649657,-2.6024316572925024,111057.4296875,5.122937003103788,2460807.908628264
2460807.9120050017,0.9939120881250672,0.0024824822248800107,99.11468925476075,1.2051828,0.5648365034334852,-0.37069844872143426,111057.4296875,3.8286467117339926,2460807.9087347337
2460807.9121116432,0.9978724375511554,0.00248629211014119,98.58209114074707,1.2052268,0.6567525715833381,-0.8190576042501108,111057.4296875,4.122933236929746,2460807.908841377
2460807.9122183085,0.995196323897236,0.0024801296620583025,98.27531471252442,1.2052719,0.2839966519695477,-1.0078070835436734,111057.4296875,4.3296773203251515,2460807.908948044
2460807.912324985,0.9982963716434673,0.002477922133678743,98.95629844665527,1.2053165,0.9327947242541117,-0.19822071531408203,111057.4296875,4.4030273260717285,2460807.909054722
2460807.912431766,0.9937095320774461,0.0024833545311544972,99.75891647338867,1.2053627,0.9197555117900141,-0.48030827782915525,111057.4296875,3.9810749147639015,2460807.909161505
2460807.912538095,0.9985993228860386,0.0024918970299536505,100.77727127075195,1.205409,0.82365722332791,-0.5167845832956367,111057.4296875,4.006309570365986,2460807.909267836
2460807.912659945,0.9921796630097703,0.0024680758912650497,100.69856491088868,1.2054619,0.40109298403587995,0.06701209369389304,111057.4296875,4.944932375915784,2460807.9093896877
2460807.912766459,1.000597811476284,0.0024627776085669817,101.17161102294922,1.2055055,1.3217907070901334,-3.1800801363082623,111057.4296875,4.840726798858938,2460807.9094962035
2460807.9128753347,0.9940275169730998,0.002468456592193766,101.27751502990722,1.2055561,0.9185040401273571,-0.6314141684286237,111057.4296875,4.705636946803398,2460807.909605081
2460807.912981953,0.9990304999538042,0.002477475783795982,100.4108715057373,1.2056006,0.7563605532090394,-0.5754301998497808,111057.4296875,4.4249318133681115,2460807.9097117013
2460807.9130885135,0.9971841602776905,0.0024818279658499046,101.06836624145508,1.2056482,1.104200940410928,-0.7763324731621103,111057.4296875,4.229635930194079,2460807.9098182637
2460807.9131964175,0.9956841422784802,0.0024790225780941255,100.46498565673828,1.2056964,0.6754160836470178,0.025468310705694986,111057.4296875,4.117806038292649,2460807.909926169
2460807.913302897,0.9940501576355026,0.002478688127241045,100.66143493652343,1.2057447,-0.21551768591493525,-0.1878421810397244,111057.4296875,4.366214366520243,2460807.9100326505
2460807.9134094347,1.000503198036037,0.002475469474073273,100.64301872253418,1.20579,1.1252636858686986,-0.4893738675614193,111057.4296875,4.51744044846342,2460807.91013919
2460807.9135161457,0.9970435309607485,0.0024721936560956003,100.4839298248291,1.2058387,2.3516704840601865,-2.3239646369732525,111057.4296875,4.3403374115730555,2460807.910245903
2460807.913622706,0.9976623774708977,0.00242541411783452,101.15895462036133,1.2058864,2.1662041065899316,-2.8425231514110743,111057.4296875,5.252199108424183,2460807.910352465
2460807.9137314428,0.9968715631228626,0.0024351862466468048,102.09827880859375,1.2059348,0.20751551906628593,-1.436509095592186,111057.4296875,5.574720023551517,2460807.9104612037
2460807.913838027,0.9990836452976715,0.002475365802296656,101.96227722167968,1.2059852,1.9039260301320786,0.06278660325254307,111057.4296875,4.7462922049017875,2460807.9105677893
2460807.913944727,0.9982320454636303,0.0024797241528990415,101.61713447570801,1.2060359,0.6797756320577457,-1.2903621907679264,111057.4296875,3.926140379334138,2460807.910674491
2460807.9140513684,0.9950774974187515,0.00249185857473002,101.49533500671387,1.2060822,1.2454488341082957,-1.2671968916681513,111057.4296875,3.891255354600505,2460807.9107811344
2460807.914158045,0.994232905957456,0.0024926583240317585,101.73356666564942,1.2061331,0.911888154124784,-0.39068101504014147,111057.4296875,3.5906461442988866,2460807.9108878127
2460807.9142652648,1.001252409860901,0.0024844953014671162,101.69261283874512,1.2061808,0.9012135679459486,-0.439444848510443,111057.4296875,4.185811504760005,2460807.9109950345
2460807.914373504,0.9984131613565875,0.002484082729331621,99.65831756591797,1.2062318,0.2464656390141389,0.057255446501939644,111057.4296875,3.884095108697983,2460807.9111032756
2460807.9144800417,0.9980864098058209,0.00247094530745411,98.29807815551757,1.2062827,0.7360967983748834,-0.964383316601308,111057.4296875,5.072424664445015,2460807.9112098147
2460807.914586591,1.0017544505406457,0.0024586381014702883,96.83717193603516,1.206333,1.8023033486025286,-0.779462221377588,111057.4296875,5.6142754612460255,2460807.911316366
2460807.9146932443,0.99743377180102,0.002459943588612681,96.35986442565918,1.2063844,1.5377549925731744,-1.9730623833934313,111057.4296875,4.829474546729666,2460807.911423021
2460807.9148012516,0.9960580469346868,0.0024399310236071442,96.4673641204834,1.2064342,1.294624044079513,-1.8560425987684597,111057.4296875,5.25551827827995,2460807.91153103
2460807.914909803,1.0004142666164477,0.002449078493580434,95.97757911682129,1.2064871,1.9638722659311907,-1.4225451027467124,111057.4296875,5.06850101517487,2460807.9116395833
2460807.915017521,1.0001837865557388,0.00246150098766756,96.21929473876953,1.2065404,0.8940553029966193,-1.5919871791621574,111057.4296875,4.383235827341685,2460807.9117473033
2460807.915126489,0.9949082433985653,0.002466909650268821,96.97038230895996,1.2065919,0.7963591611092772,-0.39543648067369785,111057.4296875,4.182875862864184,2460807.911856273
2460807.9152329923,0.9962832226130678,0.0024523424223157936,99.01079444885254,1.2066426,1.3141358254094602,-0.45282579828649244,111057.4296875,4.9193753338687145,2460807.911962778
2460807.915341972,1.0009048374394378,0.0024603331404418113,98.54151420593261,1.2066957,2.7745481771211065,-2.3861983316284956,111057.4296875,4.807764863549235,2460807.9120717593
2460807.915448718,0.9967543582473393,0.0024400699900230176,98.51791801452637,1.2067486,1.6190963398026312,-2.209147405031248,111057.4296875,5.369653889106239,2460807.912178507
2460807.915555151,0.9943171814541316,0.002435661815105744,98.54760513305663,1.2068022,2.207324669637258,-2.604290193323931,111057.4296875,5.139573478014002,2460807.9122849423
2460807.9156617117,0.9963374235845519,0.002449915679744038,98.31641502380371,1.2068557,0.9461112707419164,-1.3004787710453085,111057.4296875,4.948989070043962,2460807.9123915047
2460807.9157684343,0.9975558862677968,0.0024312434781944606,99.4574047088623,1.2069061,2.344626720826167,-2.0617938251604997,111057.4296875,5.938742534307766,2460807.912498229
2460807.9158750414,0.9953594237906774,0.0024649876497287435,99.07726249694824,1.2069605,1.1951497751467108,-0.8344963919712516,111057.4296875,4.952049072684483,2460807.912604838
2460807.9159813244,1.00293744580119,0.0024545432585497237,99.73512382507325,1.2070151,1.5494017067390868,-0.9108610045954317,111057.4296875,5.291806795846919,2460807.9127111225
2460807.916087955,1.0036520327259393,0.0024723172913483204,100.05312461853028,1.2070654,1.1184672324249922,-0.770076581274255,111057.4296875,4.634822012143006,2460807.912817755
2460807.9161944804,0.9943829898337162,0.0024556701940069117,100.22621078491211,1.2071211,1.3498785169478935,-1.3645023481220588,111057.4296875,5.757064940991069,2460807.9129242823
2460807.9163010414,0.9984714956980549,0.0024580317782330343,100.2174030303955,1.2071762,0.867955158444786,-0.7521993262644081,111057.4296875,4.857887401950653,2460807.913030845
2460807.916407648,0.9972480051893472,0.002455886628979398,101.19720001220703,1.2072299,0.7643497601875984,-1.3972911690184953,111057.4296875,4.9129338869163695,2460807.9131374536
2460807.916514209,0.9995582401748867,0.002478855147341238,101.68747901916504,1.2072841,2.0867177314337906,-1.438294531007848,111057.4296875,4.1464880441699625,2460807.913244016
2460807.916621858,0.9954456232850036,0.0024665252938083928,101.69358711242675,1.20734,1.3611882969969131,-1.2078975242049654,111057.4296875,4.55999501036643,2460807.9133516666
2460807.9167284532,0.9978301778727052,0.0024607862674580006,101.60648918151855,1.2073967,0.9717581571061094,-0.0879313429933575,111057.4296875,4.637079044514876,2460807.913458264
2460807.9168385784,0.9994985791369295,0.0024648666754177578,101.5156795501709,1.207453,0.03156149275843436,-0.6190676233483404,111057.4296875,4.9646940405567115,2460807.913568391
2460807.916946285,0.9977216684615947,0.002455152776371862,101.22784309387207,1.2075096,0.8140747398943617,-1.1617804159021792,111057.4296875,5.227551892035534,2460807.9136760994
2460807.917054223,0.996043736361206,0.002475068651236681,100.57083320617676,1.2075629,1.4148709187320652,-0.9031426656823279,111057.4296875,4.030045069860377,2460807.913784039
2460807.9171606447,0.9957229555944543,0.0024676888856450412,100.76733322143555,1.20762,1.360003750603663,0.5448166582620758,111057.4296875,4.531262330733042,2460807.913890463
2460807.9172671246,0.998487975999488,0.002458732032718344,101.30795249938964,1.2076776,1.9424299213245162,-2.1343998236522777,111057.4296875,5.136011358663803,2460807.9139969447
2460807.917373674,0.993576312015283,0.002456448782769632,101.68500366210938,1.2077353,1.1008590918335015,-1.2008901093851674,111057.4296875,4.78602996260475,2460807.9141034954
2460807.9174802,0.9952860855790893,0.0024585777813250272,102.22818870544434,1.20779,0.5681363788174894,-0.49960107378713275,111057.4296875,4.641764995638892,2460807.9142100234
2460807.9175867606,0.9964743604679871,0.0024545910568318854,102.61679458618164,1.2078469,2.745410317896973,-2.4391341632642867,111057.4296875,5.283024651635969,2460807.9143165858
2460807.917693367,0.9933628478837351,0.0024532242585787265,102.36908264160157,1.2079062,1.1278713475683824,-3.1074419394026798,111057.4296875,5.0128874669282935,2460807.9144231942
2460807.9177999976,0.9931465245322063,0.002421994825653761,102.66433525085449,1.20796,3.7552752597138643,-0.04413654856809148,111057.4296875,5.959400379285004,2460807.9145298265
2460807.917906466,0.9976556808304914,0.0024891530572142737,101.0034309387207,1.2080187,-0.26674867719777556,-0.2641682650902169,111057.4296875,3.949745393248409,2460807.914636296
2460807.9180129687,0.9996950195405645,0.0024873865209681335,100.4762996673584,1.2080782,0.04901593502790382,-0.904906714662781,111057.4296875,4.6732437957843125,2460807.914742801
2460807.9181196797,1.0005578536686772,0.0024953095537658537,100.95550727844238,1.2081375,1.2774706005824585,-0.20255195369427412,111057.4296875,3.603369026584345,2460807.9148495137
2460807.91822859,0.9942130209655148,0.0024818212049792197,100.85892715454102,1.2081958,0.7487611298369851,-0.7461719314476076,111057.4296875,4.289747070157397,2460807.914958426
2460807.918335151,0.9947378735677479,0.002478896957628114,100.52051849365235,1.2082554,0.5828077173445365,-0.9859829684106846,111057.4296875,3.9772302443155048,2460807.9150649887
2460807.918441723,0.9953556171670711,0.002476085701545392,100.15741424560547,1.2083145,1.1248490769685815,-1.3336137711767095,111057.4296875,4.430271634963114,2460807.9151715627
2460807.9185486888,0.9937186403903168,0.002459847025463154,99.2249309539795,1.2083733,1.1988828716912483,-0.7000250241266541,111057.4296875,4.58756171480237,2460807.91527853
2460807.918655979,0.9971361213347576,0.0024614846596333682,98.4535343170166,1.2084336,0.6421941997738855,-1.026284461757164,111057.4296875,4.73349216257579,2460807.915385822
2460807.918871531,0.9943602727609034,0.0024408236999503108,98.6108901977539,1.208555,1.8222808829784416,-3.0734452840328608,111057.4296875,5.035037566032321,2460807.9156013774
2460807.918978068,0.9975527037398342,0.0024650239885985283,98.2916130065918,1.2086162,0.1517811259278533,-0.420872019526139,111057.4296875,4.760260589294853,2460807.9157079165
2460807.919191201,1.0007652789401882,0.002446192670104885,99.82873420715332,1.208736,2.003007259733832,-1.6527827738192036,111057.4296875,5.4862388916126115,2460807.9159210534
2460807.9195108605,0.9979210865286455,0.002474631326379332,102.6881275177002,1.2089184,2.426024651943845,-1.4109040352065145,111057.4296875,4.664510478359833,2460807.9162407178
2460807.919617386,0.9911309570141387,0.00248514937639266,102.48698616027832,1.2089817,1.8778565345567555,0.4637178239754208,111057.4296875,3.9835484966792447,2460807.916347245
2460807.919724051,0.9988787976046579,0.00249420708786047,100.77492485046386,1.2090409,0.8175753535471012,-0.1652307327449098,111057.4296875,3.7475431900824723,2460807.916453912
2460807.9198306114,0.9983902892317227,0.0024836536594208666,100.20567626953125,1.2091044,1.956604006189877,-0.4047818211799807,111057.4296875,3.991614992853036,2460807.9165604743
2460807.919937254,0.9952218903072056,0.0024808961767197146,100.34647827148437,1.2091678,0.10940685835506506,-0.5047694151901699,111057.4296875,4.1303143066897645,2460807.916667118
2460807.9200437567,0.9996969478125417,0.002485280479635852,101.7363941192627,1.2092276,1.6512995216619228,-0.2766265481369443,111057.4296875,4.030023886157101,2460807.916773623
2460807.920150294,0.995868116558172,0.0024806318707926577,102.8140697479248,1.2092927,1.1927148395996983,-1.845652242477908,111057.4296875,4.375239471721643,2460807.916880162
2460807.9202568894,0.9992998246374707,0.0024820777657110324,103.21292381286621,1.2093538,0.6946335368489138,0.17411294666479865,111057.4296875,4.262902819820496,2460807.9169867593
2460807.92036345,0.9992010304076684,0.0024937436245378885,103.60935554504394,1.209419,-0.1085397953566787,-0.22506336121596032,111057.4296875,3.5987338009115297,2460807.9170933217
2460807.9204700105,0.9966203715434728,0.0024886199006388717,104.52209815979003,1.2094808,2.3892743317074525,-1.0028965458020533,111057.4296875,3.76077524469723,2460807.917199884
2460807.9205788984,0.9941150014975131,0.002472716132928688,105.25678253173828,1.2095478,0.3341561786498204,-1.7572502499572056,111057.4296875,4.815749908463653,2460807.9173087734
2460807.920685505,1.0008372065626419,0.00248852680398536,104.8702766418457,1.2096126,1.1618061388412306,-1.3764046220898771,111057.4296875,3.8817201140679836,2460807.917415382
2460807.920792031,0.9964087692522177,0.002477595399672247,105.24458732604981,1.2096741,0.14866025671483185,-0.8002310079609365,111057.4296875,4.722942489367595,2460807.91752191
2460807.9208986494,0.9969751488427735,0.002467187220249563,105.18759078979492,1.2097399,1.5716748450091478,-0.9782295853429772,111057.4296875,5.018173588643767,2460807.91762853
2460807.9210052104,0.9939626900777611,0.0024737081560303673,102.91231575012208,1.209806,0.5410089396601521,-2.2908332197218924,111057.4296875,4.927319190752415,2460807.917735093
2460807.9211153355,0.992928546860244,0.0024685967291859464,101.42607421875,1.2098723,0.5296073374361009,-0.5906725136946626,111057.4296875,4.589815712685355,2460807.91784522
2460807.9212218616,0.9943297808210477,0.002448068786969483,101.69650192260742,1.2099385,2.038358102341448,-1.7682942693759267,111057.4296875,5.0614634920683,2460807.917951748
2460807.9213283416,0.9934653706875489,0.0024370288574735014,100.94331550598145,1.2100007,2.4041260211833295,-1.5345518589284157,111057.4296875,5.260620797123935,2460807.918058229
2460807.9214347634,0.996092437781265,0.002434093358002336,100.78184661865234,1.2100674,2.2726247904504357,-2.9795622720291584,111057.4296875,5.970275132322449,2460807.918164653
2460807.9215413705,1.0022278703065364,0.002470538594822236,98.71274833679199,1.2101347,1.3652974237690736,-0.680548984085761,111057.4296875,4.544865411181243,2460807.9182712617
2460807.9216478034,0.9953690309898552,0.002472188692190123,98.51026229858398,1.2102,1.7985965418932377,-2.978354304634562,111057.4296875,4.148691434711637,2460807.9183776965
2460807.92175448,0.9970401260471955,0.002454487222701273,98.47737998962403,1.2102667,0.9223884052095435,-2.591890642079145,111057.4296875,5.151521059222493,2460807.918484375
2460807.9218610986,0.9999098755897738,0.0024655604370084246,99.37604560852051,1.2103345,1.068508628773102,-0.16025304659124465,111057.4296875,4.484591459867506,2460807.9185909955
2460807.9219675437,0.996300105843259,0.0024716580295692223,99.72209014892579,1.2104024,1.0708481554345346,-0.9862528889197816,111057.4296875,4.211267880279886,2460807.918697442
2460807.922076431,0.9961801330534881,0.0024581974830899913,100.22635002136231,1.2104705,0.9237242752873274,0.5128722986100681,111057.4296875,4.6868147369198025,2460807.918806331
2460807.9221833157,0.9971142756273844,0.002470285935466617,101.2207260131836,1.2105345,1.3367547867810896,-1.5503597654787908,111057.4296875,4.801621304151322,2460807.9189132177
2460807.9223984047,0.995206201203413,0.0024518580995981343,102.07615814208984,1.2106739,2.784894249313843,-0.2550267547794828,111057.4296875,5.087483694339177,2460807.9191283104
2460807.922505324,0.9954388225787473,0.0024617517017576137,102.14861831665038,1.210743,1.872597198352733,-1.1353986107506613,111057.4296875,5.087680283074305,2460807.9192352314
2460807.922611607,0.9965727110390181,0.002459014659430222,101.7097957611084,1.2108088,0.3192537357340016,-0.4543991298562248,111057.4296875,4.827940563257918,2460807.919341516
2460807.922718237,0.9953811976949271,0.002431476190990921,100.66968650817871,1.2108777,2.557184180524829,-3.3868232227280988,111057.4296875,5.674781221825423,2460807.919448148
2460807.922824798,0.995490845344453,0.002423267692354327,100.44948120117188,1.210947,1.5525632922254777,-0.4600130684503789,111057.4296875,5.538967772469393,2460807.919554711
2460807.9229314625,0.9961145031748093,0.0024579332688091267,100.66529998779296,1.2110146,1.1655322011438751,-0.9787844155714273,111057.4296875,4.853192229086942,2460807.919661377
2460807.923037919,0.9959973374770165,0.0024383228534567937,100.82467842102051,1.2110866,1.5191534018043127,-2.3389929555938176,111057.4296875,5.554624855545733,2460807.9197678356
2460807.9231445147,0.9937888082840436,0.002434963933229348,100.55432777404785,1.2111537,1.2756757514280601,-3.039369553848085,111057.4296875,5.500643755819121,2460807.919874433
2460807.9232511334,1.0011479467619475,0.002445917540465652,100.57243461608887,1.2112249,1.1350672453104071,-0.19347014635239923,111057.4296875,5.553585377738385,2460807.919981053
2460807.9233588977,0.9980703503823456,0.0023976716081636996,100.71327514648438,1.2112971,2.5619969906364854,-3.56738593469896,111057.4296875,6.298107417989504,2460807.920088819
2460807.9234667434,0.9991892389359361,0.0024292408700353095,100.00605354309081,1.2113691,1.0698177846218369,-2.6516824749748578,111057.4296875,5.776717664146555,2460807.920196667
2460807.9235733617,0.9966924550232511,0.0024638547145061362,100.36535530090332,1.2114363,0.7446474211295441,0.29305491813493423,111057.4296875,4.746306356282631,2460807.920303287
2460807.923679969,0.9976154186571999,0.002452034659448702,100.52479057312011,1.2115084,2.677753987008121,-2.619892074466447,111057.4296875,4.968183235705296,2460807.920409896
2460807.9237866453,0.9959802703840659,0.0024678317500646486,100.36048965454101,1.2115813,1.64261686012948,-1.0360965830064732,111057.4296875,4.409457043769804,2460807.9205165743
2460807.9238931364,0.9960042402715059,0.0024670980977809427,100.29680023193359,1.2116513,0.5316674451824333,-0.7023506838604098,111057.4296875,4.519434535171083,2460807.9206230673
2460807.9240158196,0.9959193653294117,0.002461497998323583,100.86251945495606,1.2117317,0.7082175296764669,0.4070762221550997,111057.4296875,4.821977355521493,2460807.9207457523
2460807.924122797,1.0006635417185337,0.0024599818651588642,101.69167022705078,1.2118057,1.4293639618844354,-3.3398609520313847,111057.4296875,4.985390939294998,2460807.9208527314
2460807.9242296587,0.9969685286679567,0.0024413960179392345,102.34225502014161,1.211879,1.594547294797145,-1.0967839444551948,111057.4296875,5.7702259194270455,2460807.920959595
2460807.9243359994,0.995745112650708,0.0024435778462902264,102.48938217163087,1.2119506,1.6042313804889097,-2.1835334878463244,111057.4296875,5.345905330976442,2460807.9210659377
2460807.924442711,0.9985333856625433,0.0024466227356476906,102.59258575439453,1.2120225,0.989494722113449,-1.4269562803855003,111057.4296875,5.293176266978784,2460807.9211726505
2460807.9245505445,0.9947079655008524,0.002456364070747437,102.45670585632324,1.2120962,1.932747759580588,-2.417870417227442,111057.4296875,5.057972338864452,2460807.921280486
2460807.9246571516,0.9954575456477315,0.002467748219711312,102.30000381469726,1.2121704,0.8173497922450218,-0.5349837070397635,111057.4296875,5.116407605954124,2460807.921387095
2460807.924763758,0.9995642098085972,0.0024563389665671676,102.00869560241699,1.2122449,2.346038174492018,-2.4221292960429666,111057.4296875,4.9953457248384145,2460807.9214937035
2460807.9248703076,0.9959021614071717,0.0024541920136182207,101.75625381469726,1.212316,1.260777111902016,-4.234985324412572,111057.4296875,5.327090185101139,2460807.9216002547
2460807.9249769608,1.0014928998833743,0.0024753765954998006,101.93077278137207,1.2123904,-0.5315569480515004,1.2967345506365684,111057.4296875,4.871714594311876,2460807.92170691
2460807.925085987,0.996866271710161,0.0024462857025964392,101.44063758850098,1.2124658,2.2021798945726756,-3.0046771973730912,111057.4296875,5.799035296399623,2460807.9218159374
2460807.9251923626,0.9957031579712561,0.0024188839087775703,100.9642894744873,1.2125417,0.5848606597010055,-0.40169121934172775,111057.4296875,6.13082875837341,2460807.921922315
2460807.9252993977,1.0033725616144211,0.002459838265907625,100.93067512512206,1.2126116,1.1306966936268865,-0.6726686470797494,111057.4296875,5.144641560654714,2460807.922029352
2460807.9254066874,0.999082983267722,0.00244994769648989,101.61357269287109,1.2126893,2.1366224694515066,-3.2711643239547348,111057.4296875,5.4206927116684716,2460807.9221366434
2460807.9255145327,0.9985229777608474,0.0024563028269419997,101.86978683471679,1.2127673,1.2962251003437266,-1.448160760892815,111057.4296875,5.284749930731535,2460807.9222444906
2460807.925623397,0.9943900962711766,0.0024660084827900232,101.28649978637695,1.2128437,1.5851765268983193,-1.9478736636781697,111057.4296875,4.6746886014618125,2460807.9223533566
2460807.9257299113,0.9989910387108925,0.0024638340283147935,101.54833221435547,1.2129208,0.5474550557199531,-0.14782690064965703,111057.4296875,5.228889192757827,2460807.922459873
2460807.925838902,0.9975768260980127,0.002459836073078344,101.34912033081055,1.2129975,1.2122901984289791,0.01481067375957279,111057.4296875,5.2440526452880745,2460807.9225688656
2460807.9262664765,1.000342713134585,0.002449722120937945,100.88318519592285,1.2133025,2.264313583066389,-0.8903878650102169,111057.4296875,5.268820418879586,2460807.922996447
2460807.926695115,0.9975934124918615,0.0024371047619565194,101.16190490722656,1.2136138,1.4512798839130412,-2.023156901796267,111057.4296875,6.039455483845396,2460807.9234250924
2460807.9268016294,0.9988811214701772,0.0024648513129150768,101.2394847869873,1.2136935,0.3889661054946294,-1.160729620265126,111057.4296875,4.928947794745414,2460807.9235316087
2460807.9269082714,0.9967736160497737,0.0024349452299120633,100.76555557250977,1.2137679,1.6699877539177275,-2.01654596925312,111057.4296875,6.359811650213374,2460807.9236382525
2460807.927014751,0.9999694346041721,0.0024359012686975693,100.8235092163086,1.2138481,0.41103996111153046,-3.6849503822469907,111057.4296875,6.229222586977899,2460807.923744734
2460807.9271212765,0.997715165423076,0.0024461548456053317,101.81774024963379,1.2139285,1.106776183396399,-2.2444205860572772,111057.4296875,5.2369069270346555,2460807.9238512614
2460807.9272430227,0.9983119873045325,0.002447167458359335,101.55963706970215,1.214017,2.507240565811757,-2.294573340422513,111057.4296875,5.376891951422585,2460807.9239730095
2460807.9273496065,0.9998752457667884,0.0024253657316421606,101.5523624420166,1.2140951,1.6712631881825286,-1.1567520989592939,111057.4296875,5.4445644382407234,2460807.924079595
2460807.9274573475,0.9973415782054228,0.0024626152987162722,101.74491271972656,1.2141756,0.38813401439664436,-1.4748448755943147,111057.4296875,4.953605680659857,2460807.924187338
2460807.9275651234,0.9979404822648329,0.0024491894917106163,101.8024341583252,1.2142566,1.4974626423140325,-2.182459897790311,111057.4296875,5.2398492125572895,2460807.9242951158
2460807.9276716956,0.9942045344381925,0.002429765943238241,101.83267974853516,1.214338,1.1694312645015734,-2.2910461108748565,111057.4296875,6.098844600235806,2460807.92440169
2460807.927885917,0.9960091202205829,0.0024601901258339653,101.05589599609375,1.214497,-0.5824909410957496,-0.9413547935317474,111057.4296875,5.039310817822765,2460807.9246159145
2460807.92799257,0.9977984977190342,0.002446719809931351,101.10205154418945,1.2145788,2.7775951867279653,-2.19323650760253,111057.4296875,5.43330640866522,2460807.9247225695
2460807.9280991307,1.002310553682766,0.002429704184947572,101.81880569458008,1.2146592,1.6839098473472236,-2.699464044834598,111057.4296875,6.155722678491437,2460807.924829132
2460807.9282058305,0.9961977240694835,0.002446325765060977,102.1767032623291,1.2147421,1.7979786632770058,-2.1839960722333647,111057.4296875,5.592293705352664,2460807.9249358336
2460807.928312391,0.9969434596701654,0.002445142763250604,102.08040313720703,1.2148226,0.7224275007271453,-2.9423934734200015,111057.4296875,5.333919509265264,2460807.925042396
2460807.9284189404,0.9969370556890186,0.0024346950974318445,102.9404541015625,1.2149038,1.9150278277523753,-1.9923765913670366,111057.4296875,6.214352377869939,2460807.9251489467
2460807.9285277813,0.9959083601755272,0.0024530167796843194,103.17697410583496,1.2149878,2.15877285560978,-1.7894632732932174,111057.4296875,5.289150350423082,2460807.9252577894
2460807.928634226,1.0015265435439944,0.0024612937486175063,103.01296005249023,1.2150704,3.112948367675173,-1.5595281240007501,111057.4296875,5.1511003682378025,2460807.925364236
2460807.9287408097,0.9970376422540926,0.0024541707197830013,102.31677474975587,1.2151514,0.6534328197649331,0.7302714868631796,111057.4296875,5.484237970400286,2460807.9254708216
2460807.928847486,0.9959028504042718,0.0024544759365593156,102.14762496948242,1.2152349,0.8305600995686304,-1.9821598369484694,111057.4296875,5.363444326832091,2460807.9255775
2460807.92895407,0.9945423226427136,0.002435663660801689,101.51028861999512,1.2153192,1.5797952167110672,-3.03485106534643,111057.4296875,5.655319011472171,2460807.9256840856
2460807.929060677,0.9990780477003489,0.002454595668148054,101.31437606811524,1.2154037,3.1811208988157365,-1.7575688261563025,111057.4296875,5.100448526173686,2460807.9257906945
2460807.9291673307,1.002994059190707,0.002429716397925639,101.14939765930175,1.2154827,1.6145584549649783,-1.8079985766559399,111057.4296875,5.955669180712063,2460807.9258973496
2460807.929273903,0.9972256420144399,0.002460956471679697,101.33906059265136,1.2155684,2.6021422326589114,-2.6152810555877086,111057.4296875,4.809047852659246,2460807.9260039236
2460807.929381667,0.9977977780940721,0.002455862495215262,100.67045745849609,1.2156555,0.338015651353096,0.2603188470768686,111057.4296875,4.878517890041498,2460807.92611169
2460807.9294882626,1.001378908897514,0.002459206916178074,100.47980308532715,1.2157352,2.1573452897927754,-1.3131341942236379,111057.4296875,4.636928246660092,2460807.926218287
2460807.9295948115,0.9956471529780714,0.002470478685558006,100.30161628723144,1.2158213,0.926128399373121,-0.9644460915588472,111057.4296875,4.355659733689544,2460807.926324838
2460807.9297013953,0.999678884119277,0.0024626132339019757,100.88461532592774,1.2159074,2.1703994177366046,-2.0499476380491104,111057.4296875,4.9842627783216455,2460807.9264314235
2460807.9298079335,0.9979725028791686,0.0024461081794070003,101.41498908996581,1.2159885,3.3620512786226326,-2.250815317715964,111057.4296875,5.629744685276661,2460807.926537963
2460807.929914494,0.9968715724093599,0.0024463889779331354,101.80491905212402,1.216075,0.6304662740473911,-1.8071199967658336,111057.4296875,5.203066223446011,2460807.9266445255
2460807.930021066,0.997857835458737,0.0024323974579059235,102.77317161560059,1.2161618,3.0294859968315784,-2.765800354810913,111057.4296875,5.815458453790914,2460807.9267510995
2460807.9301289925,1.003226088647825,0.0024377463517878508,102.68362731933594,1.2162488,1.114935198319266,-0.27107743923785815,111057.4296875,5.631137651371564,2460807.9268590277
2460807.930235345,1.000709073368383,0.002448812438986694,102.91928977966309,1.2163335,1.8498780409099678,-2.7126070457068896,111057.4296875,5.3254895392977035,2460807.926965382
2460807.930342033,0.9952803137849134,0.002443152311183698,103.29020271301269,1.2164196,1.9928204215261227,-2.33164131739671,111057.4296875,5.194652469803639,2460807.927072072
2460807.9304484893,0.994086621090568,0.002452823110075981,103.21427497863769,1.2165087,2.7971953811913473,-3.881765662071565,111057.4296875,5.112642781459596,2460807.92717853
2460807.930555097,0.9962648362010372,0.0024589554241188066,102.98567581176758,1.216591,1.3964817572509207,-2.256482043343313,111057.4296875,4.85471636567865,2460807.927285139
2460807.9306617035,1.0016694236751975,0.0024613917260260096,103.0204246520996,1.2166784,1.6510489449629369,-1.4009675844437237,111057.4296875,5.10688292603974,2460807.9273917475
2460807.930768299,0.9955151063933445,0.002439911698508891,103.32419395446777,1.2167652,0.35918756710803174,-1.94787197229877,111057.4296875,5.238391585987555,2460807.927498345
2460807.930874825,1.0005402033218276,0.0024335200808164267,103.65967330932617,1.216854,3.5763133952330595,-3.8377865290088775,111057.4296875,5.684221497336898,2460807.9276048727
2460807.9309814433,1.0024674056291076,0.0024462939691766478,103.25694274902344,1.2169431,1.2689841272020912,-2.2133424979188434,111057.4296875,5.246162403981857,2460807.927711493
2460807.931087981,1.0005659451311382,0.0024651504264905683,103.0705581665039,1.2170294,1.3514085994588512,-0.6679326408686556,111057.4296875,4.8964412377430175,2460807.9278180324
2460807.9311969844,0.9996044271941421,0.0024818637923610443,103.02600898742676,1.2171204,1.2893520185491116,0.4773376659477471,111057.4296875,4.080545232780839,2460807.9279270372
2460807.9313034983,0.9978078557287756,0.0024350020333334483,102.78572807312011,1.2172092,2.8372713514702013,-3.5269365555672705,111057.4296875,5.61122961369499,2460807.928033553
2460807.931410094,1.0002777987009934,0.002431560709868415,102.68626708984375,1.217294,0.9619211112320641,-2.3197061179417506,111057.4296875,5.96351417461295,2460807.9281401504
2460807.9315166543,0.9962923881510827,0.0024463660159596214,102.44375495910644,1.2173847,1.2080344994162346,0.026153445546808696,111057.4296875,5.509747656384785,2460807.928246713
2460807.931625715,1.0035560467123605,0.002453321272288477,102.18056221008301,1.2174751,1.1624094425603468,-2.8835301546116336,111057.4296875,5.458103588669396,2460807.9283557753
2460807.9317322294,0.9985278732869207,0.0024616670943730804,101.91588973999023,1.2175657,0.8864978897855716,-1.5101478388252534,111057.4296875,4.752372123921869,2460807.9284622916
2460807.931838929,0.9959409793272466,0.0024676252137355746,101.89498634338379,1.2176557,0.20736038185528613,0.3622395237087434,111057.4296875,4.578170332411013,2460807.928568993
2460807.9319453626,0.9913601713389396,0.0024719146391880566,101.8869255065918,1.2177437,0.2512017269463557,-1.2884792355601484,111057.4296875,4.479851352374215,2460807.928675428
2460807.9320520046,0.9979250706605123,0.002481090405571264,102.3362419128418,1.217836,0.8978314837300193,-1.2038449199035512,111057.4296875,4.3735484332843155,2460807.928782072
2460807.9321611463,0.9966263394681031,0.0024854054020296366,102.4740592956543,1.2179288,1.247735437750808,-0.8043650518438171,111057.4296875,4.142858102929163,2460807.9288912155
2460807.932267753,0.9986902493196778,0.0024679313472612714,102.25852241516114,1.218016,1.5195122826015197,-1.2457401784450999,111057.4296875,4.648528067507044,2460807.928997824
2460807.932374036,0.996357829394884,0.002486006856484747,102.43527870178222,1.2181079,1.8366744626189353,0.2632242514480373,111057.4296875,4.226259370884071,2460807.929104109
2460807.932488224,0.9968369805457605,0.002470060516808622,102.76055679321288,1.2182068,2.3288235443135283,-2.538824456887932,111057.4296875,4.877897313437255,2460807.9292182988
2460807.932595386,1.000643409663728,0.002482879416564197,102.49206657409668,1.2183014,1.1527478928220034,0.08287555518457608,111057.4296875,4.247769096881347,2460807.929325463
2460807.9327019583,0.9978453006490462,0.0024830588006397427,103.00177879333496,1.2183877,1.4340668792889473,-0.2068523620984845,111057.4296875,4.484699377849839,2460807.929432037
2460807.9328120146,0.9956043755527603,0.0024830430934269045,102.47903823852539,1.2184874,0.038619517369685025,-0.15319433302256996,111057.4296875,4.103231123837695,2460807.929542095
2460807.9329187027,0.9968490441660527,0.002479370555167333,103.0099090576172,1.2185747,1.103008504963768,-0.16214002994730697,111057.4296875,4.360142126291641,2460807.929648785
2460807.9330254486,0.999577221904663,0.002475857520269194,102.65090827941894,1.2186701,0.794367225720573,-1.8426248895809738,111057.4296875,4.727721708828978,2460807.929755532
2460807.933131917,1.0047323530903387,0.002453380130128128,102.52019119262695,1.2187594,2.395080984792326,-2.3682500130588253,111057.4296875,5.628244266307957,2460807.9298620024
2460807.9332385585,1.003859043927824,0.0024638098086246785,102.2388240814209,1.2188548,-0.005399162550368817,-0.2376952011514472,111057.4296875,5.1723583917414375,2460807.929968646
2460807.9333463577,0.997966717172075,0.00246683523435712,102.34449768066406,1.2189486,0.8617402059645086,-1.6233620425843212,111057.4296875,4.908214949739856,2460807.930076447
2460807.933452814,0.9957804028370006,0.002485795525445103,102.49204177856446,1.2190394,0.9609089409425869,-0.8689939408921759,111057.4296875,4.173776857638413,2460807.930182905
2460807.9335594093,0.9994254151992058,0.0024869626973776575,102.76541557312012,1.2191342,1.3638772655014741,-0.3634994285009543,111057.4296875,4.130329080527396,2460807.9302895023
2460807.933666202,0.9947918509272717,0.0024745699347298055,102.80783309936524,1.2192298,1.1412908126993828,-1.7140283423070846,111057.4296875,4.8285880141266,2460807.930396296
2460807.933775147,0.9962669318937389,0.0024784515806761244,102.4768295288086,1.219326,0.9640806614326892,0.21720402745435022,111057.4296875,4.575067129452767,2460807.930505243
2460807.9338829345,0.9956272577653511,0.0024628146392987856,102.4422477722168,1.2194215,0.9037595585506794,-1.912729319395063,111057.4296875,4.919615191179491,2460807.9306130325
2460807.9339892752,0.9997489155140649,0.002475222715348004,102.32136039733886,1.2195179,1.3547490037555265,-0.5262201894252283,111057.4296875,4.881745292108131,2460807.930719375
2460807.934095963,0.9952498787856783,0.002466892340189043,101.84828033447266,1.2196085,0.4559619742589567,-0.9628394685619865,111057.4296875,4.738987754934242,2460807.9308260647
2460807.934202454,0.999176485526553,0.0024739843995134057,101.96294555664062,1.2197057,0.9658540443096862,-1.0339400575533462,111057.4296875,4.4264486872863325,2460807.9309325577
2460807.934309026,0.9982201826991289,0.0024813694436987355,101.966943359375,1.2198023,1.4316610162387373,-0.681048318495803,111057.4296875,4.189658429116588,2460807.9310391317
2460807.934415703,1.0003994052506406,0.002480156774133405,101.95374412536621,1.219893,1.14352742996386,-0.975061875870237,111057.4296875,4.113775279614404,2460807.93114581
2460807.9345220323,1.0022872852280833,0.0024669933439112105,102.16368827819824,1.2199903,1.3775998478278424,-0.8970666045500902,111057.4296875,4.650621618361777,2460807.931252141
2460807.9346287088,1.0042319115035554,0.0024631238180482205,102.18168487548829,1.220088,1.3897933028127627,-2.1131064909460524,111057.4296875,4.909374011434212,2460807.9313588194
2460807.9347352115,0.9996451850224559,0.0024575558004501603,101.98962135314942,1.2201858,1.4236530305956205,-2.76186822151474,111057.4296875,5.141093273619261,2460807.931465324
2460807.9348417954,0.9985479034689895,0.0024562845540043545,102.1069492340088,1.2202835,1.9815159348477618,-2.0072336758939864,111057.4296875,4.9305461409276345,2460807.9315719097
2460807.9349483214,0.9957685655464157,0.002455102033353996,101.51808242797851,1.2203756,0.4646474989774268,-0.010699870061023905,111057.4296875,4.999666460609169,2460807.9316784376
2460807.9350549052,0.9958744029301713,0.0024582894951779696,101.57187309265137,1.2204739,1.2859911572019402,-1.7443956932328422,111057.4296875,4.890485454071697,2460807.9317850233
2460807.9351616167,1.001260640954905,0.0024638384689647437,101.37949104309082,1.2205728,1.2042785555655615,0.11682401168423602,111057.4296875,4.659869283151696,2460807.931891736
2460807.935268131,1.0013660461308873,0.002471394639237324,100.98734169006347,1.2206724,0.851689742358827,-1.5747983852173169,111057.4296875,4.5581403906380515,2460807.9319982524
2460807.9353746567,0.9952030805582897,0.0024363070789446386,101.48032722473144,1.2207652,1.994813256162079,-2.050214559761833,111057.4296875,5.888416876953737,2460807.93210478
2460807.935481264,1.0018700640405758,0.0024633014213626928,101.65882034301758,1.2208653,1.657277686220069,-2.2434421887206306,111057.4296875,5.474285795672527,2460807.932211389
2460807.9355878243,0.9985348053789881,0.002475782730202423,101.91318321228027,1.220964,0.3503327466076814,0.2553669498172423,111057.4296875,4.372355564930557,2460807.932317951
2460807.9356944314,0.9969838769913205,0.0024778383598817637,102.20175437927246,1.2210622,1.051252295363614,-1.2633415546021005,111057.4296875,4.130146222714462,2460807.93242456
2460807.9358009347,0.9949672977674261,0.0024605319305571797,102.4365665435791,1.2211602,1.0506614359629567,-0.9754542654301088,111057.4296875,4.683525729934792,2460807.932531065
2460807.9359075646,0.9964285751844703,0.0024669517287362777,102.66086921691894,1.2212605,1.2520917810556798,-1.0406100937560243,111057.4296875,4.55560657281632,2460807.9326376966
2460807.93601416,0.999316975100639,0.0024571880970465903,102.87177200317383,1.2213599,1.1206072588320204,-1.3879914571822922,111057.4296875,4.991551010200722,2460807.932744294
2460807.9361206745,1.0009728055035367,0.002454907162735305,103.3643081665039,1.2214579,1.8458516503815927,-2.981221476262678,111057.4296875,5.197095241455924,2460807.9328508102
2460807.936333807,0.9986494745607102,0.0024152443082609025,103.56910591125488,1.2216611,1.5285195436052494,-0.5460257764168452,111057.4296875,6.22125036251252,2460807.9330639467
2460807.936440276,1.0016896753214166,0.0024195471273428452,103.26055107116699,1.2217562,1.2437126184820066,-1.0306694397016163,111057.4296875,6.232463078816774,2460807.933170417
2460807.93654679,0.9989032883338647,0.00245822960092138,102.83500633239746,1.2218584,1.7378443055318058,-0.9573858067486283,111057.4296875,5.07391174187072,2460807.9332769327
2460807.9366533854,0.9955567131113284,0.002454070792829844,102.41766242980957,1.2219603,1.0063033788587488,-1.7603038654788685,111057.4296875,4.92810117694639,2460807.93338353
2460807.936761289,1.0059319596387328,0.00246031725244395,101.68163299560547,1.2220629,1.3847907437761804,-1.17630943207355,111057.4296875,4.691514080473874,2460807.9334914354
2460807.9368677107,0.999177938588618,0.0024708891077803792,101.60669631958008,1.2221656,0.2957944740894126,-0.352591374037163,111057.4296875,4.416219058144411,2460807.933597859
2460807.9369742596,0.9972663308214621,0.0024787659905750755,101.58982048034667,1.2222623,1.0669352145767994,0.0983643376027513,111057.4296875,4.050335405664881,2460807.9337044097
2460807.93708082,1.0005341533609622,0.0024858515997870576,101.59779052734375,1.2223668,0.5146286778721714,-1.11775818682844,111057.4296875,4.134537558999136,2460807.933810972
2460807.9371873927,0.99712047197919,0.0024691303680675026,101.46941375732422,1.2224701,1.2715748691648827,-1.102271674460228,111057.4296875,4.679578127693657,2460807.933917546
2460807.937294185,0.9933918600472823,0.0024838764672736905,101.14092330932617,1.2225741,1.0284863394778854,-0.6811447346239211,111057.4296875,4.060546326557954,2460807.9340243405
2460807.937400734,0.9993337390470711,0.0024833754643822734,101.69413795471192,1.2226714,0.508539703133245,0.1052156824309992,111057.4296875,3.9256855026637454,2460807.934130891
2460807.937507503,0.9968725429839449,0.002481168060336218,101.74298782348633,1.2227764,0.8962474510086627,-1.2399282538780292,111057.4296875,4.2936138495425835,2460807.9342376622
2460807.9376139594,1.00217112288174,0.0024805993837346044,101.94345321655274,1.222882,0.8700528346606031,-1.359154162534441,111057.4296875,4.480208661515997,2460807.9343441203
2460807.937721539,0.9970506185372424,0.0024806107404536154,101.9555877685547,1.222987,1.6227716300494421,-1.4702826883748725,111057.4296875,4.542892440992172,2460807.9344517016
2460807.9378280416,0.9978678141794927,0.0024725156868521457,102.39965057373047,1.2230868,2.035058795104119,-3.516514610295947,111057.4296875,4.814057999296157,2460807.9345582062
2460807.9379345793,1.0002473070134887,0.0024923512743349556,102.45790672302246,1.2231926,0.4777482968459612,-0.19067567969285223,111057.4296875,3.7998583079409674,2460807.9346647453
2460807.938043594,0.997899547084852,0.0024720506788879705,101.99607200622559,1.2232999,1.602799386100471,-0.7182401309983814,111057.4296875,4.571740742934973,2460807.934773762
2460807.9381501544,1.0033344900888879,0.002477697932856543,101.47951469421386,1.2233989,1.923847260003444,-2.2059092721547455,111057.4296875,4.510619155184101,2460807.934880324
2460807.938256715,0.9978707670084831,0.0024507276644719074,101.5589641571045,1.2235052,2.4450435487532274,-2.217102575565557,111057.4296875,5.715528607429352,2460807.9349868866
2460807.9383633104,0.9972022208465002,0.0024442762411251277,101.18065719604492,1.2236132,1.332174660547261,-2.8161992911570266,111057.4296875,5.686838835875873,2460807.935093484
2460807.9384699403,0.9935582384770514,0.0024562455534463162,101.37771263122559,1.2237158,1.7730515595060201,-2.9050635610821978,111057.4296875,5.238521161922301,2460807.9352001157
2460807.9385764664,0.9987664364646607,0.0024619328205365667,101.40648803710937,1.2238223,0.9318869252210468,-0.33480650063150463,111057.4296875,5.000790458373374,2460807.9353066436
2460807.9386830507,1.0011428709797132,0.0024608027903740407,101.15315170288086,1.2239276,2.648186642577438,-2.4522661376399606,111057.4296875,5.060069509417435,2460807.9354132293
2460807.938789646,0.9975414101888366,0.0024201885451969806,101.30511131286622,1.2240357,1.9295563140295715,-3.0726659473694125,111057.4296875,6.32650081821686,2460807.9355198266
2460807.938897526,0.9991003566492399,0.0024641773939553676,100.8857650756836,1.2241434,0.4538190589335713,-1.5014574962419474,111057.4296875,5.02020744100111,2460807.935627708
2460807.939004017,1.0017491734009263,0.002471848283240128,100.18184204101563,1.2242439,1.7448631089128461,-0.6876587420205587,111057.4296875,4.555925212351775,2460807.935734201
2460807.9391105315,0.9966118707566055,0.0024843223260808045,100.10048980712891,1.2243539,1.7083985600643432,-0.2998895372653767,111057.4296875,4.0976162387458865,2460807.9358407175
2460807.93921715,0.9998504138551904,0.0024872056771832536,100.29471130371094,1.2244568,0.3366083661618085,-2.0384890267669973,111057.4296875,3.7923245331410227,2460807.935947338
2460807.9393248796,0.9975880705073232,0.0024729212284692113,100.18804931640625,1.2245663,1.7212049742166684,-0.7632710541997157,111057.4296875,4.41546488644827,2460807.9360550693
2460807.9394373316,0.995990070796875,0.0024611162005525214,99.87740211486816,1.2246831,1.2626161248751215,-2.688842699623681,111057.4296875,4.915345530034938,2460807.9361675233
2460807.939543881,0.9971305606353014,0.00247701554694989,99.64584197998047,1.2247858,0.5630959472760756,-0.32925668717396445,111057.4296875,4.109140645966644,2460807.936274074
2460807.939650453,0.9979958182953379,0.002488383588109111,99.6806640625,1.2248956,0.30375386457326975,-1.7167729492364125,111057.4296875,3.852849231945858,2460807.936380648
2460807.9397570835,0.9994737955001289,0.0024772523225443967,99.4309856414795,1.2250053,1.6582905199569506,-1.9174694749328396,111057.4296875,4.300502059530741,2460807.9364872803
2460807.939863783,0.9976007421363845,0.002474930736482644,99.42165412902833,1.2251155,0.6448243045798657,-0.7044561390057732,111057.4296875,4.518101553328999,2460807.9365939815
2460807.939971466,0.9974671491661093,0.0024612133323420487,99.51625289916993,1.2252259,0.45328675551576436,-0.8954534810576743,111057.4296875,4.835913744783154,2460807.9367016666
2460807.940077957,0.9957927257757507,0.002476593930363179,100.73898239135742,1.2253293,0.6673291828122171,0.1634128428396525,111057.4296875,4.3819257705758154,2460807.9368081596
2460807.9401845643,1.0002638260230075,0.0024896160078567873,100.86715393066406,1.2254405,0.7694495201100316,-1.32259476459848,111057.4296875,3.9261168099567745,2460807.9369147685
2460807.940321761,0.9989695727586108,0.002454623069047798,101.26493377685547,1.2255815,2.0222701878671314,-3.51407614989896,111057.4296875,5.200307643189658,2460807.9370519677
2460807.940428357,0.9954423128462166,0.0024606199648041366,101.35482330322266,1.2256933,1.3044168470302537,-0.08111348661494694,111057.4296875,5.106496567536019,2460807.937158565
2460807.940534906,0.9988632579460158,0.002479023083392481,101.03023681640624,1.2258056,0.6188872944975902,-0.8638127343247193,111057.4296875,4.123582364162187,2460807.937265116
2460807.9406414665,1.000347524836395,0.002469123374571034,100.56303672790527,1.2259098,1.4059554570982646,-1.0864888843811136,111057.4296875,4.776383143917367,2460807.937371678
2460807.9407480853,0.9989544072807292,0.0024257657783929064,100.73554725646973,1.2260229,1.9424957963854002,-2.8557201131320133,111057.4296875,6.208344981697338,2460807.937478299
2460807.940854715,0.9989041089202584,0.002424662485611236,100.4724952697754,1.2261301,2.083079283177607,-1.4427106160347858,111057.4296875,5.475231434511176,2460807.9375849306
2460807.9409612874,0.996727397582922,0.0024626177543989555,99.82744140625,1.2262409,0.15336569963813068,-2.137416173871397,111057.4296875,4.699215282750615,2460807.9376915046
2460807.941067929,1.0008163606700258,0.002477421290588877,99.74565315246582,1.2263558,1.5954377598028207,-0.3694181868461946,111057.4296875,4.202338187724803,2460807.937798148
2460807.9411745598,0.9984652062896928,0.0024700150028118682,99.12278747558594,1.2264667,0.7870406450535801,-1.3654575818825192,111057.4296875,4.242907052343648,2460807.9379047803
2460807.9412811548,1.0010650064323523,0.0024755816242179604,98.68718795776367,1.2265807,1.5833257118847897,-1.1080111199454952,111057.4296875,4.1701477645088385,2460807.938011377
2460807.9413876575,0.9982041511593659,0.0024583851896159423,98.51195793151855,1.2266878,1.465817438639409,-1.3128209434753493,111057.4296875,4.765334844257738,2460807.938117882
2460807.9414941836,1.0012911156479873,0.0024693337406103033,98.25531692504883,1.2268014,1.0100525468532149,-0.26455362379821484,111057.4296875,4.450477294756143,2460807.9382244097
2460807.941600779,0.9985790713403864,0.002475888133804374,97.91872138977051,1.2269151,0.802907221645727,-0.6941200843490143,111057.4296875,4.2264929931709565,2460807.938331007
2460807.9417073512,0.997160726675697,0.002462773234943839,97.31371765136718,1.2270292,1.1802652886604168,-2.331123036391018,111057.4296875,4.5529267160222995,2460807.938437581
2460807.941813947,1.0024115516143541,0.0024677108594485394,97.65025215148925,1.2271443,0.9484409502198841,-0.30357038248741475,111057.4296875,4.698325205651976,2460807.9385441784
2460807.941920542,0.9988709525957982,0.0024697809710904853,97.85685081481934,1.2272528,1.1110688684714243,-1.04831577270548,111057.4296875,4.646602607789925,2460807.9386507752
2460807.94202708,0.9978401857411183,0.0024620857199434605,98.15499267578124,1.2273685,1.2670278865676878,-1.0173873076711295,111057.4296875,4.433303019772805,2460807.938757315
2460807.9421336753,0.99930926690002,0.0024695123062539663,98.28429374694824,1.2274839,0.21561849612957332,0.09235075774852039,111057.4296875,4.357034934495967,2460807.938863912
2460807.942240178,1.0012260072710073,0.002477276557106073,98.13407516479492,1.2275959,1.5283923827022976,-1.412164475230772,111057.4296875,4.139048607191935,2460807.938970417
2460807.9423467964,1.0000827966067054,0.0024879353421758416,98.75080833435058,1.2277085,1.059107833277057,-0.9141203050457527,111057.4296875,3.7203396444302093,2460807.939077037
2460807.942453415,1.003385156994352,0.0024939414616958933,99.21770401000977,1.2278267,0.9815668417227638,-0.062345340760924524,111057.4296875,3.393656643714362,2460807.9391836575
2460807.942560011,0.9969674544112879,0.0024688682905774444,97.79743576049805,1.227937,1.3561797300510057,-1.9225079155525906,111057.4296875,4.054900057296344,2460807.939290255
2460807.942666803,1.0025240533805249,0.0024658534952595045,98.38949432373047,1.2280539,1.5864539649626717,-1.7847319509430568,111057.4296875,4.904226524806553,2460807.9393970487
2460807.942773213,0.9977213952449941,0.0024601711422525792,98.97745628356934,1.2281724,1.603790759305131,-1.1497630533340029,111057.4296875,4.43489458785646,2460807.9395034607
2460807.942879716,0.9982096235424599,0.0024251510796587613,97.60975151062011,1.2282818,1.8595539401146086,-2.9502634425772265,111057.4296875,5.719353591435872,2460807.9396099653
2460807.9429863575,0.9996549550625343,0.0024544834657090958,97.29043121337891,1.2283992,1.2395771325040552,-0.6891460774718159,111057.4296875,5.464022295659286,2460807.9397166087
2460807.943092976,0.9983408483758526,0.0024531607085126516,97.18422241210938,1.2285169,1.1151030069898902,-1.9716197649188116,111057.4296875,4.689971911610475,2460807.9398232293
2460807.9432030087,0.996692112614282,0.002462544225745546,98.39281883239747,1.2286347,0.7659050326770313,-1.5826733100867467,111057.4296875,4.620318130166698,2460807.9399332637
2460807.9433095236,1.0001042164890095,0.002472021554558203,98.64625434875488,1.2287531,0.8345238502733604,-1.5744033453295794,111057.4296875,4.104253864660837,2460807.94003978
2460807.943416003,0.9968171487742968,0.0024769371749059914,99.31791343688965,1.2288726,1.7501920972371907,-0.6417489522234274,111057.4296875,4.0953950400735515,2460807.9401462614
2460807.9435224948,0.9992210774001296,0.0024876991137686498,98.49183158874511,1.2289842,0.9498153750103882,-0.7092555850330873,111057.4296875,3.7077383838839517,2460807.940252755
2460807.9436290553,0.9962044665022662,0.0024751860485121026,97.74783020019531,1.229103,0.7621845721556485,-1.794037182631808,111057.4296875,4.08616818872137,2460807.940359317
2460807.943735604,1.0040594970588737,0.002474657949008598,97.26101112365723,1.2292222,1.4467424203216508,-0.7331632095822871,111057.4296875,4.4370118219827885,2460807.940465868
2460807.9438421996,1.0047596968585486,0.002462949519014348,96.56261558532715,1.2293425,1.6350294271899612,-1.5841472098503278,111057.4296875,4.968294376919061,2460807.9405724653
2460807.9439487485,0.9993618160463237,0.002478608096142038,97.07790908813476,1.2294553,1.4567036681250844,-1.414021736402122,111057.4296875,4.124480175847044,2460807.940679016
2460807.9440552867,0.9989715136851485,0.0024887386497749265,97.88690605163575,1.2295749,0.9342267582344392,-0.5398043212403073,111057.4296875,3.906544409469829,2460807.9407855556
2460807.9441620093,0.9948636115992916,0.0024781038775614525,98.76093101501465,1.2296966,0.892705708238087,-1.130108925839989,111057.4296875,4.241162330825209,2460807.94089228
2460807.944268709,1.0018836879150599,0.0024738023767277104,99.10324249267578,1.2298148,1.182047532348375,-0.5751106669623112,111057.4296875,4.273500172732276,2460807.9409989817
2460807.944486159,0.9972995719204778,0.0024460664354548018,98.64184494018555,1.2300554,1.3616073128696549,-2.2001675715371545,111057.4296875,5.198381543121554,2460807.9412164353
2460807.944592696,0.9974988361663337,0.002475164876529984,98.66474418640136,1.2301794,2.084225659471131,-1.7007899734818732,111057.4296875,4.343581843511597,2460807.9413229744
2460807.944699222,1.002699267725726,0.0024740048070478016,98.46646080017089,1.2302956,1.5987801639895405,-1.656756568420757,111057.4296875,4.4331145699650065,2460807.9414295023
2460807.9448058987,1.0050093451596036,0.002480505817520117,98.25898590087891,1.2304164,0.5415567574810213,-1.390943076058945,111057.4296875,4.2810538608118645,2460807.9415361807
2460807.9449124597,1.0023225464234025,0.002476469664612421,98.02840995788574,1.2305359,1.4893123237761803,-1.176848201374942,111057.4296875,4.128238041177689,2460807.941642743
2460807.945019136,0.9993969318833614,0.0024757413089309946,98.17434005737304,1.2306592,1.4490607886077478,-1.4289853387933953,111057.4296875,3.9623919847954,2460807.9417494214
2460807.9451257545,1.0028467584505156,0.002481939651790392,98.45654678344727,1.2307829,0.7794278281706872,-0.9555959428277397,111057.4296875,4.2340459027817205,2460807.9418560416
2460807.9452321995,1.0006127867039296,0.002486243962508756,98.15400276184081,1.2308986,1.777838355793286,-0.4816479526594839,111057.4296875,3.7511072722656964,2460807.9419624885
2460807.945338795,0.9990049394492945,0.002454775441865426,98.84280204772949,1.2310226,1.894552663309093,-1.42212624213323,111057.4296875,4.79333001999169,2460807.942069086
2460807.94544561,1.0022563642400233,0.0024468373134895072,98.7537296295166,1.2311467,1.482311993684229,-2.7829017852953393,111057.4296875,5.667181736947161,2460807.942175903
2460807.945553201,1.0007723352496727,0.002476524214767986,98.69515953063964,1.2312709,2.3489242742045624,-1.995011075452109,111057.4296875,4.879471413298537,2460807.9422834953
2460807.945659739,0.9972493622541726,0.0024682717941744655,99.01185111999511,1.2313874,2.1211928144623227,-2.533050732765423,111057.4296875,4.8316607137850465,2460807.942390035
2460807.945766253,1.0007086454515948,0.0024554438490531484,98.00157203674317,1.2315106,1.7606671228153354,-2.591194067206732,111057.4296875,5.650107648281565,2460807.9424965507
2460807.945872895,1.0016344463228377,0.002462030235179836,97.80739974975586,1.2316349,2.055745666560505,-2.36055199839378,111057.4296875,5.1651710046615165,2460807.9426031946
2460807.945979363,0.9995227161427604,0.002464600094496619,97.57388381958008,1.2317601,0.6547921136820376,-1.6463629794788366,111057.4296875,4.818737823161425,2460807.9427096643
2460807.9460859583,0.9991639623132722,0.002462973770868185,97.41880111694336,1.2318775,1.1462099884076653,-1.07248618303695,111057.4296875,4.586999526755905,2460807.9428162617
2460807.9461925304,1.003084179061912,0.0024576684800451582,97.23487358093261,1.2320019,0.07071202905744614,-0.5880419093279239,111057.4296875,5.284819480521845,2460807.9429228357
2460807.9462991143,1.0011988727699568,0.0024623951200985115,96.55996398925781,1.2321277,1.6817637786203818,-1.197532702948367,111057.4296875,4.6845354389773375,2460807.9430294214
2460807.9464057214,1.0015592177690016,0.0024685684783556125,96.54995422363281,1.2322533,-0.13887120819161028,-0.8835832288826896,111057.4296875,4.629486244434749,2460807.94313603
2460807.946514574,1.0007567878693258,0.0024803419876074004,96.7663501739502,1.2323812,0.38852460925903776,-0.8587134466826334,111057.4296875,3.905060669731858,2460807.9432448843
2460807.9466238776,1.0061905276538627,0.0024991089567948845,97.36617088317871,1.2325098,1.4219019619956579,-0.6189733638774886,111057.4296875,3.4136959948161993,2460807.94335419
2460807.9467312368,1.0009702405174843,0.002488049133058365,98.73674659729004,1.2326292,1.6334454523863666,-0.999893599947472,111057.4296875,3.973863045852798,2460807.943461551
2460807.946843689,1.00030704117037,0.0024890236860595277,98.46760025024415,1.2327636,0.7554346102698378,-1.1941389039108021,111057.4296875,3.833513027209448,2460807.943574005
2460807.946952622,1.0017909332665753,0.0024828755035156075,98.19939193725585,1.2328963,0.5700686402066089,-1.0745055866502782,111057.4296875,4.0999864459005915,2460807.9436829397
2460807.9470590437,1.0062930752659038,0.0024880481421813982,97.72265853881837,1.2330163,1.4667725459550913,-0.6010708891711308,111057.4296875,3.764032561455109,2460807.9437893634
2460807.9471692503,0.9975125634979898,0.002478318898323545,96.94868240356445,1.2331451,1.0810406581445844,-1.349199441326488,111057.4296875,4.075407669517548,2460807.943899572
2460807.947275556,1.0027634472117115,0.002465293207025884,96.23432998657226,1.2332729,0.8785691049736721,-1.4291713215060107,111057.4296875,4.531911679292511,2460807.9440058796
2460807.94738214,1.0034899348312294,0.0024402553517740596,96.06113014221191,1.2334003,1.9494226397189407,-2.4271144245847545,111057.4296875,5.283349587912642,2460807.9441124653
2460807.947488724,1.001950009223978,0.002428649412238727,96.38524017333984,1.2335268,2.0814012558669512,-0.9543730692750678,111057.4296875,5.9681371540866115,2460807.944219051
2460807.947595262,1.0046346106126194,0.002454926009592617,96.39124984741211,1.2336555,1.8013920693692518,-2.7152440392670556,111057.4296875,4.876641322609536,2460807.9443255905
2460807.947704195,1.0014313774408814,0.0024596209232959267,96.28531913757324,1.2337855,1.3512352950670834,-0.678507492500667,111057.4296875,4.510564761725767,2460807.9444345254
2460807.9478114503,1.0055649415374472,0.002461698698573267,96.49528541564942,1.2339089,0.9805268884478747,-0.8230888693739361,111057.4296875,4.516015816613115,2460807.9445417826
2460807.9479185087,1.0039097126418033,0.002461456781223147,96.44179420471191,1.2340402,2.2540221554546878,-2.9718455796892838,111057.4296875,4.924683247850467,2460807.944648843
2460807.948026319,0.9998919887978662,0.002436363999752498,97.10319137573242,1.2341719,2.4337568702366132,-2.456072140253326,111057.4296875,5.733888031891688,2460807.944756655
2460807.948132891,1.0010512823336915,0.002470737915778984,97.11779594421387,1.2342952,1.7423462791221243,-0.943506550558002,111057.4296875,4.175149598920661,2460807.944863229
2460807.948239556,1.0052263373377257,0.0024794096785078538,97.43653678894043,1.2344266,0.7103501944900709,-0.9021588606268496,111057.4296875,4.264861587972427,2460807.9449698958
2460807.9483469385,1.0005797377218417,0.00245650193154769,97.4827838897705,1.2345574,2.9808402853162668,-2.3971970327248258,111057.4296875,4.902746490951102,2460807.94507728
2460807.948455837,1.002423646144964,0.0024645173817175797,96.77093544006348,1.2346878,1.5435812168989487,-1.3007315494534653,111057.4296875,4.321254638478214,2460807.9451861805
2460807.948562572,1.003893384567101,0.0024829536783293436,96.51930770874023,1.2348196,0.4426431178830146,-0.48558402969933073,111057.4296875,3.8200004302840056,2460807.9452929166
2460807.9486700003,1.0041643025834295,0.0024644581633216566,96.79885749816894,1.2349516,2.509916791803681,-2.7936157697993456,111057.4296875,4.26094502002317,2460807.945400347
2460807.948776827,1.002660531626554,0.002482416961927781,96.39426765441894,1.2350787,1.5681680229978956,-1.351327792447495,111057.4296875,3.888921816501998,2460807.9455071758
2460807.948884187,1.0028171918455449,0.0024720865472297178,96.83997116088867,1.2352062,1.1610392148273343,-0.9240925943578806,111057.4296875,4.458609265519227,2460807.945614537
2460807.9489907357,1.0008243549491003,0.0024735146791737346,97.03929901123047,1.2353389,1.4014110061313878,-1.4476899529433493,111057.4296875,4.209460817936492,2460807.945721088
2460807.949097308,1.0059138727343553,0.0024937579493102824,97.02292022705078,1.2354709,1.070240829962527,-0.9570080087816917,111057.4296875,3.4907064321481274,2460807.945827662
2460807.9492038223,0.9988795997665202,0.0024882003240816806,97.40049896240234,1.2355999,2.111607566657181,-1.2399424601663693,111057.4296875,3.569101363691486,2460807.9459341783
2460807.949310349,1.0035308914900072,0.0024685279570930397,96.89762954711914,1.2357293,1.421218255073201,-1.6161983147445198,111057.4296875,4.5769299180427545,2460807.9460407062
2460807.949417013,1.0039004948419477,0.0024709881295869704,96.2688144683838,1.2358624,1.1981450996878547,-1.388207677466362,111057.4296875,4.129444670545962,2460807.9461473725
2460807.9495247314,1.0047092271406446,0.00247913565063981,96.26054725646972,1.2359981,0.7350223938817619,-1.5003142085531036,111057.4296875,3.981548002712678,2460807.9462550925
2460807.9496312807,1.0048632320712152,0.002462169460562666,96.89463958740234,1.2361282,3.403806732443267,-3.2341948262699076,111057.4296875,5.158229263546544,2460807.9463616437
2460807.9497377947,1.0048526572593872,0.00246447354854301,96.98948593139649,1.2362592,0.17216039568223998,-1.1323055436582778,111057.4296875,4.778470537828524,2460807.9464681596
2460807.9498442747,1.002699473294928,0.0024676010846886995,97.15131225585938,1.2363929,0.7666600752339603,-0.8414640994787134,111057.4296875,4.726190738317287,2460807.9465746414
2460807.9499508813,0.9997673146244418,0.002460392911600283,96.94095077514649,1.2365239,0.32441863354546047,-1.3735561863151995,111057.4296875,4.760778033929714,2460807.94668125
2460807.950057593,1.0018792781766257,0.0024626106156912762,97.17994270324706,1.2366581,2.5144907653877904,-1.518078769568687,111057.4296875,4.342469029132379,2460807.946787963
2460807.950164061,1.003564947742813,0.0024739049282897583,97.11649703979492,1.2367933,1.0402336431927734,-0.8900241900004575,111057.4296875,4.126542098774147,2460807.946894433
2460807.950270691,1.0063318958813205,0.0024723309805594887,97.44015464782714,1.2369287,2.188806957885281,-1.1511044686527128,111057.4296875,4.271397189880188,2460807.9470010647
2460807.95037709,1.0020373304399264,0.0024718106833318794,97.61938438415527,1.2370552,1.4745327564546062,-0.333808738332495,111057.4296875,4.176535712316016,2460807.9471074655
2460807.9504836737,0.9993956651297073,0.002482791133228882,98.21022148132325,1.2371933,1.7495873443526808,-2.0166485478894143,111057.4296875,4.063709701601353,2460807.947214051
2460807.9505904657,1.0015419620283668,0.002478531434342447,98.4524700164795,1.2373304,1.4381614454411704,-3.5088125645222092,111057.4296875,4.590147344986453,2460807.947320845
2460807.950696841,1.0054650104133493,0.0024890359582442575,98.43313789367676,1.2374583,0.8966750896727986,-0.9662498533102932,111057.4296875,4.017544890785291,2460807.947427222
2460807.9508034023,1.0015320619759789,0.0024869603421500764,98.94258499145508,1.2375953,1.4846844023564618,-0.5341800409831843,111057.4296875,3.8971169656602673,2460807.947533785
2460807.9509111783,1.002742509533764,0.0024887762153234685,99.24219703674316,1.2377324,1.7852622794794881,-1.1538032398400138,111057.4296875,3.7293922491136637,2460807.9476415627
2460807.951017727,1.006142212822534,0.0024895495804680107,98.9051082611084,1.2378693,0.8921840410578704,-1.0680866210502695,111057.4296875,4.339053966255747,2460807.9477481134
2460807.951124554,1.003611217634762,0.002482839316492052,99.0144775390625,1.2380033,1.584586110715588,-1.1175548291518147,111057.4296875,3.9293841412764063,2460807.947854942
2460807.951232075,0.9991191332007628,0.002484071035238399,99.07993011474609,1.2381375,0.07594460925758954,-0.3616914465095352,111057.4296875,4.073371420258357,2460807.947962465
2460807.9513384737,0.9998569118909103,0.002497508514697115,100.22506332397461,1.2382766,0.15402007765509212,-0.9437996582102876,111057.4296875,3.451970644812585,2460807.9480688656
2460807.951446273,1.0022412115877777,0.002470136631944626,100.67530136108398,1.2384169,0.701186308156135,-1.8805990124710346,111057.4296875,4.583867436534086,2460807.9481766666
2460807.9515587944,1.001077809376042,0.002467227752251161,100.56634521484375,1.2385562,2.9394911780964375,-1.1848428964672955,111057.4296875,4.5765709736042215,2460807.94828919
2460807.9516651467,1.0078144012463692,0.0024761867787596505,100.01445159912109,1.2386945,0.692486005177948,-0.9782815877426265,111057.4296875,4.0030687083581435,2460807.948395544
2460807.9517717767,1.005213269835321,0.002478417553472701,99.75859184265137,1.2388335,1.3553814011941865,-1.064113679534695,111057.4296875,4.197519268599471,2460807.948502176
2460807.951879518,1.0075891636673395,0.002485950240451865,99.35210304260254,1.2389707,0.4313352517701567,-0.1939064948256947,111057.4296875,4.124957176338366,2460807.948609919
2460807.951990917,1.005824586954375,0.0024864848537032333,99.04270439147949,1.2391159,0.7011497244323072,-1.0892654752999895,111057.4296875,3.9187633344290096,2460807.9487213194
2460807.952097165,1.0040314163027988,0.0024840920234186553,98.84187164306641,1.2392527,1.6950446251869784,-0.7967067014651347,111057.4296875,4.155325222756546,2460807.9488275694
2460807.9522036333,1.0024047963929619,0.002491942344441464,98.86007080078124,1.2393909,0.7865105722493845,-0.7766141731328936,111057.4296875,3.922436736903348,2460807.9489340396
2460807.952310194,1.0035443526781798,0.0024863359226901006,99.00400009155274,1.2395324,1.484838988756542,-1.4687894493516278,111057.4296875,3.820378457649266,2460807.949040602
2460807.952416731,1.0036368319972628,0.0024772987793933864,99.01366348266602,1.2396658,0.5767173526733915,-0.6533710527367277,111057.4296875,4.248514232677503,2460807.949147141
2460807.952523315,1.0019744836727449,0.0024800425729715743,98.76729736328124,1.2398091,1.4840577429829196,-1.3725454774174224,111057.4296875,4.137438650307552,2460807.9492537268
2460807.952629864,1.0042895939845609,0.0024723848806692153,98.89516639709473,1.2399419,0.6395346035917707,-1.4948280200959392,111057.4296875,4.570543185406632,2460807.949360278
2460807.9527365062,1.0022880479429468,0.002475398608010377,98.73237533569336,1.2400845,1.878975039814424,-1.4286164970590902,111057.4296875,4.135413157214876,2460807.9494669214
2460807.9528432055,0.9984282965956559,0.0024823173238225356,98.93993186950684,1.2402237,0.9806037719556815,-0.939229303955643,111057.4296875,4.062431864643648,2460807.9495736226
2460807.9529497777,1.0052987536337417,0.0024924045774180168,98.22558250427247,1.2403624,1.7087176918206481,-0.8277117092289868,111057.4296875,3.8984640411670948,2460807.9496801966
2460807.9530563154,1.0003134275172638,0.0024867457171166333,98.64738082885742,1.2405044,0.5914659841114135,-1.5192069575112928,111057.4296875,3.873576433824377,2460807.949786736
2460807.9531629803,1.0045700208097212,0.002485087094012515,98.55482368469238,1.240648,2.430220376218414,-1.5832105370778222,111057.4296875,4.308565972043052,2460807.949893403
2460807.953269541,1.005643338173786,0.00248968823437915,98.45951423645019,1.240782,0.4712159972393132,-0.6077480927266967,111057.4296875,3.851680951155143,2460807.9499999653
2460807.953376113,1.0024130122464134,0.0024906757553808854,98.86471748352051,1.2409244,0.663599925259627,-0.9344825945076908,111057.4296875,3.714103791434376,2460807.9501065393
2460807.953483727,0.998299368960441,0.002485904469552239,98.9138572692871,1.2410685,0.7409330747629651,-1.392749331342816,111057.4296875,3.9613176364044267,2460807.950214155
2460807.9535902534,1.0038624551319517,0.00247503306572298,99.46443367004395,1.2412121,1.2654097373198159,-2.9663958927684506,111057.4296875,4.620021374287202,2460807.950320683
2460807.953696814,1.0028850799733031,0.0024715042437893813,99.56967163085938,1.2413555,1.199970017016267,-1.4246349095441007,111057.4296875,4.448455968859786,2460807.9504272453
2460807.9538034787,1.0046350802042316,0.0024707311468716757,99.22468032836915,1.2415,1.867339494541797,-2.2161007547128975,111057.4296875,4.381237934520597,2460807.950533912
2460807.9539101897,1.003651457140567,0.00246784337759837,98.32579307556152,1.2416346,0.2784323667189747,-0.15585763057838123,111057.4296875,5.079447418877283,2460807.950640625
2460807.9540168084,1.0011295381972207,0.0024721681657190893,98.31186294555664,1.2417796,1.4057065966375408,-2.044143969329689,111057.4296875,4.416095201825739,2460807.9507472455
2460807.9541231142,0.9971979429075889,0.002473298542985223,98.64567832946777,1.2419239,1.5394681579182556,-2.388430277951733,111057.4296875,4.341068072404656,2460807.950853553
2460807.9542296054,0.9998431284960637,0.0024591306178908113,99.33105392456055,1.2420691,0.797708463547921,-1.0473901743766223,111057.4296875,4.664705517545939,2460807.950960046
2460807.954336259,1.00330358424334,0.0024547992698169606,99.7480094909668,1.2422153,2.135583915508289,-2.6668519718960866,111057.4296875,4.623020447332702,2460807.951066701
2460807.9544428545,1.0063584704030546,0.002457993802068819,100.0489543914795,1.2423513,1.9749233840718965,-2.5082019045750235,111057.4296875,4.761850401223068,2460807.9511732985
2460807.9545494267,1.0027120634142208,0.00248399541552367,99.80449523925782,1.2424971,0.922604405362082,-1.3358525148983775,111057.4296875,3.8786261979323684,2460807.9512798726
2460807.9546586378,1.0038350218319743,0.0024692343619507526,100.10958213806153,1.2426442,1.4636694487198278,-1.0201612923029557,111057.4296875,4.375550095067895,2460807.9513890855
2460807.9547660667,1.002531664991501,0.002466242668819778,100.22430458068848,1.2427929,-0.08838099976584861,-2.157128707950369,111057.4296875,4.302214174161729,2460807.9514965164
2460807.954877292,1.001315488425819,0.0024765069083929185,100.32121963500977,1.2429409,1.0802400727737806,-0.50447233727149,111057.4296875,4.459415092006557,2460807.9516077433
2460807.954983945,1.000325942778145,0.0024775237305399924,100.52215309143067,1.2430893,0.8942451670579261,-1.1390409233493413,111057.4296875,4.110334825079,2460807.9517143983
2460807.955090401,1.0016521289873028,0.0024689324420056656,100.51358680725097,1.2432339,2.0949894573298966,-1.142078272130078,111057.4296875,4.269059226806373,2460807.9518208564
2460807.955201661,1.0002436511945587,0.002466088598974153,100.58103828430175,1.2433815,0.8347812475192713,-1.6357797657676354,111057.4296875,4.30580299681131,2460807.9519321183
2460807.9553082217,1.0030467992668468,0.00247916733209332,100.95444450378417,1.2435326,1.1498353427853465,-1.1914771011869936,111057.4296875,3.8673927895810944,2460807.9520386807
2460807.95541469,1.0025421439677404,0.002478210369541696,100.55056076049804,1.2436773,1.677081467079022,-0.8813541217845049,111057.4296875,4.044088127749266,2460807.9521451504
2460807.9555212045,1.0032339372167436,0.0024721286621814794,100.84501304626465,1.2438246,1.7477434990151417,-1.547511535717407,111057.4296875,4.461988071347592,2460807.9522516667
2460807.9556277883,1.0008828588699683,0.00247524440127067,101.42049446105958,1.2439744,1.5980083150743474,-1.4180822862474878,111057.4296875,4.141563896096163,2460807.9523582524
2460807.955734384,1.0027993413430167,0.0024224171837343026,101.07584114074707,1.2441135,1.7673068707860682,-1.8784826242173644,111057.4296875,5.843597561122093,2460807.9524648497
2460807.955842229,1.0057632463467983,0.0024496269569868083,100.77114982604981,1.2442641,1.3623880931430055,-1.4414327409595558,111057.4296875,5.327964224881035,2460807.952572697
2460807.9559487663,1.005151082857214,0.002436625476531467,100.36755752563477,1.2444143,1.1269829261420066,-3.2359354517621712,111057.4296875,5.741229713994488,2460807.952679236
2460807.9560554777,1.0003981423123873,0.0024540935961331854,100.46446800231934,1.2445655,0.1455632392702725,-2.523509757410875,111057.4296875,4.547685321142893,2460807.952785949
2460807.956162096,1.004190050416895,0.0024658629486799637,100.29311332702636,1.2447058,0.7578823476086827,-0.8329994568307774,111057.4296875,4.621722910499062,2460807.9528925694
2460807.9562685066,1.0054973319719749,0.002465259702198451,100.55614967346192,1.2448565,0.9737874750477863,-1.2619246424656814,111057.4296875,4.464444910892792,2460807.9529989813
2460807.956376213,1.0085551594311177,0.0024744889349963225,100.91034622192383,1.2450067,1.2140922885406604,-0.9206841928674896,111057.4296875,4.192437793891816,2460807.9531066897
2460807.9564828547,1.0003717933394354,0.0024848977312349387,100.6479061126709,1.2451585,-0.22009677856170265,-0.6262317861459289,111057.4296875,3.7062023766456615,2460807.953213333
2460807.9565894967,0.998741876244318,0.0024794435465482637,100.86779823303223,1.2453108,2.1011020588276774,-2.0700084140094637,111057.4296875,3.940840722274572,2460807.953319977
2460807.956696069,1.0030252298892992,0.0024744278799983567,100.51884155273437,1.2454524,1.2751699417546956,-1.7546202243902287,111057.4296875,4.1037842972812655,2460807.953426551
2460807.9568025945,1.0046960538282075,0.0024342003619181856,100.66770515441894,1.2456042,1.953620860214067,-3.387154740271275,111057.4296875,5.713461464392849,2460807.9535330785
2460807.9569115164,1.0078276880387702,0.0024898422951544156,100.58003578186035,1.2457563,0.514376107218199,0.5158597568891932,111057.4296875,3.8926359991974127,2460807.9536420023
2460807.957018193,1.0053109836354033,0.0024772918344218155,100.3787971496582,1.2459083,1.4302762342365987,-0.7088943622033429,111057.4296875,4.367759178346573,2460807.9537486807
2460807.957124789,1.006337839684497,0.0024815887221446707,100.38268356323242,1.2460605,1.2329178669518535,-1.1926730955062397,111057.4296875,4.185879309379833,2460807.953855278
2460807.9572313377,1.0059229688537197,0.0024828757172162277,100.02130279541015,1.246212,0.8842589421709313,-0.8416079173521498,111057.4296875,3.874979921235578,2460807.9539618287
2460807.9573380025,1.0038148715154074,0.0024865642409412038,100.72300453186035,1.2463656,1.0986891982512503,-2.0107941563134575,111057.4296875,3.828131097228155,2460807.9540684954
2460807.957444783,0.999554803935711,0.002472197237000688,100.70131416320801,1.2465103,0.45972828742514377,-2.3306766848233527,111057.4296875,4.578454947061306,2460807.9541752776
2460807.9575512162,1.0016480688817846,0.002460289947918292,100.8701717376709,1.2466663,1.7222733998148771,-1.5726645831519626,111057.4296875,4.953120787655768,2460807.954281713
2460807.957657777,1.0048981401244002,0.0024531957493759307,100.82836990356445,1.2468157,1.6281843967873928,-2.915131826416932,111057.4296875,5.076819892921998,2460807.9543882753
2460807.957764303,1.0025880697689915,0.002473798552332064,101.0457805633545,1.2469685,0.022797883077441027,-0.6767644523753172,111057.4296875,4.55513081021946,2460807.954494803
2460807.9578709793,1.0056946173293544,0.0024694390467094895,101.2459503173828,1.2471162,0.9954414472919174,-1.0278328476629215,111057.4296875,4.668963843313461,2460807.9546014816
2460807.9579789755,1.0046924863990423,0.0024820935778573907,100.91819915771484,1.2472719,1.0827283134496448,-1.5160958651623866,111057.4296875,4.295458449469133,2460807.954709479
2460807.9580855477,1.0017041653489847,0.002453767482513002,100.82725296020507,1.2474289,1.7761469523265834,-1.236187724421341,111057.4296875,4.701445310553602,2460807.954816053
2460807.9581921548,1.0017832134178304,0.002468678344852479,100.26459083557128,1.2475826,1.4756332666940835,-1.6264043581220489,111057.4296875,4.529878168275687,2460807.954922662
2460807.9582987614,1.0032904420954296,0.002476853466770501,100.30094947814942,1.247734,1.1889816063083098,-0.8260437907025604,111057.4296875,4.319888970515791,2460807.9550292706
2460807.9584065955,1.0024189243294404,0.0024770434014384207,100.0467758178711,1.2478851,0.5925144611105796,-0.948218977329402,111057.4296875,4.657022545897206,2460807.9551371066
2460807.958514348,1.000322093682984,0.0024801108563114634,100.06023063659669,1.2480407,-0.1737579428195816,-1.9480714861289463,111057.4296875,4.532442746165522,2460807.955244861
2460807.958620793,1.0001881262937031,0.0024865666765102375,100.02756729125977,1.2481971,0.4723444879350531,-0.9751603403829123,111057.4296875,3.903066777520071,2460807.955351308
2460807.958727458,1.003560430094488,0.0024775615758054086,99.97624626159669,1.2483559,1.4075958887538431,-0.8335162791264373,111057.4296875,4.394338056762073,2460807.9554579747
2460807.9588338686,1.0066015382112763,0.0024843155140262785,100.36852798461913,1.2485131,0.291930378786414,-1.2139556983238624,111057.4296875,4.4117912874105825,2460807.9555643867
2460807.958940429,1.0018022410852148,0.0024784474513876663,100.5312385559082,1.2486606,1.2513211928759196,-1.5632248171061502,111057.4296875,4.565104911375154,2460807.955670949
2460807.9590471056,1.0004147186249894,0.0024785704287451134,100.43345832824707,1.2488186,0.2960925394974001,-2.3322409408206437,111057.4296875,4.351195643540528,2460807.9557776274
2460807.9591536545,1.004197036767314,0.0024723395007595615,99.93074531555176,1.2489761,0.706222878354906,-2.6209217194566117,111057.4296875,4.591410605478619,2460807.955884178
2460807.9592600996,0.9992467747029999,0.002436455164848571,100.1241943359375,1.2491327,1.3735861121349753,-2.433678889461873,111057.4296875,5.83731481233445,2460807.955990625
2460807.959366787,0.9983876027378693,0.0024642073517620188,100.44089775085449,1.2492895,1.0742905203578896,-1.209260261803536,111057.4296875,4.7690335492354325,2460807.9560973146
2460807.9594758134,1.0018298259804737,0.0024742328001231247,99.8070613861084,1.249448,0.16238764315891674,-2.2818973320461042,111057.4296875,4.6348485159798765,2460807.9562063427
2460807.9595827097,1.001983779083366,0.0024713162095345944,100.08498764038086,1.2496066,0.7105683065108708,-0.25281275083662014,111057.4296875,4.922294986955684,2460807.956313241
2460807.9596899766,1.0004226981887825,0.00247198410579673,100.10201225280761,1.2497654,0.8405627196127287,-1.1436420535679097,111057.4296875,4.401946623161531,2460807.956420509
2460807.9597989563,0.999351903839161,0.0024745859506936437,99.86207962036133,1.2499243,0.3249180750038324,-1.3576893200120927,111057.4296875,4.208321081219249,2460807.9565294906
2460807.9599056677,1.006650227261593,0.0024792931834339955,99.56934432983398,1.2500809,1.0369435710782415,-1.3244725621377837,111057.4296875,4.206848471493993,2460807.956636204
2460807.96001224,0.9982964195688527,0.0024614372020283232,99.20932235717774,1.2502377,1.836387476724328,-1.3109123494351815,111057.4296875,5.283512789558907,2460807.956742778
2460807.960118835,1.0054246700897465,0.0024798714878335676,98.94275550842285,1.2503983,-0.4489327373440977,-0.830061226611217,111057.4296875,4.081946082664104,2460807.956849375
2460807.9602254997,1.0023116043828422,0.002469937925291943,98.95366706848145,1.250555,0.8806375983053115,-0.9808188545287857,111057.4296875,4.405342192361722,2460807.9569560415
2460807.9603319447,1.006009403633008,0.002480338971712588,99.11392402648926,1.2507142,0.4527478371179292,-1.5052537227732208,111057.4296875,3.890141559610563,2460807.9570624884
2460807.9604385053,1.0012400050597887,0.00246840308901786,99.30853538513183,1.2508753,1.2779113851200088,-0.9405631222400886,111057.4296875,4.263931865105568,2460807.957169051
2460807.960545124,1.0030493216810055,0.0024737400783396805,98.96138305664063,1.2510283,1.0387376914854842,-1.1593280614481714,111057.4296875,4.2295499923182,2460807.9572756714
2460807.9606517777,1.0055804101311652,0.002463465549033117,98.77923240661622,1.2511918,1.105934456384381,-2.2815565128255635,111057.4296875,4.635049112735532,2460807.9573823265
2460807.960759415,1.0043519712723634,0.002456592484675456,98.4812614440918,1.2513497,1.2464555873576475,-1.0346826470358774,111057.4296875,4.449347005248772,2460807.9574899655
2460807.960865906,1.0010405824675845,0.0024597127274361623,98.42341499328613,1.2515119,1.4010196517708569,-0.9350379851796085,111057.4296875,5.01593956619019,2460807.9575964585
2460807.96097286,1.0051306532985582,0.0024687216662513407,98.36452674865723,1.2516724,1.5153185467532964,-1.4676838857769114,111057.4296875,4.852200027797067,2460807.9577034144
2460807.961083298,1.003316717271683,0.0024764616137791557,98.48725280761718,1.2518359,0.06830264716300712,-1.0522927153614834,111057.4296875,4.336347631125937,2460807.9578138543
2460807.96119075,1.005126009216843,0.0024756669988020828,98.7706428527832,1.2519994,0.7715042143984691,-2.049108525392921,111057.4296875,4.147948256285619,2460807.957921308
2460807.9612983055,1.0035372701317262,0.0024678915643996874,99.55392341613769,1.2521644,1.0989038533040187,-1.1867000626184843,111057.4296875,4.898274618036739,2460807.9580288655
2460807.9614047855,1.0005316165490257,0.0024679206916238166,100.06281967163086,1.2523292,0.6461141640329706,-0.9626482409506688,111057.4296875,4.5027336284388255,2460807.9581353473
2460807.9615114504,0.9998763561293986,0.0024771318001070306,100.27908935546876,1.2524822,0.7220516029497747,-1.6546310957429506,111057.4296875,4.5288575653321805,2460807.958242014
2460807.961618046,1.0035319237837976,0.0024760594056118844,100.81334609985352,1.2526462,1.0347880878752491,-1.6593217959103697,111057.4296875,4.4019809428872,2460807.958348611
2460807.96172588,1.0000690396119665,0.002466262295440938,100.97141189575196,1.2528123,1.4980653159653112,-1.9055799329316485,111057.4296875,4.342363832950652,2460807.958456447
2460807.9618348014,1.005027256746537,0.0024578155079392544,100.26452331542968,1.2529776,1.8218572807862823,-3.0323716354896986,111057.4296875,5.274750772285159,2460807.95856537
2460807.961941258,1.0013202386230502,0.002465900382893854,100.68610877990723,1.2531423,1.8427712714991165,-1.0151287126305903,111057.4296875,4.780004616199959,2460807.9586718287
2460807.9620477953,1.0020969130541133,0.0024522287470136335,100.37356033325196,1.2533075,1.7901093649683713,-3.34619286842338,111057.4296875,5.254044362193496,2460807.958778368
2460807.9621543908,1.0040705027143864,0.0024607256018681946,100.16900215148925,1.2534619,0.5758490904728047,-0.14723806057917516,111057.4296875,4.719437185320902,2460807.958884965
2460807.962261206,1.0037488345180636,0.0024662185029968755,100.82517051696777,1.2536269,0.8893791760085423,-1.2443432894807007,111057.4296875,4.565205575008956,2460807.9589917823
2460807.9623687738,1.003161829095613,0.002448603911659862,100.57937698364258,1.2537925,2.4022364606863973,-2.288171704201032,111057.4296875,5.359603670590929,2460807.959099352
2460807.9624753343,1.0017803156468152,0.0024657386571768475,99.82831077575683,1.2539585,-0.7243501973524966,-0.16896854122716487,111057.4296875,4.595885320243748,2460807.9592059143
2460807.9625819763,1.0042674364078774,0.002468135510917237,100.36189079284668,1.2541254,1.161958538990044,-1.953652611408269,111057.4296875,4.813194275545626,2460807.9593125577
2460807.9626886183,1.0013310055065237,0.0024650478501017114,100.15392875671387,1.2542891,0.8592688681437158,-0.6230694696796814,111057.4296875,4.840946419004416,2460807.9594192016
2460807.9627964054,1.0045623678834155,0.002468067468721534,99.83796539306641,1.2544536,1.4765000578882554,-1.8122492412448794,111057.4296875,4.501203854181853,2460807.9595269905
2460807.9629029892,1.0023443375445418,0.0024597538929399523,99.86501274108886,1.2546222,0.38855382922254006,-0.8072398575870121,111057.4296875,4.809595303202071,2460807.959633576
2460807.963009492,1.0009521477463947,0.0024400635273731327,99.74494132995605,1.2547905,2.0502101513923288,-3.556695468889904,111057.4296875,5.554515176057791,2460807.959740081
2460807.9631161224,1.0047037985758647,0.002464540147057009,99.55839958190919,1.2549478,1.3863088026489243,-1.1757003299518585,111057.4296875,4.651693292979018,2460807.959846713
2460807.9632231225,0.9994271666493719,0.0024415936201829923,99.80903205871581,1.2551205,3.035249515483593,-3.4430733494774484,111057.4296875,5.478193803553308,2460807.959953715
2460807.963334151,1.0034859517184593,0.00247762416406989,99.41248474121093,1.2552867,-0.15264708026498902,-0.6412101848274578,111057.4296875,4.4787729245634935,2460807.9600647455
2460807.963440654,1.004199582345557,0.0024668561356752817,99.88756294250489,1.2554545,0.9889224825250831,-1.4811919491511496,111057.4296875,5.2141880709507555,2460807.96017125
2460807.9635470873,1.0045487287177486,0.002467365923403418,99.9341438293457,1.255623,1.2164512042649707,-1.505186584447872,111057.4296875,4.665968599426977,2460807.960277685
2460807.9636536827,1.0016691282529937,0.0024689322206682333,100.17663230895997,1.255792,0.1717707944340072,-1.54190949176307,111057.4296875,4.598685551294684,2460807.9603842823
2460807.963761343,1.005999776864794,0.002472815462795081,100.3483657836914,1.2559615,0.6795820144756378,-1.5462443757347764,111057.4296875,4.775150791864861,2460807.9604919446
2460807.9638681,1.0045715606364967,0.002482216836173569,100.41875305175782,1.2561323,0.4219078374984059,-1.3116407382278354,111057.4296875,4.020579560140802,2460807.9605987035
2460807.963974383,1.0005228306796894,0.0024749044652702273,100.3586036682129,1.2562925,1.7976894308313345,-2.3827962859880647,111057.4296875,4.254020411484979,2460807.9607049883
2460807.964080921,1.0072765933181498,0.002456253352347061,100.5972282409668,1.2564625,0.32999966396414093,-0.8962084667235276,111057.4296875,5.3801173614841975,2460807.960811528
2460807.9641887313,1.0008955792349106,0.0024564203152194187,100.1893482208252,1.2566331,1.2429791853825516,-2.2431222626064806,111057.4296875,5.848741462688104,2460807.96091934
2460807.9642953384,1.0024675965815242,0.002434458289916014,100.2663185119629,1.2568044,2.0590768621661137,-4.185246192013439,111057.4296875,6.127642547651364,2460807.961025949
2460807.96440183,1.0031557417141501,0.0024179264781315725,100.00230903625489,1.2569743,1.9403203684456496,-1.8030016759448095,111057.4296875,6.345716572637448,2460807.961132442
2460807.964508495,1.0069531127796383,0.002435010750011541,99.37138900756835,1.2571458,0.7537581625639178,-2.008589151423425,111057.4296875,5.731896920875804,2460807.961239109
2460807.9646151364,1.0072952994148967,0.002434221788516726,100.30506553649903,1.2573075,0.5494447561958329,-3.119342086724733,111057.4296875,6.3587962718929605,2460807.9613457522
2460807.9647216047,1.0045081974266528,0.0024488969518246225,100.50946426391602,1.2574798,1.9764110437011948,-2.94717411676546,111057.4296875,5.586797480470088,2460807.9614522224
2460807.9648282113,0.9989606516110554,0.0024461496950593602,100.73737106323242,1.257653,0.05524453065641514,-1.6865382406092067,111057.4296875,5.447660761826106,2460807.961558831
2460807.9649347374,1.0011300663819096,0.002451416689169693,100.54844932556152,1.2578255,3.3433968668161125,-1.7789747382033272,111057.4296875,5.166033040481529,2460807.961665359
2460807.9650424323,0.9982195244382803,0.0024486523020726117,100.38200531005859,1.2579983,1.5324462460841015,-1.2718107236019818,111057.4296875,4.757591390641029,2460807.9617730556
2460807.965150081,1.0021133897204486,0.0024685750062664975,99.87771644592286,1.2581715,0.13582647456742217,-1.338010656199831,111057.4296875,4.536464090415218,2460807.9618807063
2460807.9652567455,1.0075126199944981,0.002442155649817071,100.02462577819824,1.258336,0.4194890044552987,-2.6136603326989882,111057.4296875,5.456824142376335,2460807.9619873725
2460807.965471002,1.0021895732222763,0.0024558084091171432,99.96642608642578,1.258685,-0.11271661385738868,-2.6165731071414324,111057.4296875,5.435495452702127,2460807.962201632
2460807.965577574,1.0056549221340776,0.0024702505190846045,100.40974311828613,1.2588597,1.4252427361011362,-0.8958794499842959,111057.4296875,4.658036799018952,2460807.962308206
2460807.9656841806,1.005763769786069,0.002480807887022989,100.06638565063477,1.2590231,0.6970719328324668,-1.511563574592914,111057.4296875,3.8818846623787313,2460807.9624148146
2460807.965790591,0.9980656481266456,0.002460384098894934,100.07002182006836,1.2591977,0.5456581493090413,-2.627693546158873,111057.4296875,4.838245580787934,2460807.962521227
2460807.9658985403,1.0024123034619825,0.00244405772659776,100.9994125366211,1.259373,1.7837085844824379,-3.1099040822697406,111057.4296875,5.23077678477348,2460807.962629178
2460807.966004916,1.0043235429610948,0.0024628379542673906,100.76494064331055,1.2595458,2.1184334266979303,-2.131616049055924,111057.4296875,4.74016786073953,2460807.9627355556
2460807.9661114765,1.0037223936198918,0.00247477738684653,100.97427978515626,1.259719,1.063651087720717,-1.8463703820162953,111057.4296875,4.396297421312705,2460807.962842118
2460807.9662180725,1.00230669536162,0.0024796204723634375,100.39169235229492,1.2598937,1.6357093071312787,-1.620737043889738,111057.4296875,3.8562054948597897,2460807.9629487153
2460807.9663245985,1.0048638857867855,0.0024806977743807982,100.58244476318359,1.2600696,1.9481090952194124,-1.4946805204847242,111057.4296875,4.271942088678905,2460807.9630552432
2460807.966431159,1.0081380146556977,0.0024879435944196848,100.59626922607421,1.2602465,0.9833419595995953,-1.2174997348592236,111057.4296875,3.848561356897222,2460807.9631618056
2460807.9665377657,1.0025141230133328,0.002475670518272142,100.50234947204589,1.2604235,1.4602553725512568,-1.9604262420898568,111057.4296875,3.9763103036897256,2460807.963268414
2460807.9666443844,1.0023927952692042,0.0024697184798586087,100.58429718017578,1.2605889,0.4884197853639898,-1.9737567795931605,111057.4296875,4.400079627092971,2460807.9633750347
2460807.9667508523,1.0008557821023616,0.0024812862319627143,100.65031356811524,1.260766,0.1854339557422283,-1.2916697089993672,111057.4296875,4.179285927263526,2460807.9634815045
2460807.966857471,1.0028058296188973,0.002456499191041291,100.73977279663086,1.2609446,1.6249423897238244,-2.4936531118717578,111057.4296875,4.916573131983702,2460807.963588125
2460807.9669652353,1.0039740837144169,0.002447023570050039,100.41478805541992,1.2611231,0.5995400666895887,-0.8084356654610667,111057.4296875,5.421429470796871,2460807.963695891
2460807.967071843,1.0038804002354949,0.0024401155942479387,100.33515129089355,1.2613013,1.9057824041936933,-2.580683828652213,111057.4296875,5.873105081145736,2460807.9638025
2460807.9671784495,0.998590521380975,0.0024232577590576608,100.93901481628419,1.2614684,1.944023788179171,-3.3497672296609124,111057.4296875,6.4232482140251195,2460807.9639091087
2460807.9672869546,1.0021463560158559,0.0024582930984326677,100.5149990081787,1.2616536,1.141266809158607,-0.9622519833696862,111057.4296875,4.961449769378335,2460807.9640176157
2460807.9673942216,1.004805844569093,0.002450064946316464,100.12844734191894,1.2618304,1.8169524607034984,-3.705017786924686,111057.4296875,5.7893620043590035,2460807.9641248845
2460807.9675007937,1.0030448256376974,0.002444442310199967,100.20264701843261,1.2620132,0.8592796577875118,-1.950888170290629,111057.4296875,5.336485936204849,2460807.9642314585
2460807.967607366,1.00486885946681,0.002440402926039813,100.77592277526855,1.2621815,1.3101495418796427,-2.22913078566014,111057.4296875,5.590567820262772,2460807.9643380325
2460807.967713938,1.0042854526209855,0.002471677909857081,100.96374053955078,1.2623611,0.6239277717333861,-1.3630649268773092,111057.4296875,4.02004801635258,2460807.9644446066
2460807.9678205913,1.0024801618945416,0.0024673566954126896,101.0709674835205,1.262542,1.024257546871007,-1.695921040865757,111057.4296875,4.3310239940289685,2460807.9645512616
2460807.9679271057,1.0054195296074788,0.002451882487024405,101.28560676574708,1.2627225,2.2111558762285246,-3.1358745279530864,111057.4296875,4.86902857868832,2460807.964657778
2460807.9680336784,0.999496085521541,0.0024687368170072726,101.31619567871094,1.2629031,0.21962135324243354,-1.73692791499752,111057.4296875,4.2835533350089445,2460807.964764352
2460807.968140285,1.0041195236950085,0.0024737046223843994,101.70610885620117,1.2630734,-0.28162502844866666,-1.2495855107952278,111057.4296875,3.992543237253313,2460807.9648709605
2460807.9682480264,1.0001681981565387,0.0024708110816540323,101.61379013061523,1.2632576,0.6360094023981565,-1.7827975435355543,111057.4296875,4.152797533282958,2460807.9649787038
2460807.9683546564,1.0056584016947239,0.002474216731331507,101.94073066711425,1.2634377,0.8861686876141707,-0.9744093475368811,111057.4296875,4.0232056865163575,2460807.9650853355
2460807.9684612057,1.0076849593078827,0.002459404713054922,101.6309700012207,1.2636139,0.06886039237707389,-1.1391959507329323,111057.4296875,5.206116529401527,2460807.9651918868
2460807.968567986,1.0043502191402927,0.002473504097140203,100.98654708862304,1.2637961,1.408413748613153,-2.6638674077249984,111057.4296875,4.401437394923094,2460807.965298669
2460807.968674431,1.0028520564433043,0.002450890906171537,100.4870590209961,1.2639806,1.3725143721685091,-2.708995919357786,111057.4296875,5.168027513537823,2460807.965405116
2460807.96878098,1.0000388770740412,0.0024670874257497247,100.47136917114258,1.2641596,-1.1818221251965795,-0.459118779313688,111057.4296875,4.337417712751575,2460807.9655116666
2460807.9688901566,1.0047106148507197,0.0024546408773976195,100.46727142333984,1.2643432,0.7894610321986266,-1.6530440186513709,111057.4296875,4.490917339743083,2460807.965620845
2460807.968996567,1.0024291868960202,0.0024627827634680567,100.26439056396484,1.2645215,-0.10243233073470889,-1.3130351486356147,111057.4296875,4.525802149287294,2460807.965727257
2460807.9691045512,1.0003299813833846,0.0024361937064556268,100.23803367614747,1.2647113,1.6077119210212378,-3.7988603610306355,111057.4296875,4.9775591122249265,2460807.965835243
2460807.9692108575,1.0068569574336717,0.002456174788514521,100.21759643554688,1.2648846,1.3342720334191465,-2.078456956808862,111057.4296875,4.752776284116887,2460807.965941551
2460807.9693175917,1.0035707546167483,0.0024623817476159956,100.19296836853027,1.2650698,0.7957580773636498,-1.92905583334221,111057.4296875,4.362780065475697,2460807.966048287
2460807.9694240247,1.0029376718286287,0.002451676309113235,100.42363319396972,1.2652525,0.9202835529927683,-2.3967210113299986,111057.4296875,5.308246427217544,2460807.966154722
2460807.969530574,1.0013310928716628,0.002462559555746328,99.8245346069336,1.2654362,0.5560397985886808,-1.270724566342337,111057.4296875,4.288014737076361,2460807.9662612732
2460807.9696371923,1.0025883857976048,0.0024598516147625762,100.08053894042969,1.2656228,0.46004353605025294,-1.1564541233893506,111057.4296875,4.874900484345345,2460807.9663678934
2460807.9697451186,1.0027740641346534,0.0024797670734663904,99.91510925292968,1.2658031,1.0828880899153517,-2.229716728359049,111057.4296875,4.5986037309647,2460807.9664758216
2460807.9698531376,1.0053100940744009,0.0024978919430082456,99.46640205383301,1.2659895,-0.4016357042694367,-1.3732234687850462,111057.4296875,3.225691063428742,2460807.9665838424
2460807.969960787,1.0071447659018522,0.002489339433053941,99.68145866394043,1.2661691,1.0962349366354511,-1.5181560569874928,111057.4296875,3.959478966414997,2460807.966691493
2460807.970068424,0.9992895186076542,0.0024671569204033385,99.51129684448242,1.2663558,1.124741863453235,-2.0875646193981794,111057.4296875,4.703943060080899,2460807.966799132
2460807.970174892,1.0026743678807908,0.0024829483350280153,98.4754623413086,1.2665436,0.9615182087869591,-1.5454311934502456,111057.4296875,4.0071525689004055,2460807.966905602
2460807.9702826217,1.0035085894505933,0.002473399540535852,98.61149063110352,1.2667303,0.5023372365050792,-2.451667322844764,111057.4296875,4.3013347519045295,2460807.9670133335
2460807.9703892865,1.0018488163211898,0.002469582274114285,97.97942733764648,1.2669172,0.6860083391410181,-1.1935270091613004,111057.4296875,4.465858912903805,2460807.96712
2460807.9704958354,1.0034950243415215,0.002482100085043367,97.80526123046874,1.2671041,0.7827945061230647,-1.6686358914691153,111057.4296875,3.849583790841565,2460807.967226551
2460807.970602373,0.9985445617585587,0.002469391026405897,98.90188980102539,1.2672918,0.35852275035192976,-2.0710508741713243,111057.4296875,4.140113718348583,2460807.9673330905
2460807.970709061,1.0051310719624846,0.0024756105537538774,98.95190315246582,1.2674697,1.1842461166506262,-1.7647031152076587,111057.4296875,4.279841834242797,2460807.96743978
2460807.970815587,1.0075045687276998,0.0024456113991893147,97.79196701049804,1.2676605,2.646432177102279,-3.762711037221415,111057.4296875,5.714247554281307,2460807.967546308
2460807.970922264,1.0056680522975983,0.0024644900416455075,98.31918220520019,1.2678489,1.4037570463945899,-0.9573191174857153,111057.4296875,4.776629701044232,2460807.9676529863
2460807.9710288243,1.0045275816103074,0.0024744943051367946,98.48038139343262,1.2680252,0.5512830672994676,-1.9868344128437703,111057.4296875,4.191575131104552,2460807.9677595487
2460807.971135327,1.0031072164086776,0.00247780951139261,99.05563240051269,1.2682168,1.3911685300832932,-2.351354036311588,111057.4296875,4.242090894978315,2460807.9678660533
2460807.97124808,1.0019227565877131,0.002474639090474065,98.17977104187011,1.268416,-0.3713354629273215,-1.3658480239400557,111057.4296875,4.173969619992702,2460807.967978808
2460807.971354432,1.0036691417768966,0.0024636686774549194,98.93517036437989,1.2686028,0.39977220013408993,-2.283599962925489,111057.4296875,4.798528382012163,2460807.968085162
2460807.9714610623,1.0012102097007396,0.002478268512753029,98.87308921813965,1.2687829,0.630751362013768,-1.796850562324525,111057.4296875,4.377907947407076,2460807.968191794
2460807.9715681206,1.003281720744251,0.0024745178532093637,99.08261642456054,1.2689777,0.8246301815735055,-2.1728676230660113,111057.4296875,4.320022839301247,2460807.9682988543
2460807.9716787785,0.9999629982418623,0.0024444209528615697,99.65741653442383,1.2691695,1.5657600025417358,-2.8932112377900405,111057.4296875,5.21179801015912,2460807.968409514
2460807.9717854084,1.0051713258182224,0.0024488672978948047,99.3727912902832,1.2693604,1.1207126600687527,-3.4721994909303024,111057.4296875,5.276836946930627,2460807.968516146
2460807.9718919112,1.0003258591128492,0.0024746204717940442,99.15988883972167,1.2695511,-1.068198765085985,-1.6314030585371297,111057.4296875,3.9440369973341136,2460807.9686226505
2460807.971999745,1.0027535889464778,0.0024885488884499006,99.2030860900879,1.2697404,0.2751125914587414,-1.261859651556431,111057.4296875,3.4499506455512896,2460807.968730486
2460807.9721076945,1.0019556024987806,0.00248757389386283,99.13294067382813,1.2699286,0.8384617663553106,-2.2693420203739745,111057.4296875,3.62797043130782,2460807.9688384375
2460807.97221657,1.0036572189473176,0.0024885337534663204,99.72825965881347,1.2701276,0.4345139604658476,-1.8269320200569716,111057.4296875,3.765986875767015,2460807.9689473147
2460807.9723234205,1.0022880851687164,0.002481462263203524,99.86535758972168,1.2703142,1.6880711993043378,-2.572168916501767,111057.4296875,4.079237251894686,2460807.9690541667
2460807.9724307796,1.0013707420493851,0.0024862565292645454,99.97360687255859,1.2705068,0.49738070685036023,-0.9753215205403067,111057.4296875,3.6809549177208574,2460807.9691615277
2460807.9725374794,1.003007011683121,0.0024926534242068277,100.27883758544922,1.2706997,-0.5674421061232652,-0.8022417813753678,111057.4296875,3.5711322913767636,2460807.9692682293
2460807.9726454867,0.9980677186955367,0.0024840825785333582,100.77992706298828,1.2708937,1.9912218121625311,-2.075383125458725,111057.4296875,3.8057605033629627,2460807.9693762385
2460807.9727529036,1.0002778734321556,0.0024825068220543254,101.00537490844727,1.271088,0.11388772795767414,-2.0515046422276333,111057.4296875,4.159475801143353,2460807.9694836573
2460807.9728593947,1.004015633782157,0.0024939806454839053,100.83541984558106,1.2712828,0.25568870904444463,-1.4060806686574077,111057.4296875,3.602743623025966,2460807.9695901503
2460807.9729657937,1.0047264791204422,0.002489953001157627,100.26227569580078,1.2714643,0.5958663640717117,-2.364689107694866,111057.4296875,3.6556428351067307,2460807.969696551
2460807.9730723193,1.00326663218658,0.0024819108339364823,100.78132667541504,1.271659,0.5007790631875249,-2.0603949136259807,111057.4296875,3.676644562615444,2460807.9698030786
2460807.973180304,0.9987925071663515,0.0024880091195268643,100.69046936035156,1.2718534,0.5519841446735998,-1.1527577477760331,111057.4296875,3.5826808053965897,2460807.969911065
2460807.9732866795,1.0031870669247238,0.0024809943548469338,100.40699768066406,1.2720494,0.4517568869896986,-2.4685418554897893,111057.4296875,4.071180567357167,2460807.970017442
2460807.973396851,1.0047116480626967,0.0024797892504054364,100.66491508483887,1.2722459,1.5127982188803728,-1.646448359229504,111057.4296875,3.7138791271292293,2460807.9701276156
2460807.973503331,1.0008049190078951,0.0024698662522916375,100.52529373168946,1.2724413,0.8346018168502743,-1.9942829101196005,111057.4296875,4.060542660606213,2460807.9702340974
2460807.9736098335,0.9995841559578478,0.0024642795306892857,100.41713027954101,1.2726387,0.7905365311477279,-2.2314473931574135,111057.4296875,4.330464158023076,2460807.9703406016
2460807.9737177715,1.0036312830890648,0.0024518232289021504,100.64178619384765,1.2728353,1.938596118607413,-2.2990804346163083,111057.4296875,4.8301427193830335,2460807.9704485415
2460807.973824124,1.0030215244585916,0.0024763781136895886,101.2317611694336,1.2730189,0.7723504056744317,-2.0040224031612826,111057.4296875,3.8203874035019156,2460807.9705548957
2460807.9739307077,1.0025707745161614,0.0024699371209997976,101.13106536865234,1.2732142,0.9006922335746108,-2.534242285421367,111057.4296875,4.487582195664481,2460807.9706614814
2460807.9740372337,1.0036458756835593,0.0024752749070628003,101.11933250427246,1.2734101,1.424551855546617,-1.824914965517463,111057.4296875,4.0971122516076575,2460807.9707680093
2460807.974143725,1.0024539124433713,0.0024759859770726203,100.77458305358887,1.273606,0.3953934292685656,-1.78273980609303,111057.4296875,3.99326243226864,2460807.9708745023
2460807.974250343,1.0057604607002912,0.002478987955755213,100.7138557434082,1.2738036,0.5572780158972761,-1.7092409585894053,111057.4296875,3.764828278524343,2460807.9709811225
2460807.9743568464,1.0047398984081335,0.002484638492038136,99.9523868560791,1.2740029,0.8699971457212804,-1.8728747506801993,111057.4296875,3.4300625746429088,2460807.971087627
2460807.974463419,1.0017715118336437,0.0024775732892108543,99.27874450683593,1.2741878,1.0788162430643955,-1.8115574435667432,111057.4296875,3.8517896612391436,2460807.9711942016
2460807.9745701184,1.0052364243683807,0.0024826445121861585,99.30826263427734,1.2743864,0.6556360871542695,-2.065516259208346,111057.4296875,3.758771142075302,2460807.971300903
2460807.9746766672,1.0023199637630622,0.002477477843281366,99.45413475036621,1.2745851,0.5972878780094364,-1.482582771761932,111057.4296875,3.79003377594023,2460807.9714074535
2460807.974783124,0.9997015543950939,0.0024696092631247514,99.05370750427247,1.2747841,0.9886384214771518,-2.3845628779440746,111057.4296875,4.005686087402887,2460807.971513912
2460807.974889696,1.002552627274341,0.0024696882557536802,98.6063159942627,1.2749843,0.0723347084950503,-1.4317477397410159,111057.4296875,4.079736829479387,2460807.971620486
2460807.9749962916,1.0018841596964276,0.0024732655940862803,98.76188011169434,1.2751704,0.821089090609974,-2.262023767269954,111057.4296875,4.1145588860933255,2460807.9717270834
2460807.975102887,1.0014163760469603,0.0024880168756064645,99.27274627685547,1.27537,0.33568428995944216,-1.3687202294797682,111057.4296875,3.3501048791860866,2460807.9718336808
2460807.975209494,1.0085667150739737,0.0024793909873301804,99.11139030456543,1.2755694,0.752703557606667,-2.0599732969633147,111057.4296875,3.8988529936584397,2460807.9719402893
2460807.9753162167,0.9987793823434945,0.002402787454660006,99.29135513305664,1.2757696,-0.3688004946682498,-3.0426849182695217,111057.4296875,4.78839605738561,2460807.9720470137
2460807.975422766,1.0010686006315894,0.002458303902959656,99.25684661865235,1.2759701,1.3877825765642369,-2.428182513712819,111057.4296875,4.549884368558471,2460807.972153565
2460807.9755293843,1.0013784034685258,0.0024676328042124323,99.33376007080078,1.2761712,1.0984399824516402,-2.1924912544900694,111057.4296875,4.284271265102718,2460807.972260185
2460807.97563598,0.9997762289082334,0.0024672350226669993,99.28562126159667,1.276366,-0.5432943399107893,-1.4895419629871476,111057.4296875,4.100363776098755,2460807.9723667824
2460807.97574283,1.0082016613529157,0.002466166522225338,98.65632514953613,1.2765612,0.5295785996018113,-2.016501547482445,111057.4296875,4.437990362883286,2460807.9724736344
2460807.9758493328,1.0087386355865169,0.0024753212613398716,99.27803268432618,1.2767647,0.48007294509292475,-1.9487505774429128,111057.4296875,4.003074380830338,2460807.972580139
2460807.975955986,1.0066600835623765,0.0024738956118978426,98.99115142822265,1.2769674,0.6779489773131014,-1.7354021121263683,111057.4296875,4.092107253390991,2460807.972686794
2460807.9760625814,0.9998681242251933,0.002476543397344011,98.36001777648926,1.2771702,0.1160055566461717,-2.069253244310833,111057.4296875,3.6986799845635208,2460807.972793391
2460807.9761691885,1.0010340315245403,0.0024751807725622854,97.92198829650879,1.2773595,0.766485253975756,-1.8917564687281998,111057.4296875,3.938103653249551,2460807.9729
2460807.9762758184,1.001210344374885,0.002481317903779417,97.71344261169433,1.2775633,0.4148004792138725,-2.252196550352491,111057.4296875,3.70246602532573,2460807.9730066317
2460807.9763826686,1.005313373732884,0.0024863310363343054,98.1266471862793,1.2777685,0.7057477441196723,-2.2378850473762064,111057.4296875,3.9895046437444632,2460807.9731134837
2460807.9764890787,1.0013875943891466,0.0024770422056000553,98.37075881958008,1.2779732,0.8666655213989278,-1.9358513368589918,111057.4296875,4.2853016025337105,2460807.9732198957
2460807.976595813,1.0065539345850996,0.0024875195305999126,97.94949913024902,1.2781767,0.6252978613548626,-2.018150454029056,111057.4296875,3.70383355982933,2460807.973326632
2460807.976702304,1.004051408427344,0.0024930345547498397,97.11149063110352,1.2783717,0.5994954172781167,-1.9836654131746385,111057.4296875,3.2489377576225835,2460807.973433125
2460807.9768088763,1.0044495072477464,0.002487791980153991,97.07126808166504,1.2785804,0.9596060076486572,-2.1811731899678426,111057.4296875,3.570391982905913,2460807.973539699
2460807.9769162587,0.9976062482569257,0.0024821507310641418,97.52001609802247,1.2787753,1.1073374120447874,-2.340452024707059,111057.4296875,3.5410567507309527,2460807.973647083
2460807.9770231554,1.0027714245679265,0.002484470775626,98.47943153381348,1.2789851,1.312134413487484,-2.254108273394624,111057.4296875,3.8126145387874666,2460807.9737539813
2460807.9771296815,1.0007892822612077,0.002485513875827683,99.54819679260254,1.2791907,-0.12028017813869214,-1.7724862098312109,111057.4296875,3.725261287743135,2460807.973860509
2460807.9772362304,1.0009429330878463,0.002477210335463207,100.69174613952637,1.2793831,0.8547724112500217,-2.7096378434684927,111057.4296875,4.585084943684474,2460807.97396706
2460807.9773429185,1.0097748439126284,0.002491062073464759,100.57140274047852,1.2795888,-0.12313262268809953,-1.2584984410702957,111057.4296875,3.91589367545596,2460807.97407375
2460807.977449375,1.0024023287944348,0.0024773606933856164,99.55346450805663,1.2797959,1.788562811800594,-2.7055930626706304,111057.4296875,4.375225605404398,2460807.9741802085
2460807.977556005,1.001393351136486,0.0024733528345896104,100.0525291442871,1.2799993,0.6637709502501288,-2.216283622152496,111057.4296875,4.5201597869964365,2460807.9742868403
2460807.977662716,1.0033528763388866,0.0024832066276482844,99.99246520996094,1.2802017,0.17038502049898488,-2.1416684132894686,111057.4296875,3.8334950091300692,2460807.974393553
2460807.9777741726,1.005334466749676,0.0024692356620020692,100.62658004760742,1.2804232,2.177234454712129,-3.497770372869683,111057.4296875,4.618296326362007,2460807.9745050115
2460807.9778805827,1.0017015462940226,0.00247366035200854,100.22417106628419,1.2806182,0.8764603352874215,-2.4037407612740673,111057.4296875,4.281672467816473,2460807.9746114234
2460807.9779884745,1.0030085023110396,0.002479869487886171,100.69723548889161,1.2808261,0.11710467809881464,-2.1157351893861196,111057.4296875,4.221937795862242,2460807.974719317
2460807.978096401,1.0008176386297043,0.0024883963264932104,100.59135513305664,1.2810352,0.5723233233105447,-2.2684491929361896,111057.4296875,3.711130736673399,2460807.9748272453
2460807.978202707,1.0019068701275993,0.002488286025761489,99.7186954498291,1.2812438,0.540430753691648,-1.672048539513669,111057.4296875,3.794422070635038,2460807.974933553
2460807.97830921,1.0013368263765898,0.0024800918440523794,99.23046493530273,1.2814524,0.5452929629987383,-1.8791136994156126,111057.4296875,4.050413491418195,2460807.9750400577
2460807.978417009,1.0031766924614018,0.002466627045017586,98.83782653808593,1.281662,0.9068518494259442,-2.420357012021005,111057.4296875,4.289917346068835,2460807.9751478587
2460807.978524137,1.0050554272821013,0.0024779698918416834,98.11308631896972,1.2818737,0.24279960816548804,-0.8384824394951973,111057.4296875,4.143888000116096,2460807.9752549883
2460807.978631485,1.0053968144564176,0.002481531414571254,98.04851722717285,1.2820715,0.8231963898510194,-2.373528797648078,111057.4296875,4.004936403964076,2460807.975362338
2460807.9787380686,1.0029565316200602,0.00247531515975057,98.08647689819335,1.2822816,1.0710244575693033,-2.3019553195764098,111057.4296875,4.297509477365166,2460807.975468924
2460807.9788447795,0.999256539200958,0.0024789628052569682,97.27293014526367,1.2824937,-0.5034964990369063,-1.3927548817668243,111057.4296875,3.7744755284947935,2460807.9755756366
2460807.9789511203,1.0038558456793318,0.0024844475522884514,96.30174598693847,1.2826942,0.3010533142773136,-2.598143537835056,111057.4296875,3.748909560021014,2460807.975681979
2460807.9790577157,1.0076099877033706,0.0024885047923819932,96.04518852233886,1.282909,0.5180358692162956,-1.6545345653367085,111057.4296875,3.5169314875385043,2460807.9757885765
2460807.979164242,1.003295296414132,0.002482920835199212,96.51504211425781,1.283121,1.1090441319134372,-2.605056031196663,111057.4296875,3.737717196977545,2460807.975895104
2460807.9792720876,1.0074683478342523,0.0024902196924491055,96.42574653625488,1.2833241,0.021900070096041453,-1.420846385121388,111057.4296875,3.5181676403905886,2460807.9760029516
2460807.979378833,1.0009597304581679,0.0024807026211218297,96.09807586669922,1.2835339,0.6776567920478171,-2.5334776688692053,111057.4296875,3.9427236669191066,2460807.976109699
2460807.979485359,1.0026300314279741,0.0024868228701838938,96.94187698364257,1.2837424,1.1373652201847302,-1.2075716553744926,111057.4296875,3.6388415730444863,2460807.976216227
2460807.979592059,1.0034740811478788,0.002478022704614515,97.11952476501465,1.2839583,0.7671063951764168,-2.286388222379609,111057.4296875,3.768552249593342,2460807.9763229284
2460807.9796984573,1.0008707307694131,0.0024628198826497382,97.85723991394043,1.2841613,0.48584379083584545,-1.4301604213817973,111057.4296875,4.144034041148344,2460807.976429329
2460807.9798050527,1.0018072395490543,0.00245852370320877,98.34427223205566,1.284375,1.0729950856779198,-2.5833659289442936,111057.4296875,4.40328293325559,2460807.976535926
2460807.9799116594,1.007252040842729,0.0024670186128125057,98.48788948059082,1.2845887,1.6033595657749267,-1.8945858904495814,111057.4296875,4.338886905993303,2460807.9766425346
2460807.980018243,1.001227149211063,0.002463051976848355,99.08749084472656,1.284802,0.45102038313680654,-2.2352586414928703,111057.4296875,4.437349253923488,2460807.9767491203
2460807.980126089,1.0036501498509434,0.002469370523500969,98.83929901123047,1.2850168,0.9472173934795259,-2.1726863718924503,111057.4296875,3.884422799818321,2460807.9768569674
2460807.9802326383,1.0016751795502632,0.0024735495656995066,98.78385620117187,1.2852194,0.29715654359577565,-1.607833244222884,111057.4296875,4.293281391150084,2460807.9769635187
2460807.980339245,1.000417624833155,0.0024781182653403483,99.01855239868163,1.285434,1.2864707775342634,-3.147235395168607,111057.4296875,3.7462078016016274,2460807.977070127
2460807.980445887,1.0003705636526543,0.0024633255392070255,98.99808273315429,1.2856491,1.1281996232792322,-2.0408640185922184,111057.4296875,4.250413766679561,2460807.977176771
2460807.9805525052,1.0009986003309455,0.0024718167456504415,99.15624046325684,1.2858646,0.927305632439475,-1.695551362076324,111057.4296875,4.321150273239432,2460807.977283391
2460807.980658973,1.0012643603285662,0.002481398973756644,99.86042404174805,1.2860794,0.6990438828400622,-2.463304030739507,111057.4296875,3.580492739975088,2460807.977389861
2460807.9807656268,1.0017698143022538,0.0024717207573704174,100.26637763977051,1.2862806,0.4434760965255605,-2.0198790880689343,111057.4296875,4.063453343783302,2460807.9774965164
2460807.98087221,1.000033580390761,0.002465116483438868,100.36541595458985,1.2864964,0.4549519732472031,-2.1283954559392533,111057.4296875,4.1366294665702785,2460807.9776031016
2460807.980978794,1.0016845083698196,0.0024661691749376493,100.00619621276856,1.2867128,1.3271643719972648,-1.2526762361290613,111057.4296875,4.271531685128132,2460807.9777096873
2460807.9810856213,1.00535283163218,0.0024737763299225533,99.76126098632812,1.2869292,0.7631001246695838,-2.2379033281791987,111057.4296875,4.056654135886685,2460807.977816516
2460807.9811919853,1.0063210734433874,0.0024781501265617833,99.68760604858399,1.2871457,0.28413654882292694,-2.149898380888715,111057.4296875,3.8579135540239062,2460807.977922882
2460807.98129865,1.0098027640709029,0.0024795395695485344,99.5763599395752,1.2873624,0.9688502844364675,-1.734677714889045,111057.4296875,3.76405504739799,2460807.9780295487
2460807.9814062407,0.9984868394566597,0.002466242045201216,98.56007385253906,1.2875719,1.064252292698507,-2.3219861972213076,111057.4296875,3.974956762233353,2460807.978137141
2460807.9815127784,0.9994975075455167,0.0024407057183659883,98.09962615966796,1.2877911,0.8371101584961266,-2.3532368942233526,111057.4296875,4.906108414837666,2460807.9782436807
2460807.981621654,1.004610046412457,0.002439799087582244,97.92780113220215,1.2880136,1.7772141176687934,-3.631756784287269,111057.4296875,5.167821741977342,2460807.978352558
2460807.9817282376,1.0036402797564732,0.0024506164030024587,97.77970466613769,1.2882321,0.141141121125133,-2.1682162400780145,111057.4296875,4.6651652540421,2460807.9784591435
2460807.9818348098,1.0034874836595005,0.0024566645065984155,97.34369163513183,1.2884397,0.38026309744674164,-1.3825420183699348,111057.4296875,4.303286002930112,2460807.9785657176
2460807.9819413703,1.0001458899846731,0.0024527907777052876,97.54523239135742,1.2886558,1.618938281716685,-2.345323426416628,111057.4296875,4.937238051577166,2460807.97867228
2460807.982048012,1.0013120332011771,0.0024525806598241287,97.83044776916503,1.2888716,0.12779479607345037,-2.5798376951666975,111057.4296875,4.880726287709767,2460807.9787789234
2460807.982155788,1.0023744592614752,0.002455614832377743,96.73914184570313,1.2890886,0.2276979796551909,-1.2900236716231979,111057.4296875,4.2608524797547505,2460807.978886701
2460807.982262245,1.0034516120330617,0.002459286671194828,96.7754295349121,1.2893156,0.43339793768197843,-2.1622229821970356,111057.4296875,4.377800606850022,2460807.9789931597
2460807.9823722662,1.0033062292220656,0.0024404867490287452,97.11105880737304,1.2895368,1.7735710179543374,-3.2904785662529674,111057.4296875,5.358126320903352,2460807.979103183
2460807.982481153,1.000078425562572,0.0024653111467297967,96.61801223754883,1.2897569,1.199004074338803,-1.5302302907749838,111057.4296875,4.248386351695767,2460807.9792120717
2460807.9825878874,1.0038153154997909,0.002465554384606986,96.30377426147462,1.2899796,0.2989148991639198,-2.5805250539821762,111057.4296875,3.98564838452393,2460807.979318808
2460807.9826959064,1.00427705459996,0.002475006194892001,96.59394989013671,1.2902038,1.208152700483,-1.77296521910816,111057.4296875,4.091341908075709,2460807.9794268287
2460807.98280337,1.005718776311529,0.002477740404367795,97.23693237304687,1.2904122,0.317713077191942,-2.5271042985459617,111057.4296875,4.011625526971879,2460807.979534294
2460807.9829099188,0.998547562645715,0.002467562190145425,97.34613342285157,1.2906343,0.9744752479796316,-2.778401456686203,111057.4296875,4.270210961017444,2460807.9796408447
2460807.9830188868,1.00304389202458,0.002466975184598183,97.21683235168457,1.2908562,-0.03701798685007029,-1.558902545669915,111057.4296875,4.442431343427389,2460807.9797498146
2460807.9831254706,1.0018444041455137,0.0024625626776375626,97.61908149719238,1.2910785,1.5352583239534245,-2.701357063234807,111057.4296875,4.633687239559427,2460807.9798564003
2460807.9832320316,1.0042391441320402,0.0024749465788213346,98.17871475219727,1.2913029,1.1217525769666612,-2.8993839320517703,111057.4296875,3.8062003870657772,2460807.979962963
2460807.983338592,0.9992385477018224,0.002478475668380745,97.96314086914063,1.2915269,0.40565748501814425,-2.385731255603214,111057.4296875,3.759897105623956,2460807.9800695255
2460807.9834451415,1.0018751709885647,0.0024806783139021513,97.58381729125976,1.2917498,0.6818813252651112,-1.9329195936814592,111057.4296875,3.447761329020616,2460807.9801760763
2460807.9835517253,1.0082379675093345,0.0024695089107491307,98.01310882568359,1.2919577,1.2530057107256625,-2.15759420372212,111057.4296875,4.30618961681836,2460807.980282662
2460807.9836606933,0.9990085814933156,0.0024760801913261414,98.39108734130859,1.2921963,0.8133349657375918,-2.91254555769374,111057.4296875,3.5924788171965307,2460807.980391632
2460807.983774372,0.9988492751731475,0.002481488969361054,98.35942306518555,1.2924207,1.0290206003091755,-2.0657415615069743,111057.4296875,3.759262685924592,2460807.9805053123
2460807.983883178,1.002809583175762,0.0024751634360816233,98.1598518371582,1.2926467,0.30610406130767986,-2.8466605871664505,111057.4296875,3.9352551121738064,2460807.98061412
2460807.983991012,1.003265525131772,0.0024865464062252085,98.40861206054687,1.2928732,0.9424191144031302,-1.5282678918070427,111057.4296875,3.4333520643197315,2460807.980721956
2460807.984097677,1.0027860695884125,0.002484651091684223,98.25612373352051,1.293102,0.4321869316197242,-2.2070764351819836,111057.4296875,3.8102510378499885,2460807.980828623
2460807.9842042373,0.9965536180373297,0.002482923267827863,98.37215957641601,1.2933232,0.4644929443323536,-2.363638539096086,111057.4296875,3.7019954679218947,2460807.980935185
2460807.984310798,1.0008842295307374,0.0024909056647514985,98.36062507629394,1.2935452,-0.008001466871413752,-1.3175833057257977,111057.4296875,3.5169942387884205,2460807.9810417476
2460807.984417324,1.0030099865716116,0.0024931960027116617,98.49756813049316,1.293773,0.8686425197730592,-2.740025895236462,111057.4296875,3.2956447756578715,2460807.9811482755
2460807.984543907,1.0028141719246497,0.0024798493899012295,97.54113464355468,1.2940354,0.7709538507908953,-2.196635844353478,111057.4296875,3.790052124512077,2460807.981274861
2460807.9846502137,1.0035290906608225,0.00248973345477703,97.10998802185058,1.2942651,0.6119423923207862,-1.830295112304495,111057.4296875,3.0853590761549383,2460807.981381169
2460807.9847568204,1.007681613359382,0.0024943940861628265,96.80973815917969,1.2944899,0.07999456192000577,-2.0339350465973554,111057.4296875,3.0851909732241554,2460807.9814877775
2460807.9848645157,1.002262507107139,0.002487033040035168,96.99125022888184,1.2947171,1.1180034769343268,-2.246850611864285,111057.4296875,3.804186189435034,2460807.9815954748
2460807.984971169,1.001679802332218,0.0024862822196051754,96.67588081359864,1.2949295,1.470996858538781,-1.9848964825194784,111057.4296875,3.6037771100702054,2460807.98170213
2460807.9850801947,1.0016101911542654,0.0024830331803469964,96.14528388977051,1.2951738,0.912109055509062,-1.9591960452655555,111057.4296875,3.613426871336989,2460807.9818111574
2460807.9851865703,1.000816737068769,0.0024799491068222073,95.5226894378662,1.2953864,0.959662359681439,-2.4044827082997897,111057.4296875,3.509871096833216,2460807.981917535
2460807.9852943923,1.0077990023624996,0.002487366889765258,95.59937133789063,1.2956159,0.8150462598361318,-1.8932189924922727,111057.4296875,3.4289905951341497,2460807.982025359
2460807.9854009645,1.0003940912134979,0.002482758563281443,95.94508666992188,1.2958471,0.45444723682750976,-2.108536117603078,111057.4296875,3.3304444439991507,2460807.982131933
2460807.985509828,0.997548458709913,0.0024714100307304345,95.75318336486816,1.2960773,0.19703084432399082,-2.902419480776067,111057.4296875,3.806446604497662,2460807.9822407984
2460807.9856164814,1.0043647772531474,0.002484051165572891,96.36785430908203,1.2963073,0.8195105163295043,-1.731609014073028,111057.4296875,3.7230949339875377,2460807.9823474535
2460807.985722903,1.0028898966418096,0.0024825548633271434,96.59694213867188,1.2965379,0.46897162931374525,-1.9830946012805941,111057.4296875,3.5803190601373838,2460807.982453877
2460807.9858296267,1.0005874190911188,0.0024713291573117105,96.26001052856445,1.2967532,0.348668573490073,-2.1345670041948823,111057.4296875,4.1448739203037,2460807.982560602
2460807.985936199,1.0025848579203498,0.0024728452880125656,96.30006866455078,1.2969833,1.1779920093949878,-2.217166685205113,111057.4296875,4.302177854076785,2460807.982667176
2460807.9860439515,1.00571459398216,0.002477037963225195,97.38546676635742,1.2972138,0.5251181553374152,-1.9079079908970578,111057.4296875,3.8124169755572743,2460807.9827749305
2460807.9861506396,1.0016184728573498,0.002460924001524739,98.0676830291748,1.2974443,0.13659851352297475,-1.542640468351057,111057.4296875,4.267207112655846,2460807.9828816205
2460807.986257177,1.0000248606809405,0.002457128768426745,98.97186126708985,1.2976786,0.9909630128816219,-1.9627594762210494,111057.4296875,4.326056529648877,2460807.9829881596
2460807.986363564,1.0033599289590573,0.002463776648464141,99.61681671142578,1.2979117,0.6284595873816382,-2.1640088835649274,111057.4296875,4.080038482251344,2460807.983094549
2460807.9864700898,1.0001972557796495,0.0024538194167726033,99.84999504089356,1.2981284,0.1831963969689421,-2.390737755380871,111057.4296875,4.206638375505744,2460807.9832010763
2460807.9865778773,1.000710276879327,0.002472741776741352,100.1966594696045,1.2983603,0.6740441514717732,-2.027149485600394,111057.4296875,3.552361050245406,2460807.9833088657
2460807.986684577,1.0006808826012796,0.002457048751409866,100.40278663635254,1.2985963,0.3964527888320322,-1.1431731782626113,111057.4296875,4.162389655441999,2460807.9834155673
2460807.9867920056,1.001809683668401,0.0024644692729799667,100.26720657348633,1.2988322,1.6973329713130976,-2.5585735706788113,111057.4296875,4.408563584006529,2460807.9835229977
2460807.9868985205,1.0061257740566345,0.002471162431525557,101.03267631530761,1.2990662,0.5765739614109462,-2.503514239400329,111057.4296875,4.119867485640126,2460807.983629514
2460807.9870052664,1.0041050388239943,0.0024420339055264166,101.58743705749512,1.2992853,0.41764332038656177,-1.720608372543754,111057.4296875,4.8381797654272765,2460807.9837362617
2460807.9871130884,1.002546856236649,0.002461676264945,101.78940505981446,1.2995246,0.7427190723885124,-2.2548874988522103,111057.4296875,4.1394807362693165,2460807.9838440856
2460807.9872196373,1.00332555899736,0.0024422072201752817,102.3527458190918,1.2997587,0.8693627912326447,-2.3349050005508976,111057.4296875,4.804525357841043,2460807.9839506363
2460807.987326302,1.0001046903991517,0.0024540890045331347,102.16484222412109,1.2999858,-0.11039545301049385,-2.4489928781756447,111057.4296875,4.870435354146756,2460807.984057303
2460807.9874327932,1.0009389811255536,0.0024722163063081166,102.45474433898926,1.300217,0.7763691867457523,-1.5817632564433597,111057.4296875,3.942456911971115,2460807.984163796
2460807.987539412,1.0028000449998908,0.002465234409695366,102.8424617767334,1.3004524,0.2211520696651495,-2.3360253882290576,111057.4296875,3.8216284613982636,2460807.9842704167
2460807.9876478245,1.0034024565773765,0.0024636476265163638,103.09438972473144,1.3006879,0.6454212692491317,-2.6819291052398384,111057.4296875,4.256685303660207,2460807.984378831
2460807.9877547207,1.0090114210048065,0.002465100099746172,102.80544624328613,1.3009234,0.33453108225196787,-1.7803448567755749,111057.4296875,4.12300124830009,2460807.984485729
2460807.987864985,1.0018113505837876,0.0024626690113204192,103.18348770141601,1.3011614,0.5734691809528008,-2.654368345314954,111057.4296875,3.9732894370353113,2460807.9845959954
2460807.9879725296,1.000825265735302,0.002463857244116898,102.84608879089356,1.3013998,0.1764029065370489,-2.045747787105064,111057.4296875,4.057115579809548,2460807.9847035417
2460807.98807909,1.0073312373181527,0.0024679263767533473,102.50602912902832,1.3016359,1.2007521558990502,-2.1378251994072377,111057.4296875,4.239989291345102,2460807.984810104
2460807.9881857554,1.0009564818564722,0.002464641583283641,102.61706008911133,1.3018673,1.2023790816748026,-2.413579505439786,111057.4296875,4.355218928378104,2460807.984916771
2460807.9882924203,1.0074741217144871,0.0024655035826271965,102.19289436340333,1.3020997,1.0403767607719594,-2.326625098979956,111057.4296875,4.210942519345679,2460807.9850234375
2460807.9883989,1.0060830590380034,0.0024689159381223766,102.45609092712402,1.3023385,0.45407667035098237,-2.022576850651306,111057.4296875,3.756103583726372,2460807.985129919
2460807.9885055413,1.001790566197405,0.0024541207462619144,102.01526107788087,1.3025774,1.126141012725965,-3.3288201170191134,111057.4296875,4.752874856054971,2460807.9852365623
2460807.988613283,1.0043753814686527,0.002461954251579671,102.34184761047364,1.3028167,0.23326751520036446,-2.7193822504154563,111057.4296875,4.06363815778498,2460807.9853443056
2460807.988721371,1.0000461124687738,0.002447888338990082,102.03483352661132,1.3030552,0.7923015995929112,-2.742148066786443,111057.4296875,4.6821251623704105,2460807.985452396
2460807.9888287187,1.0060869002070005,0.002443246399678692,102.5302635192871,1.3032953,1.2925143118131124,-3.5046044021978497,111057.4296875,4.661049133281053,2460807.985559745
2460807.988935268,0.9999969958978844,0.0024620120433258828,102.95627174377441,1.3035199,0.8440228328860397,-2.1793117115128937,111057.4296875,4.073697790347448,2460807.9856662964
2460807.9890418747,1.00210155173315,0.0024655625904988583,102.80433807373046,1.3037596,-0.6091567000078665,-1.9012172372572727,111057.4296875,3.7573473302114113,2460807.985772905
2460807.9891485395,1.0049107613486299,0.0024644230488752874,102.753178024292,1.3039998,1.29233597378788,-2.794924177831099,111057.4296875,4.089599942171096,2460807.9858795716
2460807.9892563154,1.0024195947850894,0.0024643574722992174,103.12188873291015,1.3042319,-0.0083166355308029,-2.0486085391166107,111057.4296875,4.27368171392724,2460807.9859873494
2460807.9893629113,1.0033205293370127,0.0024827736741313933,103.70582237243653,1.3044736,-0.33885277604738023,-2.480392823275133,111057.4296875,3.600953712265126,2460807.9860939467
2460807.9894695412,1.0017871139399412,0.0024757885960907324,104.67531356811523,1.3047151,0.7391687072640006,-2.7040419768339117,111057.4296875,3.4482799350726125,2460807.9862005785
2460807.989576033,1.001001822731768,0.002475073666852473,104.57917060852051,1.3049562,1.0909678468434365,-3.1885789607129644,111057.4296875,4.062394531793591,2460807.986307072
2460807.989682605,1.003344895651762,0.0024811601599752276,104.77429237365723,1.3051979,0.46602516203574007,-1.6163783431510361,111057.4296875,3.7064504058066547,2460807.986413646
2460807.9897891656,1.0049604631913167,0.002483675679327175,104.61599578857422,1.3054258,0.9411405435783095,-2.5640808066379894,111057.4296875,3.464193399125515,2460807.9865202084
2460807.989895691,1.0059954110940923,0.0024889064504235686,104.62847557067872,1.3056731,1.0450748035056614,-1.9434063363729033,111057.4296875,3.1375872690692104,2460807.986626736
2460807.9900021595,0.9999539094859463,0.0024731688489628267,104.39865760803222,1.3059084,0.38833291396157904,-2.3234186349242245,111057.4296875,4.025831092123963,2460807.986733206
2460807.990108882,0.9992270514767362,0.0024788588711772332,104.0971523284912,1.3061507,0.4077065489161836,-2.866560898469676,111057.4296875,3.6179176142106106,2460807.9868399305
2460807.99021542,1.0019828605216001,0.0024821907831511203,103.77597503662109,1.3063869,0.9750517248236573,-1.8148211812326993,111057.4296875,3.579425626042766,2460807.98694647
2460807.9903245843,1.0037131701963253,0.0024873901129417873,103.84108657836914,1.3066299,0.2753955842123452,-2.1285013826993113,111057.4296875,3.116071094761091,2460807.9870556365
2460807.990431076,1.0106815380421617,0.0024873849290657666,104.0611385345459,1.3068735,1.1184669548701698,-1.6358237986589717,111057.4296875,3.5258762364567,2460807.9871621295
2460807.9905375093,1.0040833615173872,0.0024673187610586254,104.46477088928222,1.307118,0.9522571858041733,-2.6885779315502045,111057.4296875,4.367810951233944,2460807.9872685648
2460807.9906440354,1.0054142708113258,0.0024737760328396095,104.80927505493165,1.3073624,1.287955521888004,-2.6786460495652,111057.4296875,4.087825976010694,2460807.9873750927
2460807.990751915,1.0045985432051059,0.0024820444400305377,104.63738403320312,1.3076086,0.7969109487186642,-2.477372424702168,111057.4296875,3.3190654881716277,2460807.9874829743
2460807.990858488,1.0016220066487136,0.002478608640895735,104.44658279418945,1.3078401,1.4273994021161194,-2.2446167542570756,111057.4296875,3.568196685476873,2460807.987589549
2460807.990965083,1.0034906621044113,0.0024688751287576713,104.32199440002441,1.3080878,0.7312205953776116,-2.283688808936162,111057.4296875,4.436728700754532,2460807.9876961457
2460807.9910717015,1.0035274960547067,0.0024754003937041123,103.91944427490235,1.3083349,0.843841510338624,-2.8374492020820634,111057.4296875,3.949209555447666,2460807.9878027663
2460807.991179373,1.0038969256345853,0.002479543397590979,103.62991142272949,1.3085817,0.26327404787191716,-2.876035241296668,111057.4296875,3.381203211452961,2460807.9879104397
2460807.991285957,1.0010096597315863,0.0024809970395040385,103.11507263183594,1.3088275,0.6470039558048838,-2.028328856700703,111057.4296875,3.613517121025449,2460807.9880170254
2460807.991392483,1.0027425970137283,0.002484378905887396,101.77918243408203,1.3090652,0.19211602618599993,-1.9982519066497146,111057.4296875,3.4668647750377413,2460807.9881235533
2460807.9914991134,0.9964538143830973,0.0024766292567858558,101.65298881530762,1.3093034,0.8640077030831166,-2.4004583244016233,111057.4296875,3.860728885977831,2460807.988230185
2460807.9916058243,1.0002385231362392,0.0024776507494149833,101.71229553222656,1.30955,0.2747522583219557,-2.469317152093908,111057.4296875,3.9346843157833367,2460807.988336898
2460807.9917122927,1.0026466000636707,0.0024845433537161055,101.86708793640136,1.3097994,-0.14769620253977275,-2.3913640275308454,111057.4296875,3.624753307474622,2460807.988443368
2460807.991818807,1.0052669828077094,0.0024744871644216656,102.40380821228027,1.3100494,-0.09360618506048157,-2.0375062131298636,111057.4296875,3.994853393841116,2460807.9885498844
2460807.9919253793,1.005164441195135,0.0024767152140010326,102.27017631530762,1.3102816,0.5946009445793545,-2.742432526528258,111057.4296875,3.713939416365274,2460807.9886564584
2460807.992032067,1.0050691163768437,0.0024808353943519827,101.97035675048828,1.3105319,0.20909961702719396,-1.9772987309964414,111057.4296875,3.756971736499992,2460807.988763148
2460807.9921386163,1.002840240876225,0.0024829006598621247,102.76662559509278,1.3107785,0.8000473939340321,-2.7394524103075333,111057.4296875,3.60978702998783,2460807.988869699
2460807.992245258,1.0055550531886137,0.0024804024870407715,103.43068084716796,1.3110234,0.8208771772159364,-3.5728387313082974,111057.4296875,3.521762551975291,2460807.9889763426
2460807.99235183,1.0059234258980305,0.002472640996552065,104.04342727661133,1.3112753,0.4567917823320484,-1.4919983871412528,111057.4296875,3.9130066100042495,2460807.9890829166
2460807.992458507,1.0067836476442504,0.002451875174891935,104.5859260559082,1.311513,0.19057374865227966,-2.8559234877677735,111057.4296875,4.78237025352093,2460807.989189595
2460807.9925649865,0.9970861320017239,0.0024511692713324105,103.88780670166015,1.3117628,0.13908312971641662,-1.970645082757604,111057.4296875,4.535608651630682,2460807.9892960764
2460807.9926716513,1.0040576830201835,0.0024587360059187937,103.87884254455567,1.3120129,2.2644015075024493,-2.664653451440958,111057.4296875,4.758070470802024,2460807.989402743
2460807.992778108,1.004161331069255,0.0024682392727897605,103.33896865844727,1.3122632,-1.166537053609091,-2.828004976565233,111057.4296875,4.125239091962263,2460807.9895092016
2460807.9928859184,1.0092175181156782,0.002452807497126934,102.8566349029541,1.312516,0.6789479746460522,-2.3961292309990188,111057.4296875,4.715690758432446,2460807.989617014
2460807.9929948747,1.0022765200741799,0.0024704449394274577,102.71391105651855,1.3127698,-0.03841366131959848,-1.5327781118008865,111057.4296875,3.8717405465656376,2460807.989725972
2460807.9931014357,1.0021145956077286,0.0024496569582315507,103.60500030517578,1.3130214,1.0972594303425174,-2.483806076084646,111057.4296875,4.493929780260995,2460807.989832535
2460807.993208135,1.0023483207398345,0.0024685872335573414,104.22416343688965,1.3132739,0.4445441641176224,-1.9979355536633432,111057.4296875,4.1439415917672076,2460807.989939236
2460807.9933157954,1.0019277205797237,0.002469687529615998,104.4980312347412,1.3135265,0.46261864085786963,-3.060401458524479,111057.4296875,3.993022465980123,2460807.9900468984
2460807.993422321,1.006110341505879,0.0024672520601650523,104.56422538757325,1.3137624,1.061948033716921,-2.246435057486828,111057.4296875,3.9622682033250913,2460807.990153426
2460807.9935303284,1.0082543983797332,0.0024688362584206103,104.64394645690918,1.314015,0.5361931964777278,-2.415135490464382,111057.4296875,3.8967654062886887,2460807.990261435
2460807.993636704,1.0059214378269306,0.002481634987448186,104.59385299682617,1.3142694,0.04780944966878474,-2.328624006991865,111057.4296875,3.1225842396481682,2460807.9903678126
2460807.993743392,1.003442030617482,0.0024738656749884102,104.78527374267578,1.3145253,1.6920090278401805,-2.939557408064819,111057.4296875,3.7081393837745935,2460807.990474502
2460807.993849814,1.0063546394430316,0.002451583286139458,104.61396789550781,1.3147727,1.0931867473459784,-2.8173521585550327,111057.4296875,4.604903847163769,2460807.9905809257
2460807.9939563633,1.0022379173867737,0.0024653642463113084,104.02178001403809,1.3150216,0.5624644269049074,-2.728647362066982,111057.4296875,4.246630378892738,2460807.990687477
2460807.994064116,1.0053038789960493,0.002484855672373998,104.18632545471192,1.3152776,0.40467251217316563,-1.8266233395509988,111057.4296875,3.3525263748673138,2460807.9907952314
2460807.994170561,1.0006322460622885,0.002461811285196774,103.98987503051758,1.3155294,0.9046522166675596,-2.192927414540747,111057.4296875,4.445754310659947,2460807.9909016783
2460807.9942770866,1.0041976703004698,0.002469885698927694,103.98646926879883,1.315782,1.3398170917012637,-2.6066926565716564,111057.4296875,4.025813708032137,2460807.991008206
2460807.9943837053,1.0013984136712206,0.002466045181969696,104.04713821411133,1.3160395,0.11485142513707743,-2.545987030142048,111057.4296875,4.105241419088323,2460807.9911148264
2460807.9944904163,1.0034160873509226,0.002458746440448826,104.09562950134277,1.3162881,1.0528375948370943,-2.5909786869551104,111057.4296875,4.415552612692222,2460807.991221539
2460807.9945991994,1.0069661345088843,0.002468701138954364,104.6028938293457,1.3165552,0.21214032971273317,-2.4811947754265344,111057.4296875,3.961025989805031,2460807.991330324
2460807.9947057483,1.0042263908780242,0.002459693247000354,104.82310676574707,1.3167945,0.5315351472316716,-2.564900202997493,111057.4296875,4.215848833770241,2460807.991436875
2460807.994812297,1.0021791630877612,0.0024520166747924632,104.94352798461914,1.3170587,0.6737336568558506,-1.8418671905451975,111057.4296875,4.302830470380285,2460807.9915434257
2460807.9949187543,1.0049559116193505,0.002458288926065572,104.5801284790039,1.3173108,0.7993763343621081,-2.585367648048904,111057.4296875,4.593558435317254,2460807.9916498843
2460807.995025338,1.0018201843892462,0.0024583101707329864,103.92864227294922,1.3175635,0.3939241043699978,-2.2341864594149374,111057.4296875,4.534800495727864,2460807.99175647
2460807.9951317366,0.9990320725846451,0.002453345073616227,103.78015632629395,1.3178194,-0.6582724859574288,-1.6839950714325882,111057.4296875,4.347462721816259,2460807.9918628703
2460807.995240589,1.0045996982304581,0.0024644366821542202,103.98362197875977,1.3180723,0.4010314621188465,-2.4112917157016343,111057.4296875,4.390998684896724,2460807.9919717247
2460807.9953483534,1.0033894018945992,0.002466633743062739,104.43441467285156,1.3183318,0.19671651966467849,-1.6862292129512297,111057.4296875,4.003008523125011,2460807.992079491
2460807.9954549023,1.0061554253715084,0.0024533036138831565,104.58538551330567,1.3185905,1.3226904891554383,-2.261106214277943,111057.4296875,4.814673967602025,2460807.9921860415
2460807.99556166,1.0006075653357147,0.0024679240820560783,104.12032165527344,1.3188497,-0.31911477817710676,-2.5063584806639985,111057.4296875,3.6588468268067267,2460807.992292801
2460807.9956680355,1.0022378108663716,0.0024739295593713237,104.62562828063965,1.3191096,1.0618873946067584,-2.2558839943105804,111057.4296875,3.7452107596836055,2460807.9923991784
2460807.9957744684,1.0023859371289803,0.002476346573752795,104.82262992858887,1.3193712,0.9265093844728224,-2.8665111815935274,111057.4296875,4.093186137526902,2460807.9925056132
2460807.995881064,1.0008027610892911,0.002469334929739612,104.98078804016113,1.3196151,0.8090319060778541,-2.7893682784559064,111057.4296875,4.280850563616187,2460807.9926122106
2460807.99598803,1.0014615718385578,0.0024688739967868413,105.2049072265625,1.319875,0.9726865110561512,-2.453551378375371,111057.4296875,4.081973780361271,2460807.992719178
2460807.996096454,1.0041787075141415,0.0024625043339736147,105.20701179504394,1.3201353,0.8320406633636238,-2.8637298918915812,111057.4296875,4.4336741533685,2460807.992827604
2460807.99620298,1.0023355737878232,0.002465002671428711,105.47163925170898,1.3203957,0.0718433909275789,-2.452843173700012,111057.4296875,3.8258722337444993,2460807.992934132
2460807.9963095062,1.0027105448351432,0.002440072084676109,105.14392204284668,1.3206577,1.7366212847096465,-3.2496648030142854,111057.4296875,4.856105202524847,2460807.99304066
2460807.996416229,1.005324745138933,0.00245580275791962,104.80812568664551,1.320922,1.8027833436520315,-4.271176448577364,111057.4296875,5.288302118938644,2460807.9931473844
2460807.996524167,1.0015930909587638,0.0024691783310797203,104.85871162414551,1.3211873,-0.04695829141012267,-2.6037636151495867,111057.4296875,4.367059412386991,2460807.993255324
2460807.996630496,0.9977162378695499,0.0024632222424273566,104.61915855407715,1.3214353,1.7266432200704271,-4.221895338257691,111057.4296875,4.3495267935510595,2460807.993361655
2460807.996737103,1.0064467692371013,0.0024639306605796093,104.36598663330078,1.3216992,0.27336358948095185,-1.1239371682386867,111057.4296875,4.4999667607398,2460807.993468264
2460807.9968436286,1.001543480285067,0.0024707643861852607,104.60155220031739,1.3219652,-0.03888470349330034,-2.1755908783365157,111057.4296875,4.009849097775866,2460807.9935747916
2460807.9969537077,1.0044839336013456,0.0024475204631122355,104.93486747741699,1.3222305,0.5937116232511945,-3.2003478531392355,111057.4296875,5.104168247542719,2460807.9936848725
2460807.9970603148,1.0055937592372486,0.00246975257404646,104.58845901489258,1.322494,1.0912432831743026,-1.86448637483549,111057.4296875,4.180320959504927,2460807.9937914815
2460807.997166829,1.0055385140482322,0.0024679428800957943,104.73618812561035,1.3227581,0.9975618095120815,-2.540750797728914,111057.4296875,4.51360400442517,2460807.993897998
2460807.9972733553,1.0015920429459924,0.0024650688503476577,104.05171775817871,1.3230052,1.2614862359265806,-2.617729642038448,111057.4296875,4.339839157369477,2460807.9940045252
2460807.9973799856,1.0013794148061328,0.002469911948696361,103.88080368041992,1.3232727,0.5710526715212706,-1.9798512216362774,111057.4296875,4.221098916869748,2460807.9941111575
2460807.9974866156,1.0030786312792872,0.0024701372423601153,104.11013679504394,1.3235387,-0.20695881522868248,-1.987890990680932,111057.4296875,4.555009432139591,2460807.9942177893
2460807.9975932227,1.0029782590503087,0.002475676987721256,104.0438606262207,1.3238033,1.1681877925239943,-2.3636723495464333,111057.4296875,4.420455159278121,2460807.994324398
2460807.997699818,1.007294689581144,0.0024747926438288374,103.84521522521973,1.3240639,0.7150654395179685,-1.7208561267127942,111057.4296875,4.089914351114655,2460807.9944309955
2460807.9978064247,1.0017187629560533,0.0024760005979607004,104.25109786987305,1.3243245,0.4201764541970694,-3.0557231693329694,111057.4296875,3.726045551082881,2460807.994537604
2460807.997914247,1.0035093612239545,0.0024709759425440036,104.3738956451416,1.3245925,-0.28564910323329684,-3.1273698838797497,111057.4296875,4.015653601899112,2460807.9946454284
2460807.9980207034,1.0089758650997975,0.0024560614097024615,104.65690460205079,1.3248611,2.419307806426219,-2.753430142568416,111057.4296875,4.857640130859314,2460807.9947518865
2460807.9981273683,1.0099953714186096,0.00246821012259229,104.9632526397705,1.3251203,0.0625581506342775,-2.885549883672027,111057.4296875,4.431796138756918,2460807.994858553
2460807.9982339637,1.004282464221031,0.0024534975810964186,104.81494979858398,1.3253811,1.1888215814562764,-2.9330261473695556,111057.4296875,4.723752125955743,2460807.9949651505
2460807.99834042,0.9999858724667383,0.0024533535084646702,104.67072334289551,1.3256503,-0.46819125996310834,-1.9588161521568461,111057.4296875,4.63546546464754,2460807.9950716086
2460807.9984470042,1.0025311852191128,0.0024304425789383006,104.29060783386231,1.3259173,1.4162782103243827,-4.287945650432842,111057.4296875,5.520506676733838,2460807.9951781943
2460807.9985538083,1.0055579127246945,0.0024416026402646123,104.7758171081543,1.326186,1.139039636602975,-3.6164851224232213,111057.4296875,4.963147516337348,2460807.995285
2460807.9986624406,0.9993496079358583,0.0024499228256295983,105.0031005859375,1.326454,1.311666624336044,-2.8935781581171574,111057.4296875,5.058101019171265,2460807.9953936343
2460807.998769059,1.0050108303021021,0.0024488966267133044,105.080073928833,1.3267229,0.6777499000592411,-3.3575359529206943,111057.4296875,5.07102241652029,2460807.9955002544
2460807.9988755733,1.0046439192619054,0.002463377823680135,104.90501899719239,1.3269914,0.08834755669392404,-2.5610168381947584,111057.4296875,4.4009519618905735,2460807.9956067707
2460807.9989821455,1.0060263492917154,0.002469562396608307,105.105668258667,1.3272448,-0.318136864323233,-1.7567549003296372,111057.4296875,3.8844843770772615,2460807.995713345
2460807.9990887064,1.0079997428570813,0.0024476526697340137,104.92940483093261,1.3275173,-0.18433240618587995,-2.2147761769756067,111057.4296875,4.798186395015842,2460807.9958199076
2460807.9991953247,1.0049415264333652,0.0024658684077732396,105.0199363708496,1.3277822,0.939817172301767,-2.4710866306070436,111057.4296875,4.244439644437198,2460807.995926528
2460807.9993019085,1.0028439094287485,0.0024709985245268276,104.41706314086915,1.3280475,-0.04162791352242381,-2.5886930679685465,111057.4296875,4.036767362587902,2460807.9960331134
2460807.9994086777,1.008364702766712,0.002460270766249736,104.033203125,1.328318,0.898029731420322,-1.8505202550231485,111057.4296875,4.4028493944813825,2460807.9961398845
2460807.9995152266,1.0029531871054729,0.002463667957463614,103.98548583984375,1.3285893,-0.17308712947151336,-0.7803118895870634,111057.4296875,4.428142277911134,2460807.996246435
2460807.9996217876,1.0049588505959386,0.00245964442307472,103.95432777404785,1.3288611,1.2432958470314341,-3.6243437439521973,111057.4296875,4.257469658378446,2460807.9963529976
2460807.9997284063,1.004254838563304,0.0024637993130324355,103.31917381286621,1.3291265,1.291128503377972,-2.7881845215279903,111057.4296875,4.325519451570179,2460807.996459618
2460807.99983499,1.0055853410295208,0.0024601085166005136,103.25274238586425,1.3293927,1.2697825542602215,-2.92014107658732,111057.4296875,4.382537956330095,2460807.996566204
2460807.9999414464,1.003792384457463,0.002447213975933976,103.28997268676758,1.3296656,1.4461497302424,-2.272510061554598,111057.4296875,4.9392036906386085,2460807.996672662
2460808.000047984,1.0028999099100655,0.0024554001428105415,103.20373497009277,1.3299391,0.750700732674549,-3.2407530554476778,111057.4296875,4.273076529761248,2460807.9967792016
2460808.0001546717,1.003753113598345,0.002446036142950181,102.85010299682617,1.330216,1.2887634029483663,-3.532298697324863,111057.4296875,5.074669638705416,2460807.996885891
2460808.0002622856,1.005504365819412,0.0024503532994732923,102.37182960510253,1.3304851,0.8712085163624139,-2.9935234081612596,111057.4296875,4.342097214537996,2460807.996993507
2460808.0003699227,1.0021878542904645,0.0024546599530695296,102.63316917419434,1.3307564,1.3277845399490071,-4.628574581708083,111057.4296875,4.59774912929639,2460807.997101146
2460808.000476599,1.0003416254969428,0.002462193902565954,102.84513397216797,1.3310289,0.5038927566340663,-2.8418471048232927,111057.4296875,4.166992469029049,2460807.997207824
2460808.0005831365,1.0012543209815241,0.002457403984433942,102.49091262817383,1.3313005,-0.04354799910989307,-2.2505606892768153,111057.4296875,4.247163681851934,2460807.9973143633
2460808.0006897557,1.0045147179519571,0.002457637430248791,102.60756454467773,1.3315704,0.6905537926551307,-1.5562665009818148,111057.4296875,4.77908305884333,2460807.997420984
2460808.0007965243,1.0057650006270382,0.0024681621823382533,102.81363945007324,1.3318464,0.035101812383152776,-2.7128448474679523,111057.4296875,4.241396637865872,2460807.9975277544
2460808.0009029927,1.0047041236842853,0.0024589425682961788,102.49557495117188,1.3321224,0.7697978072052724,-1.4593040996433393,111057.4296875,4.949460255099797,2460807.9976342246
2460808.001009646,1.0010238782228489,0.0024470517910026883,102.64596252441406,1.3323819,1.8348108358249577,-3.2382662573009435,111057.4296875,4.867711610796328,2460807.9977408797
2460808.0011161603,1.0075584191496434,0.0024450723198396283,101.73652496337891,1.3326594,1.2384160448846404,-3.99305741315702,111057.4296875,4.767980940619271,2460807.997847396
2460808.001228554,1.0024455037534385,0.002443451779962667,101.24951553344727,1.3329557,1.3446642001224764,-4.099495466079922,111057.4296875,4.978412567305601,2460807.9979597917
2460808.001335022,1.0064781391339674,0.002427682015011885,101.57494010925294,1.3332265,-0.21127563229883298,-2.4819999522947622,111057.4296875,5.2925495720407305,2460807.9980662614
2460808.001442752,1.006603414288876,0.0024429740982020295,101.15040283203125,1.333497,1.4425876784894895,-4.776880437832236,111057.4296875,4.8447079625627385,2460807.998173993
2460808.0015493124,1.005447219146792,0.0024671184827182568,101.05163879394532,1.3337753,0.3780153269993708,-2.32872983435346,111057.4296875,4.205487668451673,2460807.9982805555
2460808.001655827,1.0027533170830667,0.0024613895487348575,100.8090721130371,1.334057,-0.08035847837005998,-2.1589318994664213,111057.4296875,4.1454513764495635,2460807.998387072
2460808.0017627,1.0012323363268072,0.002459250301627376,100.66280212402344,1.3343287,-0.5859135021477703,-2.3825230318996056,111057.4296875,4.215081600990612,2460807.9984939466
2460808.001871448,1.0052765312436167,0.002473218487215645,100.29147682189941,1.3346177,0.8977569439875822,-2.600633893191738,111057.4296875,3.9743545172698336,2460807.9986026967
2460808.00197802,1.0038285012962844,0.0024596297345882033,100.56115264892578,1.3348868,1.0945942906371022,-2.7747064996487985,111057.4296875,4.642290208474488,2460807.9987092707
2460808.0020846617,1.0046917589044329,0.002461906937521984,100.64018058776855,1.3351572,0.261254238820913,-2.43270835068148,111057.4296875,4.321096801826331,2460807.998815914
2460808.0021912116,1.0024064190185986,0.002477632797684557,100.46205215454101,1.3354377,1.318946324027633,-2.880829742624611,111057.4296875,3.6949317688206604,2460807.9989224654
2460808.0022977837,1.0024808241497207,0.0024763641692298753,100.20117683410645,1.335717,0.13569641598406174,-2.330016801091349,111057.4296875,4.013828283685599,2460807.9990290394
2460808.002404356,1.0032827098128532,0.0024635892047604854,100.30867500305176,1.3359979,1.5946189475578343,-2.163192003298512,111057.4296875,4.480475151167745,2460807.9991356134
2460808.002510963,1.0044300375728508,0.002472904311412708,99.83195152282715,1.3362806,0.034721097093703364,-3.428951664572645,111057.4296875,4.131381554168376,2460807.9992422224
2460808.0026175235,1.0014403850547082,0.002470401290852188,99.89739685058593,1.336545,0.5197953356551089,-2.739723872303615,111057.4296875,4.0031388825637135,2460807.999348785
2460808.002724061,1.0037584998757871,0.002476317798228153,100.19040908813477,1.3368357,0.019415864037463974,-1.0433591059528051,111057.4296875,3.749457929773342,2460807.999455324
2460808.002830703,1.0019711951483432,0.002472087466038116,100.87087440490723,1.3371105,1.16055987315221,-3.6011425133952235,111057.4296875,3.7753084553971124,2460807.999561968
2460808.002937298,1.0066887560282605,0.00247586118226239,100.70565032958984,1.3373886,0.646719976798366,-2.64355104806255,111057.4296875,4.345629611845567,2460807.9996685646
2460808.003043928,1.002646806273275,0.0024796232707319406,101.09174461364746,1.3376645,1.2866874913683755,-2.1535456863608635,111057.4296875,3.8715952554530606,2460807.999775197
2460808.003151681,1.0037802874055775,0.0024779590221041146,101.54559631347657,1.337952,0.8973861887857637,-3.210590877144207,111057.4296875,3.9948885118241355,2460807.9998829514
2460808.0032582995,1.0046753045469634,0.0024708669060689646,101.9438533782959,1.3382282,0.30325614225188924,-2.7628103635992094,111057.4296875,4.014335558035575,2460807.999989572
2460808.0033648605,1.007332045388612,0.002462233868282674,101.43105964660644,1.3385118,1.966100481112274,-2.53049049005364,111057.4296875,4.2779445891822006,2460808.0000961344
2460808.003472625,1.0010126334647935,0.0024780041579437985,101.35772819519043,1.3387887,-0.21329105571384804,-2.691015207566776,111057.4296875,3.7151940070371587,2460808.0002039005
2460808.003579116,1.0026904998858617,0.0024824022993305394,100.90387420654297,1.3390722,-0.06031169036162472,-2.1241347929068857,111057.4296875,3.686075410030043,2460808.0003103935
2460808.0036856537,1.0045607860768762,0.002470427653331656,100.6068359375,1.3393564,1.795215292695527,-2.629028636845468,111057.4296875,4.29643750709582,2460808.000416933
2460808.0037922603,1.0015883978209932,0.0024583447954031785,99.89551239013672,1.3396414,0.7419735534301647,-3.081483986797325,111057.4296875,4.442134861714129,2460808.0005235416
2460808.003898763,1.0012789452571338,0.002467575293612985,99.68811569213867,1.339927,-0.35286796782018204,-2.1790717123132586,111057.4296875,4.422232809604285,2460808.0006300462
2460808.0040053236,1.0051020777461908,0.0024834847084700194,99.64674110412598,1.340213,-0.03745890923522861,-2.921421110234799,111057.4296875,3.3110765069554313,2460808.0007366086
2460808.0041131345,1.0045028629488528,0.002474731893799162,99.57110252380372,1.3404991,0.4769255510745066,-2.4417872900563173,111057.4296875,3.989444217974768,2460808.0008444213
2460808.0042198687,1.009333698700457,0.0024860906877078007,99.35559539794922,1.3407756,0.46615825884267414,-2.484435092583734,111057.4296875,3.8261569560708057,2460808.0009511574
2460808.0043263254,1.0037795296520293,0.0024774114578592784,99.308793258667,1.341053,0.3609417789001719,-2.0756438994731266,111057.4296875,3.5566035843241597,2460808.001057616
2460808.004434124,1.0008469641952487,0.00247458005453435,99.45355796813965,1.341339,1.5092703500700533,-3.697742657352675,111057.4296875,3.9086429965621785,2460808.0011654166
2460808.0045408127,1.0011237469320793,0.0024671538463944564,99.78653602600097,1.341626,0.770914618802152,-2.3675168868716048,111057.4296875,4.222330936260911,2460808.0012721065
2460808.0046489937,1.0049710321555474,0.0024755960883343373,99.85418548583985,1.3419156,0.08483978958118181,-2.392436578162788,111057.4296875,3.885951305229272,2460808.0013802894
2460808.0047564106,1.001256698813247,0.0024675957017448926,99.10365257263183,1.3422078,-0.06483463275026356,-2.714638087509764,111057.4296875,4.315847808655323,2460808.001487708
2460808.00486296,1.0009245551109047,0.002464259934129496,99.30602493286133,1.3424939,0.8557146673523284,-2.6162144775540614,111057.4296875,4.067495794308455,2460808.0015942594
2460808.0049695666,1.0056031261532288,0.0024691377651026225,98.83902702331542,1.3427721,0.7630072868493962,-3.428882714248272,111057.4296875,4.6668777122362775,2460808.001700868
2460808.005076139,1.0035039730960686,0.002474885438053714,98.30259437561035,1.3430625,0.7519968258802116,-3.072580984381912,111057.4296875,4.001908783791837,2460808.001807442
2460808.0051862877,1.0052696610184024,0.002463830132354916,98.5782844543457,1.3433517,1.130145551546301,-1.5762038223780173,111057.4296875,4.607994437045901,2460808.0019175927
2460808.0052932417,1.0067208683579727,0.002471078236149765,98.97614555358886,1.3436424,0.7242353939061824,-3.279773227610842,111057.4296875,4.203146126118988,2460808.0020245486
2460808.005400624,0.9998761020911457,0.0024383067581226774,98.32208557128907,1.3439361,0.8494725135420367,-3.9349405233994244,111057.4296875,5.424643581760914,2460808.002131933
2460808.0055073122,1.0057248973617194,0.0024529749949788564,99.10502433776855,1.3442273,0.8272799037034823,-2.948961276806529,111057.4296875,5.070122063950158,2460808.002238623
2460808.0056138495,1.0049786821656677,0.002446696321496948,98.41447868347169,1.3445097,1.298216361393953,-4.462478833134435,111057.4296875,4.8791981502021855,2460808.002345162
2460808.0057205027,1.0064058582369313,0.0024553581563192517,98.41231689453124,1.3447979,1.6474540476973476,-3.8059488696104444,111057.4296875,4.874766536688303,2460808.002451817
2460808.0058271675,1.0061103118799881,0.0024580877319478798,98.50905647277833,1.3450934,1.2281316553505621,-2.6068008285590056,111057.4296875,4.628693055310086,2460808.0025584837
2460808.0059337863,1.003748422526858,0.002454254556539535,98.69428672790528,1.3453719,1.2196861829004635,-2.3214459445804563,111057.4296875,4.500220194287653,2460808.0026651043
2460808.006040185,0.9990266196564065,0.0024532540817627734,99.00944595336914,1.3456636,0.9044578768914818,-2.9173321914992307,111057.4296875,4.3347559890057825,2460808.0027715047
2460808.0061467574,1.0049699658691456,0.0024501634399244922,98.87520713806153,1.3459553,2.15973523309605,-3.5312426718791987,111057.4296875,4.855816786447452,2460808.0028780787
2460808.0062534222,1.0035646788815173,0.0024617744114066417,99.30526237487793,1.3462465,-0.044449816458280465,-2.3677191193854443,111057.4296875,4.537579084772998,2460808.0029847454
2460808.0063601565,1.0044721897168334,0.0024525321628516626,99.18998069763184,1.3465412,0.6739693516089538,-2.313757133244083,111057.4296875,4.666558717233309,2460808.0030914815
2460808.00646659,1.0028535956090894,0.002454304929873248,99.51684379577637,1.3468375,2.0854055192789183,-4.0806957046995205,111057.4296875,4.674114109080967,2460808.003197917
2460808.006573208,1.003088692839885,0.0024392113718054663,99.26987800598144,1.3471138,0.5246568182478216,-3.8659879206333305,111057.4296875,5.253933433975982,2460808.003304537
2460808.006679827,1.004056295159046,0.002447838746687119,99.4444480895996,1.3474088,1.3476085035647976,-3.2548591943448284,111057.4296875,4.664183200277904,2460808.0034111575
2460808.0067864107,1.004088325628677,0.0024569391227354594,100.12737693786622,1.3477031,1.6129284833847448,-3.0814076863279567,111057.4296875,4.458905843877752,2460808.003517743
2460808.006893492,1.0022776819794734,0.002453605606203741,98.98008804321289,1.3479986,0.08571179750800569,-2.3369097115900583,111057.4296875,4.5902382273491975,2460808.003624826
2460808.007000724,1.0042510778433023,0.002404882677616468,99.21094551086426,1.3482944,3.0557164392068166,-3.8388757929185218,111057.4296875,5.853399292950588,2460808.00373206
2460808.0071074003,1.003003608959412,0.00243957422788512,98.66068649291992,1.348592,0.3568499134852027,-3.389105662363064,111057.4296875,5.243050269056244,2460808.0038387384
2460808.007213973,1.0064569659870233,0.0024563680327209115,97.83909797668457,1.3488705,0.3646427890332311,-1.9288628760826656,111057.4296875,4.5479530498478224,2460808.0039453125
2460808.0073240753,1.0026389717634976,0.002460742815466923,98.91130104064942,1.349186,0.16907238656519247,-2.717749867256279,111057.4296875,4.430722635956416,2460808.0040554167
2460808.0074306126,1.0055054624991109,0.0024086767564971546,99.12045783996582,1.3494752,2.4712124499297095,-4.441795448216556,111057.4296875,5.583295014249761,2460808.004161956
2460808.007537243,1.006242257388966,0.0024592846951758704,99.58729095458985,1.3497668,-0.2619310118451356,-1.8012127011798829,111057.4296875,4.589167867874702,2460808.004268588
2460808.007643873,1.0050728544557523,0.0024659071195551087,99.68762168884277,1.3500642,-0.13255398676804678,-2.835586518342311,111057.4296875,4.337491165204299,2460808.00437522
2460808.00775026,1.0048542384500503,0.0024221292931245345,100.22926330566406,1.3503619,1.5028728327586691,-4.395204834023339,111057.4296875,5.741751568600844,2460808.004481609
2460808.0078568324,1.00256758294568,0.002445416144210754,100.19969520568847,1.3506536,0.863771540612321,-2.3114023465460587,111057.4296875,4.981267844018547,2460808.004588183
2460808.007964585,1.0054495929714466,0.002458427113117862,100.25833740234376,1.3509454,1.3490160130563873,-4.181410286305326,111057.4296875,4.400266981213235,2460808.0046959375
2460808.008071076,1.004991088839037,0.002454348206709152,100.50275077819825,1.3512439,1.4241647691672623,-2.096882652114388,111057.4296875,4.991269863914931,2460808.0048024305
2460808.008178227,1.008011229052701,0.0024597520833281377,100.5771541595459,1.3515441,-0.6548410395159929,-3.210864393681472,111057.4296875,4.667230623034122,2460808.0049095834
2460808.008285505,1.0052670794738665,0.002433601963003801,100.08599472045898,1.3518462,2.371533416951157,-4.316108967047254,111057.4296875,5.924347700120821,2460808.0050168633
2460808.008392089,1.004530473001051,0.002432605607935494,100.06794700622558,1.3521482,0.7628572462662636,-1.943038515251688,111057.4296875,6.214698195365934,2460808.005123449
2460808.008498592,1.0132665944209867,0.0024509201893587788,100.50082015991211,1.3524313,0.23435795070872317,-2.7692092041967453,111057.4296875,4.810311574470011,2460808.0052299537
2460808.008605141,1.003127750199453,0.002467734824278547,99.80318069458008,1.352739,0.7320537691635162,-3.0396138793666787,111057.4296875,4.295028284816187,2460808.0053365044
2460808.008711806,1.0082879920020522,0.002428741908753868,99.821040725708,1.3530286,2.00200806428483,-3.7390106890365553,111057.4296875,5.278205306496098,2460808.005443171
2460808.008818332,1.002774508821778,0.0024676155859114724,100.14177131652832,1.3533275,1.029642962294997,-2.3212195528971207,111057.4296875,4.101669274062832,2460808.005549699
2460808.0089248926,1.0064066275713173,0.0024722506189640632,99.81988716125488,1.3536322,1.0133285597745962,-3.2769591030099394,111057.4296875,3.8260462570348786,2460808.0056562615
2460808.0090327268,1.0067453948666527,0.0024752916692516525,99.53866691589356,1.3539335,-0.09978562837119025,-2.4570328523369738,111057.4296875,3.9542609524306593,2460808.0057640974
2460808.0091393334,1.0022737463572764,0.002477637206174075,99.58456993103027,1.3542374,0.3238556808524094,-2.4706507881773265,111057.4296875,4.027028467217877,2460808.005870706
2460808.009245952,1.003972554525308,0.0024567135686515197,98.64004669189453,1.3545235,1.074464352769379,-4.0650484040735595,111057.4296875,4.773571451915579,2460808.0059773265
2460808.0093524894,1.0081887530229094,0.00246467498419065,98.31756324768067,1.3548321,0.08146722596957756,-2.5157884859669717,111057.4296875,4.071030776137489,2460808.0060838656
2460808.0094591426,1.0066710104522618,0.0024776216094184174,98.2713062286377,1.3551357,0.11010745679576,-2.3451948260102506,111057.4296875,3.821859539360296,2460808.0061905207
2460808.009565576,0.9981904332677465,0.0024673772883978757,97.93455772399902,1.3554407,0.4403592482623157,-3.7393976032036136,111057.4296875,4.167480142441037,2460808.006296956
2460808.0096721137,1.0054625248746056,0.002466535871050498,97.83411178588867,1.3557285,0.9768165273274169,-2.5870136048348833,111057.4296875,4.423127654466575,2460808.0064034956
2460808.00977864,1.0026630812870916,0.0024686990670448605,97.6844856262207,1.3560322,0.37536751456447637,-2.3444158997674176,111057.4296875,4.86255119139021,2460808.006510023
2460808.0098852585,1.0069861570493568,0.002452997636630872,98.03394927978516,1.3563366,1.0253836718964253,-2.4107020458743493,111057.4296875,5.133036274903484,2460808.0066166436
2460808.009992097,1.0039327856066895,0.002455945068269099,97.91713905334473,1.3566446,1.1518802700784736,-3.602043870424838,111057.4296875,4.5270932702972635,2460808.006723484
2460808.0100984145,1.0014828404492162,0.002453783649441665,98.92019157409668,1.3569511,0.09431260541957304,-3.080144201207943,111057.4296875,4.877000846259505,2460808.0068298033
2460808.01020501,1.002632649327791,0.002449834246518455,99.60856628417969,1.3572379,0.8319179148414857,-3.777188096513488,111057.4296875,5.1115138857333156,2460808.0069364007
2460808.0103116515,1.0030855240306356,0.002436796089893718,100.10496444702149,1.3575451,2.1305499766656366,-3.906454559463954,111057.4296875,5.2437076428656475,2460808.007043044
2460808.01041827,1.0097430669415293,0.0024458179410066067,100.20895385742188,1.3578523,0.7193831744898374,-3.5469908478352608,111057.4296875,4.784011166718944,2460808.007149664
2460808.01052468,1.005478100799363,0.002450249550646438,99.87584609985352,1.3581598,0.36073957611233615,-3.5178761759729746,111057.4296875,5.096356451209425,2460808.007256076
2460808.0106313913,1.0052096915567206,0.0023980665183202907,99.7804962158203,1.35847,1.9492047376125494,-5.23608831135029,111057.4296875,5.512619357961695,2460808.0073627895
2460808.0107377437,1.0010900457410203,0.002462930359327422,98.59402618408203,1.358756,0.5818359218878725,-2.8662877835559954,111057.4296875,4.094028545642778,2460808.0074691437
2460808.010844304,1.0109953712900075,0.0024641796277046074,98.01834411621094,1.3590638,-0.5373551700460262,-1.7808022625946693,111057.4296875,4.4041431405067035,2460808.007575706
2460808.0109507726,1.0040865804884618,0.0024670871350417393,97.51685218811035,1.3593725,0.9977873338729517,-2.244187337375009,111057.4296875,4.4623933157715605,2460808.007682176
2460808.0110573797,1.0006462191927694,0.0024575051009832335,97.86676750183105,1.3596773,0.5245708207778216,-1.8506479278217427,111057.4296875,4.661845757779535,2460808.007788785
2460808.011164033,1.003893902161129,0.0024498837279979036,96.74508056640624,1.3599891,1.2582185643289374,-2.66892703169449,111057.4296875,4.667266727056781,2460808.00789544
2460808.0112716006,1.0009931592584844,0.0024590958026827273,96.14222564697266,1.3602925,1.8557088158291652,-3.86979413714942,111057.4296875,4.643407077055378,2460808.0080030095
2460808.011378184,1.0058318487022448,0.0024567491914500917,96.69798622131347,1.3606037,0.7077083124058269,-2.3436196331852255,111057.4296875,4.969842563224971,2460808.0081095947
2460808.0114860064,1.0086702868247233,0.0024635722032965088,96.21578559875488,1.3609153,1.470233577592007,-3.649422590669925,111057.4296875,4.360692137675107,2460808.008217419
2460808.0115926247,1.004108624535499,0.0024583535917226383,96.53658714294434,1.3612261,1.3643190674319752,-2.1734783425134934,111057.4296875,4.956025781460329,2460808.008324039
2460808.0116992434,1.0089262075734906,0.002452474793044559,96.99671020507813,1.3615364,1.3459687692247007,-3.4650196152134476,111057.4296875,4.824991855720142,2460808.00843066
2460808.0118057346,1.004872941253389,0.002441316430904535,96.99893722534179,1.3618322,0.30823458889931277,-4.698428144182298,111057.4296875,5.210327025134923,2460808.008537153
2460808.011912214,1.0072854656979764,0.00242684190245307,96.43645210266114,1.3621513,0.9768610542322083,-2.955769801186342,111057.4296875,5.7558134220642145,2460808.008643634
2460808.012125278,1.0032872971041715,0.002395824181005864,96.48006858825684,1.3627573,0.9452573058229767,-3.5293071322158087,111057.4296875,6.280291119136827,2460808.008856701
2460808.0122318966,0.999746501105435,0.002441341473068519,96.89295082092285,1.3630727,0.48457530646063535,-4.67411820800426,111057.4296875,4.904790370327944,2460808.008963322
2460808.0123383645,1.0062966276670162,0.0024464154322399343,96.45846290588379,1.3633885,0.9232724143419573,-1.9685583619894775,111057.4296875,4.842803325318079,2460808.0090697915
2460808.0124449832,1.0023984718156032,0.00245228682970568,96.2597152709961,1.3637018,1.2425892309798814,-3.6149306417002722,111057.4296875,4.570679025213903,2460808.009176412
2460808.0125514744,1.006870337628656,0.0024508062254080844,96.49900321960449,1.3639968,0.5143404732576733,-1.7597300332063341,111057.4296875,4.393447991825056,2460808.009282905
2460808.012681495,1.0050380210941696,0.0024560879872471053,96.1488754272461,1.3643796,0.7561578126196655,-2.99844361480777,111057.4296875,4.702881377549308,2460808.009412928
2460808.0127882874,1.009149849216648,0.0024320527650779876,96.0075698852539,1.3646955,1.3994667640427767,-4.03977780140324,111057.4296875,5.581763407826104,2460808.0095197223
2460808.012894686,1.0026393394394468,0.002423612692892258,96.88203201293945,1.3650117,1.815672473848014,-3.7135361402029363,111057.4296875,5.623250734863699,2460808.0096261227
2460808.0130016515,1.0083789901027813,0.0024253693911002335,97.25436248779297,1.3653272,0.7223199660747525,-3.3428341918765883,111057.4296875,5.492640290546404,2460808.00973309
2460808.0131090223,1.004008457219087,0.0024398831409474914,97.30555152893066,1.3656441,0.7916490375334775,-4.16885961954823,111057.4296875,5.149275003424948,2460808.009840463
2460808.013216833,1.0033874243150236,0.002400832413530533,96.54050827026367,1.3659613,1.2986751964541712,-3.1680954806276547,111057.4296875,6.130797000989301,2460808.0099482755
2460808.0133232786,1.0022745119563896,0.0024271526458814036,96.2182991027832,1.3662593,1.68852296453205,-3.9258224728709967,111057.4296875,5.3832799187638845,2460808.0100547224
2460808.0134298853,1.0059277445125754,0.002449437962805758,96.10217971801758,1.3665781,0.07842318981914792,-2.032165740027943,111057.4296875,4.51962903951421,2460808.010161331
2460808.0135364113,1.0048332347430498,0.002438806852249593,96.60010261535645,1.3668954,2.494810793626697,-4.469530295856178,111057.4296875,5.345697358213088,2460808.010267859
2460808.013643007,1.0057634938018842,0.002454411075902303,96.81179695129394,1.3672021,0.09602194486138406,-1.7698253472842453,111057.4296875,4.605605907064657,2460808.010374456
2460808.013749602,1.0075962591306311,0.0024441175538427633,97.49077377319335,1.3675256,2.385084539064138,-4.155839053857095,111057.4296875,5.260916004697843,2460808.010481053
2460808.0138561395,1.0072398179190178,0.002431368837379806,97.71070518493653,1.3678455,2.2038995480885277,-3.436102436728033,111057.4296875,5.6291469694718135,2460808.0105875926
2460808.0139627117,1.0075929123332266,0.0024422031328420754,98.20898551940918,1.3681622,1.65136244265887,-3.1701088993664563,111057.4296875,5.102870929333755,2460808.0106941666
2460808.0140692955,1.0038490425940922,0.002428551335496096,98.67506523132325,1.3684717,1.7320063795696918,-4.652329079578428,111057.4296875,5.322165140442173,2460808.0108007523
2460808.014389151,1.0098633904787986,0.0024192236699996593,96.11623954772949,1.36942,1.3065827249875588,-3.247589356551864,111057.4296875,5.592993431467654,2460808.011120613
2460808.0144968578,1.006971723961484,0.0024489193850777843,95.94759712219238,1.3697468,0.6094527350616823,-1.6637067725110832,111057.4296875,4.819831987397967,2460808.0112283216
2460808.0146035,0.9985919931659634,0.0024322349697712756,95.02616920471192,1.3700597,3.121280694660063,-4.223211981931331,111057.4296875,5.352270517863388,2460808.0113349655
2460808.0147101413,1.0097594489178747,0.0024453331333770985,95.6246841430664,1.3703743,0.7805383616874682,-1.9666100099387054,111057.4296875,5.474410836974991,2460808.011441609
2460808.014817153,1.004294626272894,0.0024353371706283306,94.92485885620117,1.3706971,1.189508075582832,-4.661262062227859,111057.4296875,5.0755736508476055,2460808.0115486225
2460808.014925786,1.009320253874442,0.002441091752160037,94.98823432922363,1.3710193,3.0877985815902624,-3.912414503990335,111057.4296875,5.215013653830218,2460808.011657257
2460808.0150322886,1.0056896898307524,0.0024417914203733976,95.14093627929688,1.3713434,0.467610795849167,-2.7778494574640202,111057.4296875,5.051162517585766,2460808.0117637618
2460808.0151388836,1.0062993219881002,0.002426207573020898,95.39641952514648,1.3716578,1.79449347327382,-3.8265520623938105,111057.4296875,5.453482457296389,2460808.0118703586
2460808.015245352,1.0045340955972006,0.002432977262702779,95.62512817382813,1.3719924,0.9579494307839866,-3.909941386175408,111057.4296875,5.6082752329094205,2460808.011976829
2460808.0153532205,1.0073183588874453,0.002450002318037554,95.23501396179199,1.3723058,0.9927416999487658,-2.4522438764104653,111057.4296875,4.73591135466843,2460808.0120846992
2460808.0154596767,1.0100134760698736,0.00246145812750056,95.74344024658203,1.3726183,-0.23544492431368308,-2.93392532248895,111057.4296875,4.359764386147066,2460808.0121911573
2460808.015566307,1.0022973856967274,0.002435519535771676,96.59542884826661,1.3729425,1.9750010925703168,-4.783404349317031,111057.4296875,5.1153827067924285,2460808.0122977896
2460808.01567274,1.0064835553570233,0.00242646201508627,96.83738479614257,1.3732692,0.6899482053665278,-3.787457199802813,111057.4296875,5.483260578788042,2460808.0124042244
2460808.0157815926,1.0039029322610753,0.002465763692124487,97.02499580383301,1.3735947,0.5941235013783174,-2.5579565936274307,111057.4296875,4.228538689986971,2460808.0125130787
2460808.0158881997,1.0054078119691603,0.002472342721633969,97.23108978271485,1.3739193,-0.7179282824107311,-2.7116547620797076,111057.4296875,3.907497065181342,2460808.0126196877
2460808.0159947723,1.0051020907325583,0.002471913462787039,97.2598430633545,1.3742453,-0.07285792109277729,-2.799834087316432,111057.4296875,3.9261232601810976,2460808.0127262617
2460808.0161013673,1.0078727979862068,0.0024679072701913976,97.09651145935058,1.3745608,1.0310317151768666,-2.684954510754927,111057.4296875,4.221013335387638,2460808.0128328586
2460808.0162079167,1.0073824954159223,0.0024654463003399183,96.59137306213378,1.3748823,1.5414876370509578,-2.2926799439934564,111057.4296875,4.21653226799334,2460808.01293941
2460808.016314558,1.0037856573503676,0.0024577361799393606,96.69338150024414,1.3752105,0.9448842427769294,-2.442154465325385,111057.4296875,4.477322844817608,2460808.0130460532
2460808.0164213274,1.005393573356771,0.0024661433733435246,96.51378364562989,1.3755443,0.6715092668507566,-2.7265065648768574,111057.4296875,3.996042028484009,2460808.0131528242
2460808.016528721,1.0059763605765346,0.0024461659117326244,95.26232376098633,1.3758564,0.9846998900786841,-4.7508413558001745,111057.4296875,5.193171500841196,2460808.0132602197
2460808.016635305,1.0029474050887988,0.0024643450970996605,94.89082183837891,1.3761829,-1.1652218677011448,-2.3936242253110454,111057.4296875,3.91550620349358,2460808.0133668054
2460808.0167419002,1.008385138547635,0.0024746628538513307,95.25672454833985,1.3765108,1.6042128190476161,-2.500638411895854,111057.4296875,4.049755452241741,2460808.0134734027
2460808.0168484957,1.0032136694808877,0.0024554245729922373,94.8817123413086,1.3768382,1.088560454573745,-3.060692534106985,111057.4296875,4.474225509823733,2460808.01358
2460808.016955334,1.0065365914549718,0.0024647867024379542,95.36437606811523,1.3771679,-0.7054488376601626,-2.2862997496093516,111057.4296875,4.28345976496017,2460808.0136868404
2460808.017062647,1.006534314770929,0.002456777844200576,95.5599422454834,1.3775001,0.6470073419600945,-2.312657825514306,111057.4296875,4.308670204475203,2460808.013794155
2460808.017169335,1.0045789010725061,0.0024467343579413253,95.04404029846191,1.3778292,0.777989170826338,-2.7754025285946584,111057.4296875,5.0179503085509385,2460808.013900845
2460808.0172758377,1.0058348267759354,0.002463853908767012,94.84413414001465,1.3781482,2.318442416656667,-2.6325700198322863,111057.4296875,4.400015722762588,2460808.0140073495
2460808.017382283,1.0043742062144065,0.0024628551691455915,94.30088348388672,1.3784691,0.987712207279693,-2.6687603671877915,111057.4296875,4.084994582684968,2460808.0141137964
2460808.0174892833,1.0043392055781672,0.0024634602284135487,94.18662071228027,1.3787991,1.1220792823074874,-3.0211014260359574,111057.4296875,4.215744995813062,2460808.0142207984
2460808.0175965964,0.9997832205352445,0.002441348782437643,93.59600563049317,1.3791346,1.5759071837572052,-2.7413313253912897,111057.4296875,5.040132721274589,2460808.0143281133
2460808.0177032035,1.0081344867278224,0.0024547458714990903,93.1926815032959,1.3794699,-1.8088540876458592,-3.033378163006136,111057.4296875,4.7249516410828045,2460808.0144347223
2460808.0178097296,1.0098506663917564,0.002450472746625157,93.13615493774414,1.3797838,2.7473413804761795,-2.554622259805856,111057.4296875,5.752457910169111,2460808.01454125
2460808.0179164405,1.005249887796293,0.00244665304424994,94.20530967712402,1.3801163,0.7122027386823122,-3.91473113735307,111057.4296875,4.9789061390857965,2460808.014647963
2460808.018023383,1.0059119215888244,0.0024541275521063224,94.50284347534179,1.3804479,-0.10523135342267821,-2.4400647960046995,111057.4296875,4.534423343158598,2460808.014754907
2460808.0181306843,1.009092340696982,0.0024445359434191495,94.78075408935547,1.3807814,1.1319603421199493,-2.134668393996107,111057.4296875,5.210439537380239,2460808.0148622105
2460808.0182371987,1.006810095557818,0.0024434130252423145,94.48600425720215,1.3811172,1.3460346117206332,-2.671924496574285,111057.4296875,4.810319067915918,2460808.014968727
2460808.0183448475,1.0073510389239548,0.0024193758756779027,93.86074867248536,1.3814522,1.831059535620501,-4.261792847287244,111057.4296875,5.93785752563499,2460808.0150763774
2460808.018451547,1.0056187396598557,0.0024672617308555294,93.77270050048828,1.3817884,-0.9344970905505283,-1.4158357563839876,111057.4296875,4.110478767365188,2460808.0151830786
2460808.018558096,1.0065695411902713,0.002443404585012269,94.16070518493652,1.3821034,0.026211306559137486,-2.8364415759649315,111057.4296875,4.965989342161078,2460808.01528963
2460808.0186646683,1.004812538276908,0.0024179681138862944,93.80819625854492,1.3824379,0.8611393596400908,-3.7715530068328214,111057.4296875,5.556777480702573,2460808.015396204
2460808.0187713336,1.0112312942121306,0.0024467004223957594,94.02444381713867,1.3827733,1.3296136968974464,-2.9339157906502806,111057.4296875,4.628386727117353,2460808.0155028705
2460808.0188780213,1.006591108658431,0.002455659974187702,94.43883399963379,1.3831138,0.7034319658109944,-2.245978106404311,111057.4296875,4.430101084428562,2460808.01560956
2460808.018984316,1.0024260818571795,0.0024335978156746325,94.51892623901367,1.3834346,-0.10794920406429938,-2.144310369555165,111057.4296875,5.277757515136984,2460808.0157158566
2460808.019090934,1.0074850968354778,0.0024218739328910797,94.43083152770996,1.3837658,2.525914368145236,-5.1143623638152675,111057.4296875,5.500687458591183,2460808.0158224767
2460808.0191975296,1.0065539843120543,0.0024523196248567238,94.64212951660156,1.384111,0.45093848246958024,-2.3159517697038745,111057.4296875,4.344969293059727,2460808.015929074
2460808.019304102,1.0062163539165951,0.0024120109556295733,94.74872436523438,1.3844505,0.7452954670791709,-3.2823117045621983,111057.4296875,6.043315998118232,2460808.016035648
2460808.0195173738,1.0081610377330694,0.0024516463087330817,94.33593368530273,1.3851128,-0.7914625513746751,-2.3113557566029397,111057.4296875,4.176389131547133,2460808.0162489237
2460808.0196239343,1.0010016987806256,0.00240607303864922,94.81636238098145,1.3854524,2.595994935403432,-4.535401306288257,111057.4296875,5.644739149781507,2460808.016355486
2460808.0197305065,1.001033709456306,0.0024427850539703298,94.71664428710938,1.3857902,0.9495147758430489,-2.3243049753522067,111057.4296875,4.483721613243568,2460808.01646206
2460808.0198382246,1.0103606523322204,0.0024505042883484762,94.60902061462403,1.386128,1.2634955002660584,-2.3909614914334236,111057.4296875,4.775309312793438,2460808.01656978
2460808.019944843,1.005797226469127,0.0024600413885158385,94.34611778259277,1.3864667,0.05352238025682236,-2.909608740637301,111057.4296875,4.086107025227127,2460808.0166764003
2460808.020051381,1.0047011126180698,0.002442245236426526,94.54765396118164,1.3868065,0.6423026163754086,-2.3970479422150257,111057.4296875,4.798805865268292,2460808.01678294
2460808.0201581386,1.0071719196347209,0.002443056514177206,94.72620162963867,1.3871252,0.8921318007654536,-2.304333432046353,111057.4296875,4.7071567742608025,2460808.0168896993
2460808.020266933,1.0069913810067428,0.002455371893940351,95.00768699645997,1.3874858,0.06948195536514712,-2.8531834279877466,111057.4296875,4.624315338075163,2460808.0169984954
2460808.02037347,1.003452950212311,0.002440539428171434,94.88400154113769,1.3878212,0.6692590161022027,-3.8327365343253006,111057.4296875,4.954588617973519,2460808.0171050346
2460808.0204800195,1.005253234042814,0.002438596239957183,94.4183738708496,1.38815,0.0045215715954571856,-3.026396682373627,111057.4296875,5.128808194485244,2460808.017211586
2460808.020586626,1.004495892273355,0.0024352095750913927,94.56580657958985,1.38849,2.197416124135184,-4.8595038530575305,111057.4296875,5.146192334893281,2460808.0173181943
2460808.020693083,1.0072632112879525,0.002429471105583516,94.36236457824707,1.3888327,0.6893427242797869,-2.0598794237380713,111057.4296875,5.463187857698394,2460808.017424653
2460808.020799655,1.004194702528454,0.002447391296132537,94.51218528747559,1.3891776,0.4654575043810604,-2.7248716668765187,111057.4296875,4.564374333731186,2460808.017531227
2460808.020906262,1.0029713284166333,0.0024509275645110727,94.92725448608398,1.38952,-0.11513874352415665,-2.8016285581430247,111057.4296875,4.538194085516301,2460808.017637836
2460808.021012811,1.0069911540694148,0.0024464727131815593,94.26119041442871,1.3898638,1.8141844408720151,-2.7920357877345796,111057.4296875,5.264300115154062,2460808.0177443866
2460808.021119314,1.0011246715818738,0.002441306570666897,94.41555900573731,1.3901965,0.6326053855730264,-4.146786975963878,111057.4296875,5.15870865025338,2460808.017850891
2460808.021226002,1.0095587097341274,0.002433619791890201,94.61026153564453,1.3905295,0.9139002516481378,-2.4130049157022353,111057.4296875,4.77972336062589,2460808.017957581
2460808.0213324465,1.0085412421695672,0.0024491708467322447,94.13313903808594,1.3908772,0.6034529191082646,-2.969528405303023,111057.4296875,4.675055445771664,2460808.0180640277
2460808.0214389963,1.0093835056969416,0.0024360172822311724,94.0858325958252,1.3912268,1.3232395124533713,-3.0412517505788736,111057.4296875,4.940276744646283,2460808.018170579
2460808.021545499,1.0097175415912647,0.002420884530836493,94.26904411315918,1.3915628,1.7470096516229006,-4.298540453866686,111057.4296875,5.919500350408612,2460808.0182770835
2460808.021652094,1.0113227826975215,0.0024483668791014696,94.36835098266602,1.3918968,0.713899416828972,-4.895950441230018,111057.4296875,5.159408239354998,2460808.0183836804
2460808.021758713,1.0077358061896504,0.002461027588288158,93.96175765991211,1.3922441,0.3564508393600478,-2.9063701391866337,111057.4296875,4.317106840569853,2460808.018490301
2460808.0218652734,1.0047594251318874,0.00244564080223436,94.38476066589355,1.3925897,0.6578425473492262,-2.4787115101076083,111057.4296875,4.959334584317469,2460808.0185968634
2460808.0219717645,1.006202190817067,0.0024635270356823933,94.99860534667968,1.3929341,0.18884990349273253,-3.438029490750099,111057.4296875,4.1223907864713425,2460808.0187033564
2460808.0220782673,1.0038950208869253,0.002454260264378917,95.01774215698242,1.3932763,0.8604258234594684,-2.8304500636581778,111057.4296875,4.409145639699935,2460808.018809861
2460808.0221848744,1.0061871040980763,0.0024699128428332727,95.28257179260254,1.3936135,0.4203802729841992,-2.158343357860996,111057.4296875,3.8900229125009447,2460808.01891647
2460808.0222926848,1.0069760021060588,0.002460288954407806,95.3060089111328,1.3939713,-0.5142564766918346,-2.0505644885175283,111057.4296875,4.233838073107582,2460808.019024282
2460808.022399176,1.008145919680656,0.002435113206757244,95.32320365905761,1.3943086,2.5690562956431116,-4.203711332062054,111057.4296875,5.281592709549403,2460808.0191307752
2460808.0225058408,1.0080884335483864,0.002428472917730801,95.36467018127442,1.3946569,1.3661118225306252,-4.138767104547723,111057.4296875,5.196768208776571,2460808.019237442
2460808.022612483,1.004579995882736,0.002437829074375986,95.33855972290038,1.3950098,-0.08580071988043841,-2.557268056458846,111057.4296875,5.113475811631773,2460808.019344086
2460808.022718997,1.0050444416272821,0.0024583335768198367,95.24211616516114,1.3953591,1.6006196985147496,-3.119302896880035,111057.4296875,4.401862071053446,2460808.0194506017
2460808.022825558,1.0059858930146337,0.0024625362900808578,94.96932334899903,1.3957094,0.9472682949377575,-2.0212677185003933,111057.4296875,4.107621745192873,2460808.0195571645
2460808.0229321187,1.0094242580124995,0.002453061154638759,94.99196586608886,1.3960517,1.3186396174642288,-2.747662837433939,111057.4296875,4.863493334723683,2460808.019663727
2460808.0230387026,1.0054836541383572,0.002456170353302184,94.9719955444336,1.3963925,0.3470476570279409,-2.4799658853385935,111057.4296875,4.4057757631007926,2460808.0197703126
2460808.023150263,1.0065414141188351,0.002448622294850251,95.07969856262207,1.3967711,0.5697440350459333,-3.306566526784483,111057.4296875,4.168152670951191,2460808.019881875
2460808.0232587564,1.007079170580444,0.0024632145312747512,94.97938385009766,1.3971142,1.0334579187761033,-3.014808659354441,111057.4296875,4.412093524541372,2460808.01999037
2460808.023365421,1.0075878657702944,0.00244902872656338,95.14613494873046,1.3974575,-0.5565615900275347,-2.768718928978792,111057.4296875,4.81836500482898,2460808.020097037
2460808.0234718896,1.0076095721613654,0.002464966147515165,94.61583290100097,1.397812,1.0244993675960397,-2.225572487798705,111057.4296875,4.170916769400027,2460808.020203507
2460808.023581089,1.0122968547070785,0.0024506622117724365,95.3851821899414,1.3981757,0.12125754487478926,-2.0946790632755827,111057.4296875,4.7036353101180755,2460808.0203127083
2460808.023688541,1.0078199700298205,0.0024545188444750642,95.04462776184081,1.3985174,-0.1911314142314873,-2.564063907947472,111057.4296875,4.746456779586788,2460808.020420162
2460808.023795032,1.0049719960021515,0.002464142482769224,94.31892852783203,1.3988715,1.0695361782975423,-1.4419846745055986,111057.4296875,4.020280033624369,2460808.020526655
2460808.0239016158,1.0054659293227624,0.002451066054711234,93.74564170837402,1.3992255,0.5610189365767566,-2.6644048491474264,111057.4296875,4.3618405844168135,2460808.0206332407
2460808.0240081763,1.004484405843154,0.002457122158726317,93.79023208618165,1.3995801,-0.2886510158191796,-2.676493102822693,111057.4296875,3.9928893456116112,2460808.020739803
2460808.024118256,1.004075896628193,0.0024487172702509457,93.63415336608887,1.3999363,1.241102962470975,-2.663234698807507,111057.4296875,4.337974011733824,2460808.0208498845
2460808.0242248857,1.0053146740314964,0.002468849416073298,93.44552116394043,1.4002911,0.3848034314270691,-2.158212118007118,111057.4296875,3.893905792802374,2460808.0209565163
2460808.024331504,1.0088506451858033,0.0024748021398403454,93.10099372863769,1.400646,0.5684471955917069,-2.5331916457681403,111057.4296875,3.8550088263038864,2460808.0210631364
2460808.0244381228,1.0019347242172199,0.0024548981811888266,93.19570274353028,1.4009842,-0.4293404341530142,-3.024375521998579,111057.4296875,4.218457986763254,2460808.021169757
2460808.024544741,1.0085181501647658,0.00245904432762414,92.98208580017089,1.4013499,2.2555587748121084,-2.721057422284,111057.4296875,4.486346248149867,2460808.021276377
2460808.0246515796,1.0041507969847354,0.002464175354733638,93.18597068786622,1.4016954,0.35370579206188946,-2.4556067028543116,111057.4296875,3.83442029744025,2460808.0213832175
2460808.0247580595,1.0058357654535215,0.0024689903443225907,93.51594963073731,1.4020505,0.4181239373882763,-2.7321013097583515,111057.4296875,3.9592573914758686,2460808.021489699
2460808.024864574,1.0064328391604562,0.0024666683795282543,93.95070877075196,1.402405,-0.11724132494322327,-2.344437751056844,111057.4296875,3.9948344257671624,2460808.021596215
2460808.0249710074,1.0056991086948113,0.0024575786618259592,94.30434684753418,1.4027621,0.4027404090820658,-3.149770189541677,111057.4296875,4.744027152609033,2460808.0217026505
2460808.025077568,1.0088004889285382,0.0024367502197775105,95.11140747070313,1.4031195,1.977894313735346,-4.369035289929389,111057.4296875,5.350793553361824,2460808.021809213
2460808.0251842444,1.005887508603666,0.0024323101647265835,94.90144195556641,1.4034832,0.24047714353073857,-2.6975631917205454,111057.4296875,5.325114720707406,2460808.021915891
2460808.0252907355,1.0031196863327305,0.002418414647307514,94.94287414550782,1.4038456,0.41433551170979566,-3.676218973281033,111057.4296875,5.319311621584224,2460808.022022384
2460808.0253973193,1.0079314051084576,0.0024474046098030403,94.57539749145508,1.404182,0.8829462342376878,-2.70651012073478,111057.4296875,4.952699345123477,2460808.02212897
2460808.025503799,1.0038597472159938,0.002398730802211259,94.33481483459472,1.4045434,1.8479703371579599,-4.110835638225045,111057.4296875,6.063982362401312,2460808.0222354513
2460808.0256102206,1.007322502857617,0.002448679552804164,94.66895751953125,1.4049032,-0.5101099928346459,-2.24417732541028,111057.4296875,4.945965079838911,2460808.022341875
2460808.025716793,1.000204073614316,0.0024468490843462124,94.52388420104981,1.4052642,-0.086661405166788,-2.4922488895772723,111057.4296875,4.743652728967465,2460808.022448449
2460808.025825842,1.0043852372739486,0.002452538557274847,94.67818336486816,1.4056256,1.6745330215086796,-3.037239819100314,111057.4296875,4.712737675838102,2460808.0225575
2460808.025932252,1.006100945738267,0.0024191612850986426,94.59176902770996,1.405986,1.3470758543546495,-4.061937968555964,111057.4296875,5.624731166808025,2460808.022663912
2460808.0260388246,1.0095351430693345,0.002459143878419464,94.41121063232421,1.4063477,0.06578025273142865,-2.621270787539902,111057.4296875,4.259100486191837,2460808.0227704863
2460808.0261453507,1.0059007682658583,0.002428483467630403,94.28685150146484,1.406711,3.16232246728728,-4.039054294944793,111057.4296875,4.854656775739466,2460808.022877014
2460808.0262519345,1.0040021168291022,0.0024568975065231272,94.28259239196777,1.4070542,-1.0459232927560946,-2.4136328359079746,111057.4296875,4.1368558147685315,2460808.0229835995
2460808.026358449,1.0070481991442823,0.0024222820801765824,93.95078163146972,1.4074173,0.5212945625972338,-3.6542717525601147,111057.4296875,5.271941280528482,2460808.0230901157
2460808.0264685513,1.00695608291737,0.002441784347115825,93.74683532714843,1.4077963,1.6603170380975643,-4.320997322040552,111057.4296875,4.798935258520914,2460808.02320022
2460808.0265769404,1.00142778039438,0.0024210536049075948,94.10375747680663,1.4081519,0.03139756943975828,-3.892529018259714,111057.4296875,5.433013528278346,2460808.023308611
2460808.0266848668,1.0060366420910432,0.0024394156416714732,94.05666580200196,1.4085169,0.17540124132817517,-4.0072971310604,111057.4296875,4.941358246138671,2460808.023416539
2460808.0267965663,1.0032108661991077,0.002434464117455759,93.71807861328125,1.40891,0.7328238607779332,-3.4148673923605752,111057.4296875,5.063344395457941,2460808.0235282406
2460808.0269053956,1.0032581518152193,0.0024544906664529663,93.39835357666016,1.4092761,0.39957979690047685,-2.5534742336134495,111057.4296875,4.474022596717006,2460808.0236370717
2460808.0270120255,1.0068877665849423,0.0024236799741765643,92.9709243774414,1.409644,1.7944682129080318,-4.818698847520818,111057.4296875,5.413982204476794,2460808.0237437035
2460808.0271187252,1.0067570707826028,0.0024006280285306814,93.25828056335449,1.4099881,1.1490302545723183,-4.436514360816269,111057.4296875,5.546421247310301,2460808.023850405
2460808.0272251815,1.0057430272850165,0.002430109950592619,92.90889053344726,1.4103599,0.9585685995236795,-3.115333909520239,111057.4296875,5.096855358424104,2460808.023956863
2460808.027334254,1.0084985160276754,0.002433061334994335,93.26177673339843,1.41074,0.5369844683374512,-2.2034659571811543,111057.4296875,5.138049786427745,2460808.0240659374
2460808.0274409996,1.0062768355180465,0.002435655782429642,93.11648635864258,1.4111087,0.25840710611184253,-4.070975151328903,111057.4296875,4.909646623065715,2460808.024172685
2460808.027547479,1.0033971883681034,0.002453346828806605,93.23936614990234,1.4114531,-0.4457888433284462,-2.460191087990401,111057.4296875,4.204584613098908,2460808.0242791665
2460808.0276544103,1.0033927778172451,0.0024481088110087767,93.4227222442627,1.4118325,1.5232963588213944,-2.212457289075854,111057.4296875,5.054959811968999,2460808.0243860995
2460808.0277619315,1.0057155614393567,0.0024322226801392305,93.73242492675782,1.4121885,1.3909475423952795,-4.752411164247691,111057.4296875,5.059545668331997,2460808.0244936226
2460808.0278686197,1.0034716928363867,0.002431757153292504,93.76901626586914,1.4125566,1.9839644702162706,-2.5752919704557535,111057.4296875,5.322930738226053,2460808.0246003126
2460808.0279760947,1.0033593887569532,0.0024505029659781913,93.74985771179199,1.4129278,0.4431037185695432,-3.43974391993634,111057.4296875,4.6018095610975545,2460808.0247077895
2460808.0280827247,1.0061202093127777,0.002466608783291865,93.83875198364258,1.4132987,0.5025923140297113,-2.7464089781103453,111057.4296875,4.068429145683961,2460808.0248144213
2460808.0281893318,1.0061798521849163,0.002465020484505542,93.57758483886718,1.4136704,0.5178474704837331,-3.8469228849912973,111057.4296875,4.152940328144371,2460808.0249210303
2460808.0282958113,1.0063559867613387,0.0024253226443455233,92.9606159210205,1.4140337,2.1872137334065096,-4.181795557660813,111057.4296875,5.23854395674466,2460808.0250275116
2460808.028403541,1.0047751322278442,0.0024679050008813495,92.79576263427734,1.4143948,0.1317865230084675,-1.8210301461702458,111057.4296875,3.8428371672506128,2460808.025135243
2460808.0285113403,1.0086122885941886,0.0024681232802126886,92.78308715820313,1.4147665,1.9330936952936706,-3.8160361205855122,111057.4296875,4.243536097437003,2460808.025243044
2460808.0286178314,1.007523991353811,0.0024664630530428005,92.76282958984375,1.4151388,0.3603757547421852,-2.35315478976592,111057.4296875,4.142545525179021,2460808.025349537
2460808.0287246816,1.0047691587481289,0.0024616459570674224,92.79693145751953,1.4155117,-0.036502555853983376,-3.332470459666125,111057.4296875,4.217583179185438,2460808.025456389
2460808.028831416,1.0025042290793609,0.002464086873079965,93.11706886291503,1.4158892,-0.0722319496985655,-3.0361800581959835,111057.4296875,4.306533718094105,2460808.025563125
2460808.028938694,1.0053694563131763,0.002462248489500901,92.65907707214356,1.4162636,0.7177028003641351,-3.3181317247037114,111057.4296875,4.2576355216994,2460808.025670405
2460808.029046493,1.009313170195406,0.002466944751999763,92.1164623260498,1.4166356,0.04199914945230537,-2.502887572509842,111057.4296875,4.2749347774006905,2460808.025778206
2460808.0291529843,1.0052385269730983,0.0024641885499830435,91.67155723571777,1.4170103,0.5283259876630217,-2.848082821695208,111057.4296875,3.904987476777258,2460808.025884699
2460808.029259788,1.006570356922403,0.0024630022883318997,91.75769081115723,1.4173604,0.5040593464035094,-3.2605972643006145,111057.4296875,3.967126514289567,2460808.0259915045
2460808.0293661053,1.0055353794779134,0.002460796135603994,91.89399566650391,1.4177354,0.5763963886069269,-3.0431593066534917,111057.4296875,4.261927766880472,2460808.026097824
2460808.029472886,1.0090349691068925,0.002472311593714059,92.41026191711425,1.4181098,-1.0809801613501422,-2.4440678146979535,111057.4296875,3.676201814945109,2460808.0262046065
2460808.02958028,1.0063197939896373,0.0024588877130646072,92.40802192687988,1.418484,1.1540627604045695,-2.7501148772378152,111057.4296875,4.603844418267329,2460808.0263120024
2460808.029686783,1.007519675656526,0.002458340367845226,92.2976245880127,1.418861,0.4779529422174838,-3.09380189651111,111057.4296875,4.465945247198459,2460808.026418507
2460808.0297939917,1.0032461211092907,0.0024100057258599635,92.5510971069336,1.4192216,1.9063451700293257,-4.056863883181797,111057.4296875,6.172734117049809,2460808.0265257177
2460808.0299011655,1.004751941980584,0.002467547009005922,92.36944923400878,1.4196099,-0.33173915415547417,-1.9682528767618348,111057.4296875,4.596992017374862,2460808.0266328934
2460808.0300077493,1.001134457592974,0.002467050219286299,91.9382453918457,1.4199854,0.566611703403027,-2.8311788684472483,111057.4296875,4.026039313042903,2460808.026739479
2460808.030115942,1.009877241428467,0.0024616194625959125,91.72974319458008,1.4203627,0.8409609408746155,-3.548850088506466,111057.4296875,4.354022093507757,2460808.0268476736
2460808.0302231745,1.0064343179020687,0.0024295547007470277,91.57565231323242,1.4207424,2.1164878848871274,-4.704157047501677,111057.4296875,5.372524110643298,2460808.0269549075
2460808.0303297117,1.0093263165180413,0.002435315851040157,91.74140701293945,1.421122,1.3423848263265687,-4.229748254154063,111057.4296875,5.244710857250949,2460808.0270614466
2460808.030436261,1.007820677460754,0.0024600632423985402,91.44967422485351,1.4215028,0.8503791309392805,-3.6316039522488475,111057.4296875,4.304804361590634,2460808.027167998
2460808.0305429487,1.0082947455520002,0.0024446436598679145,91.25188789367675,1.421861,1.4039328955608577,-2.2120639175746817,111057.4296875,4.871248517985098,2460808.0272746873
2460808.030649498,1.004015369511065,0.002462676469987972,91.34937057495117,1.4222436,-0.21684877688860477,-2.28622486669796,111057.4296875,4.2614222002381545,2460808.0273812385
2460808.0307560703,1.0056858949461749,0.0024703865631231807,91.09738883972167,1.4226225,0.2761805606445355,-3.1624803699131463,111057.4296875,3.503732913252497,2460808.0274878126
2460808.0308628506,1.0134225333898175,0.0024692339128877016,91.42032775878906,1.4230009,0.652111626351918,-2.3766591030161486,111057.4296875,4.06776923727345,2460808.0275945948
2460808.0309692607,1.0104756299359812,0.0024675732443610664,91.19339065551758,1.4233799,0.48226244068148216,-3.581669384544743,111057.4296875,3.7933176119854752,2460808.0277010067
2460808.0310758795,1.0053730780673737,0.0024667284688379837,90.8995460510254,1.42376,0.8587316480675148,-1.9608554465262682,111057.4296875,4.134160873849319,2460808.0278076273
2460808.0311824866,1.0028289511703568,0.0024582718082335597,91.16063117980957,1.424141,0.0999553487256029,-3.5665436531209673,111057.4296875,4.267351891096439,2460808.0279142363
2460808.0312891975,1.011620249668616,0.002433877384968172,91.31691818237304,1.4245081,2.3763737948769954,-3.3691341160542887,111057.4296875,5.206925270540865,2460808.028020949
2460808.0313955727,1.0086333418293698,0.00245546535662411,91.23210945129395,1.4248899,1.0099448351042377,-3.3598064710187026,111057.4296875,5.046376425887868,2460808.028127326
2460808.0315021453,1.0105824787975706,0.002461725498219999,91.40220680236817,1.4252718,0.3509394701015062,-1.9559797714842968,111057.4296875,4.173686524815728,2460808.0282339007
2460808.03160881,1.0042949925114903,0.0024480553234791373,91.51855125427247,1.425655,0.10562188146558878,-2.677215159369276,111057.4296875,4.408262364408048,2460808.028340567
2460808.031715302,1.0084292739815592,0.0024420226182766762,92.08243446350097,1.426026,0.07505475890943489,-3.0942369368266336,111057.4296875,4.827337816144267,2460808.0284470604
2460808.0318219434,1.0079658447734574,0.002447733438562967,92.16548309326171,1.4263962,1.069259146949177,-3.3683154126401282,111057.4296875,4.596892590233649,2460808.028553704
2460808.031928504,1.0024066247859662,0.002443071430975148,92.75534362792969,1.4267807,0.23905395806535418,-2.8059496968981277,111057.4296875,4.755404864256963,2460808.028660266
2460808.032035053,1.0029408805934061,0.0024525091057725173,93.33786239624024,1.4271702,-0.3257906061640952,-3.083698994298172,111057.4296875,4.510080257154244,2460808.028766817
2460808.032141625,1.0096586787531554,0.0024552395344156356,93.4537368774414,1.4275545,0.4017176952725635,-2.987917392008774,111057.4296875,4.614151672877382,2460808.028873391
2460808.0322480816,1.0077356169276805,0.002460778603122879,93.72716979980468,1.4279386,1.1292546034041406,-3.446869454712445,111057.4296875,4.313735987132382,2460808.0289798495
2460808.032354804,1.0064938697068977,0.0024554656026567544,93.9522632598877,1.4283246,0.08950594720790324,-3.5848620756182537,111057.4296875,4.350942141346006,2460808.029086574
2460808.0324611682,1.0066109008258428,0.0024377811637873456,93.4998680114746,1.4286936,2.481373071642121,-4.151180285901359,111057.4296875,5.133339948368316,2460808.02919294
2460808.0325689674,1.0070893894166157,0.0024326766958805046,93.39273834228516,1.4290921,0.12037538169583027,-3.920100359162779,111057.4296875,5.2673712530642725,2460808.029300741
2460808.032680088,1.0089323211791563,0.0024414048207277925,92.59689216613769,1.4294858,0.06869336146823962,-4.410532341978026,111057.4296875,4.680406622738075,2460808.0294118635
2460808.032787621,1.0063472450144193,0.002426815616771804,92.09385108947754,1.4298723,0.3289118786274708,-1.9262160338706038,111057.4296875,5.312853729235703,2460808.029519398
2460808.0328946444,1.0093733097059954,0.0024351027537282475,91.87104988098145,1.4302589,-0.23901174914561862,-3.173912161233953,111057.4296875,5.103159904642945,2460808.0296264235
2460808.0330035663,1.0089537876691763,0.0024478348794396677,91.98656005859375,1.4306646,-0.4361850126602368,-2.2862679094248746,111057.4296875,4.8041544803848355,2460808.0297353473
2460808.0331125343,1.0121969154704933,0.0024547864150612528,92.02825508117675,1.4310561,1.2296850829527168,-2.832889088897147,111057.4296875,4.400280049565619,2460808.029844317
2460808.033218991,1.0066418071824002,0.002457405923079028,92.21082916259766,1.4314271,-0.2876648885339705,-2.5367031841278296,111057.4296875,4.260272415705953,2460808.0299507757
2460808.0333255283,1.0089405747806928,0.002445737980975368,92.37947158813476,1.4318238,1.3612048272975152,-3.4056915101902976,111057.4296875,4.550846173347554,2460808.030057315
2460808.033432147,1.0038274451007654,0.00242108835722117,92.94334526062012,1.4322161,1.0117799887528383,-2.7742702441057276,111057.4296875,5.549839939127795,2460808.0301639354
2460808.033538661,1.0099762966843582,0.00243579947470703,92.98458213806153,1.4325968,0.2466854138268026,-2.9079968233692344,111057.4296875,4.764340576283829,2460808.030270451
2460808.0336452685,1.0087380774289898,0.0024380028143667805,93.05655632019042,1.4329777,1.7048920815623063,-2.6921894135116826,111057.4296875,4.990274331973034,2460808.03037706
2460808.0337530677,1.006169344288686,0.0024224555071655786,92.61191177368164,1.4333707,1.2498563325274445,-4.360756031965164,111057.4296875,5.144621605824041,2460808.030484861
2460808.0338596283,1.0048670044607986,0.002403940913580242,93.69965209960938,1.4337633,2.3894467163853323,-4.698381636086229,111057.4296875,6.374910642251051,2460808.0305914236
2460808.0340727726,1.0071606742122625,0.002415880844874175,92.18518905639648,1.4345482,1.665467538860382,-4.068357621213006,111057.4296875,5.711777330767503,2460808.0308045717
2460808.0341793797,1.0079014412872778,0.002429644793062631,92.8243194580078,1.4349448,0.17690207831125826,-3.0305181242579975,111057.4296875,4.881569903225435,2460808.0309111807
2460808.0342859053,1.0098792740092235,0.0024451195803132744,94.80380401611328,1.4353159,-0.025890052899870317,-2.4858025423279075,111057.4296875,4.6229002874591,2460808.031017708
2460808.034392478,1.0077969761602588,0.0024251782038218236,90.35867347717286,1.4357126,0.8850649831822978,-4.090479197862372,111057.4296875,5.275169439557814,2460808.0311242826
2460808.0345002073,1.0114987337834431,0.002448411049937436,92.26360359191895,1.4361079,1.186607540089785,-2.560509334275649,111057.4296875,4.408702691659192,2460808.031232014
2460808.034606756,1.0075177127962027,0.002454382764864394,90.0257698059082,1.4365036,0.6445072000181447,-3.5559469623596427,111057.4296875,4.257758104796883,2460808.0313385646
2460808.0347133866,1.0065500949081492,0.0024689715629708526,96.46557960510253,1.4368976,-0.22612815468869743,-2.6799308717166785,111057.4296875,3.758929849087318,2460808.031445197
2460808.034819866,1.0045883500732062,0.002466400103914667,96.88955039978028,1.4372955,1.01342784693351,-2.793734885420644,111057.4296875,3.9865331545784595,2460808.031551678
2460808.034926647,1.0091125911928431,0.0024526420708828847,99.06112861633301,1.4376665,0.7560375101194202,-3.1574985253208903,111057.4296875,4.620371394836986,2460808.031658461
2460808.035033057,1.0071041690136002,0.0024514202590503343,88.10212135314941,1.4380633,-0.4980683206324222,-2.834262102091913,111057.4296875,4.442699587677249,2460808.031764873
2460808.035140069,1.0051464496851714,0.0024576836220727093,89.26485748291016,1.4384646,0.7116524288711986,-2.6853816189657365,111057.4296875,4.13956473787124,2460808.0318718865
2460808.0352473822,1.0027607612411213,0.002458304144382524,88.15947914123535,1.4388649,1.4665082609487952,-2.315780608884045,111057.4296875,3.855904465074977,2460808.0319792014
2460808.0353538617,1.0068882498623601,0.002449127374804754,87.83633880615234,1.4392647,1.3418876057617313,-2.609412779775495,111057.4296875,4.393485123245982,2460808.0320856827
2460808.0354615916,1.0059090718813533,0.002449958824459349,88.32185859680176,1.4396519,0.871783968269584,-3.2205762394847075,111057.4296875,4.6862129261838765,2460808.0321934144
2460808.0355681404,1.0079155001996345,0.002455393799714688,92.07377624511719,1.4400619,1.4408837008973105,-2.1703782537975935,111057.4296875,4.261324908646968,2460808.032299965
2460808.0356747475,1.0024953146449185,0.002468108363699891,90.9,1.4404361,-1.0188194296769664,-3.223990254100783,111057.4296875,3.818144022854011,2460808.032406574
2460808.035781551,1.0081602108349925,0.002479071770879511,90.64336280822754,1.4408351,0.05355434075351771,-2.8737572218120073,111057.4296875,3.302272419751411,2460808.0325133796
2460808.0358895357,1.006462193209504,0.0024715502566217047,91.77245559692383,1.441249,0.8873649812337088,-2.6647827788684157,111057.4296875,3.7441600879257004,2460808.032621366
2460808.0359970103,1.0058352410625007,0.002460844354508543,91.0271598815918,1.4416368,0.3793885458315933,-3.1618450627048857,111057.4296875,3.932967667413748,2460808.0327288425
2460808.0361033743,1.0114289969563497,0.0024673653290589047,92.84312629699707,1.4420393,0.6032863920128605,-2.468893720946418,111057.4296875,3.9201912783094346,2460808.0328352083
2460808.0362100275,1.0092991135827467,0.002471022094337467,89.77727699279785,1.4424418,0.2170550049045998,-3.1642115469504377,111057.4296875,3.520856383142307,2460808.0329418634
2460808.0363176414,1.0032517437830863,0.0024690135434250527,88.69839706420899,1.4428483,0.8685976229763002,-3.9479231589665127,111057.4296875,3.675915851933674,2460808.033049479
2460808.036424306,1.0095810310038766,0.0024672218043608404,89.5520076751709,1.4432516,0.15173284357312436,-2.272000189513319,111057.4296875,4.150924383238073,2460808.033156146
2460808.036530809,1.010530864583575,0.002449947995039297,90.18813629150391,1.4436429,-0.9036210211501614,-3.0462328075095915,111057.4296875,4.652513590860566,2460808.0332626505
2460808.036638539,1.0062016591340215,0.0024548115494881922,89.62612762451172,1.4440359,2.031431205606864,-2.9706363924794017,111057.4296875,3.945995615804884,2460808.033370382
2460808.036745203,1.0071029464207732,0.0024622509051189572,89.54747085571289,1.4444502,1.152899986222528,-3.087624200939776,111057.4296875,4.034796740582961,2460808.0334770484
2460808.0368517986,1.004421112291276,0.0024586169823192228,92.26192970275879,1.4448589,0.6291948169341078,-3.635855522490682,111057.4296875,4.2285114930077325,2460808.0335836457
2460808.036958302,1.0078051908114338,0.0024476544655752854,95.81571464538574,1.445249,0.675029049050609,-3.3155608370943876,111057.4296875,4.761782772520159,2460808.0336901504
2460808.0370648624,1.007784473240078,0.0024667984982908162,94.99946594238281,1.4456391,-1.3518434862817164,-2.6787089197938334,111057.4296875,4.216409847285239,2460808.0337967128
2460808.0371715855,1.0069694590295488,0.002473779491957626,92.07243156433105,1.4460427,0.48968126137194884,-3.1660370244169664,111057.4296875,3.5578577462825036,2460808.0339034377
2460808.037278227,1.0098482328145264,0.0024795941448999153,89.96628456115722,1.4464572,0.183367084305073,-2.6824747282621653,111057.4296875,3.3924350293908363,2460808.034010081
2460808.037384857,1.0042252628791564,0.002472270530979979,89.35133323669433,1.4468634,1.554883606541774,-2.600937047124781,111057.4296875,3.5536538334296313,2460808.034116713
2460808.0374914175,1.0057924303238288,0.002462528015518844,89.78114051818848,1.4472595,1.0767691300524307,-3.3005803034447476,111057.4296875,4.246764929710263,2460808.0342232753
2460808.037599043,1.005672888480645,0.002447069460182048,90.41160202026367,1.4476572,0.8721401043175596,-1.8817379238815146,111057.4296875,4.939912977838373,2460808.0343309026
2460808.037705615,1.0023113015686351,0.0024679230722922884,91.46344718933105,1.4480688,-0.16680861745055467,-3.9998994813456314,111057.4296875,3.857781942092283,2460808.0344374767
2460808.0378121873,1.0018622290600532,0.0024596462063771517,91.9295051574707,1.4484798,0.3743569167355085,-3.693847179911984,111057.4296875,4.084556339133525,2460808.0345440507
2460808.0379187944,1.0066734620387545,0.0024557954538430176,91.94803276062012,1.4488731,-0.02724402695474914,-3.8043841766098536,111057.4296875,4.289177267539352,2460808.0346506597
2460808.0380252628,1.0099701005293886,0.0024560096863927468,92.3853759765625,1.4492813,0.5203456521740698,-2.7547683090380644,111057.4296875,4.153268531958007,2460808.03475713
2460808.03816695,1.0078611992087185,0.0024285222587860163,92.83799247741699,1.4498322,0.5860384756394752,-4.486241612728289,111057.4296875,5.152584752995551,2460808.0348988194
2460808.038273557,1.0069550982503463,0.0024223936422729598,93.490767288208,1.4502431,2.6643785224765106,-4.035954544406342,111057.4296875,5.128393104428478,2460808.0350054284
2460808.03838006,1.0088669589451909,0.0024387934377460884,93.59782333374024,1.4506384,1.1481090443399822,-3.171237377121767,111057.4296875,5.171456688477745,2460808.035111933
